lower_95,lower_90,lower_80,lower_50,pred,upper_50,upper_80,upper_90,upper_95,date,epiweek
91770.10552451559,93214.98730633267,94704.11364931411,96744.63437238763,98346.07080809415,99307.22212918552,99745.48494168805,99876.18824652694,99939.10274170632,2020-10-24,2020-10-18
80528.84926626044,83877.1376476023,87373.96575801968,92214.82963199833,96037.40356738496,98338.15597812319,99388.73965286472,99702.24376263558,99853.18183272178,2020-10-31,2020-10-18
78659.96351470577,82231.31034399392,85960.79278332023,91196.75183008808,95445.72659647572,98069.23827735058,99286.11083780321,99651.6652046732,99828.0695420123,2020-11-07,2020-10-18
78833.37204982717,82302.67758430382,85952.75625761671,91133.30182853011,95388.1991635037,98038.37249077047,99273.58132998248,99645.38383594483,99824.92568627524,2020-11-14,2020-10-18
83467.08079505111,86227.32673849861,89134.95476817783,93224.38216986525,96519.28298827983,98532.37160413293,99458.92553971961,99736.27799698443,99869.94895512232,2020-10-31,2020-10-25
64326.85688720299,69386.68153891304,75061.13047520888,83700.98690432888,91289.20225781544,96233.51984017863,98594.42896347317,99312.06120806817,99659.75858810561,2020-11-07,2020-10-25
68016.99009708507,72738.92126276052,77959.38913446318,85759.42863954345,92465.39800247541,96763.36629829118,98795.96437967692,99411.29559437992,99709.00836864421,2020-11-14,2020-10-25
69397.83984559074,74001.38139885769,79059.06854015475,86550.54839706564,92923.5596145958,96971.84075928196,98875.67203855835,99450.6066137998,99728.53378924172,2020-11-21,2020-10-25
90413.78653101617,92081.67661252659,93807.29791333959,96182.96663821289,98056.50100440839,99184.82650114145,99700.28579387155,99854.12931236652,99928.2017491928,2020-11-07,2020-11-01
81532.33219692075,84627.33656325126,87888.85968986798,92470.68337851632,96147.26198261189,98380.70120544956,99404.00409814953,99709.64215664708,99856.82691854269,2020-11-14,2020-11-01
74960.77729871942,78933.00241972903,83206.21640293152,89371.5015511329,94473.56721854917,97652.01581204585,99131.11768562508,99575.8974247154,99790.59789118715,2020-11-21,2020-11-01
65996.13877759274,70987.32129254016,76521.62146389138,84814.81935314315,91960.93784917505,96545.84915900805,98714.93316399721,99371.6478329052,99689.39140282314,2020-11-28,2020-11-01
90726.52267994682,92371.34047763536,94059.50515535644,96360.5049784556,98155.89027340678,99228.8179536668,99716.86381289354,99862.26833476307,99932.23534533402,2020-11-14,2020-11-08
83538.18340248687,86322.62924804317,89239.70668350805,93314.52415268253,96574.94206270954,98557.98515118178,99468.70470645471,99741.09511597313,99872.33983282781,2020-11-21,2020-11-08
78328.68343799218,81883.6706588627,85656.72436826685,91009.95659938201,95362.19649001195,98039.114077718,99276.03487338935,99646.9107248794,99825.75958865492,2020-11-28,2020-11-08
70779.62817036075,75294.79553353309,80204.85358661333,87381.85183974082,93401.12648479672,97186.45361116651,98957.08526707278,99490.65372897347,99748.39882368129,2020-12-05,2020-11-08
73062.24180288837,77285.44298400063,81850.49321826514,88475.50021629958,93991.5659693378,97442.97423509687,99053.00485577577,99537.64050916812,99771.66008461671,2020-11-21,2020-11-15
69429.17228867223,74079.44230091787,79166.38032620281,86658.89271749883,92995.88559706225,97006.29031813485,98888.99677390636,99457.19355457497,99731.80852692165,2020-11-28,2020-11-15
60832.60724102611,66340.35556545912,72547.59926478821,82040.47184276355,90399.98555545478,95849.77454910644,98451.44860581597,99242.10064366386,99625.14317876856,2020-12-05,2020-11-15
55638.0227124378,61545.01656281442,68334.40809676066,78983.76679913615,88625.08028066336,95042.6717424706,98143.15131838252,99090.10646896082,99549.66321460805,2020-12-12,2020-11-15
93118.88339746927,94361.370213633,95626.62971866412,97335.11906795132,98655.45390730294,99439.21605622454,99794.4315414455,99900.1054478082,99950.92899288825,2020-11-28,2020-11-22
68440.57395470474,73246.1525563082,78503.43941239543,86243.51937608555,92783.06700252378,96916.9613394016,98856.14309478212,99441.18105011081,99723.9007753611,2020-12-05,2020-11-22
70356.68768390655,74950.4503942051,79941.51524901263,87226.75933203049,93326.04450836556,97156.12659606917,98946.13954804411,99485.34970876585,99745.78681110017,2020-12-12,2020-11-22
75596.73599603922,79569.51267289168,83801.97693803729,89830.35370956808,94747.6637640164,97777.89918280738,99179.33909781046,99599.68642141586,99802.41471845332,2020-12-19,2020-11-22
83655.89686691666,86430.10318959864,89332.33915874558,93379.20099887639,96611.0430825057,98573.95421867877,99474.72235752654,99744.04955681383,99873.80403750906,2020-12-05,2020-11-29
70976.23354507974,75473.77652115263,80359.24623404877,87490.33288537405,93462.18873959608,97213.63396054001,98967.35980549843,99495.70301342163,99750.90239656212,2020-12-12,2020-11-29
74541.27676125303,78663.0519545537,83062.72466886957,89346.18469228705,94488.33626732904,97665.59127582522,99137.38844773357,99579.14207830656,99792.2452541331,2020-12-19,2020-11-29
66363.03256202266,71286.1333218784,76748.29556052365,84943.75932319408,92019.5964638559,96568.07362573539,98722.64356972264,99375.33434065932,99691.1946453203,2020-12-26,2020-11-29
92611.31810172273,93941.17527231034,95297.34651071625,97131.6920064636,98551.72067607359,99395.66206907727,99778.39695388022,99892.28711145143,99947.06709032583,2020-12-12,2020-12-06
84551.71845796188,87203.77669313105,89965.1413228999,93793.23152900512,96831.67923177351,98669.03603741092,99510.14190924964,99761.38034005537,99882.37911321968,2020-12-19,2020-12-06
73584.06007048485,77793.92345965203,82316.88962476965,88828.02760210948,94200.23789116733,97538.48086473843,99089.550043717,99555.66445127764,99780.61212883944,2020-12-26,2020-12-06
60023.08055902272,65731.55082581581,72138.78780623586,81869.94026047841,90358.72401212825,95846.83292210182,98453.0860921094,99243.31423811613,99625.84299683417,2021-01-02,2020-12-06
94219.85276953995,95270.85720190631,96337.78375932183,97773.16835126236,98878.32152236725,99532.66475951357,99828.81421158907,99916.86705452565,99959.20774390797,2020-12-19,2020-12-13
93140.6194492675,94379.82798831869,95641.45860313484,97344.57938684011,98660.3939966229,99441.31879171146,99795.21043511877,99900.48586625318,99951.11707519736,2020-12-26,2020-12-13
87911.5112023312,90026.11407118809,92209.87532211616,95207.95875501755,97564.27590922591,98979.44618291473,99624.89385117403,99817.40106048762,99910.06728211147,2021-01-02,2020-12-13
80109.45587796267,83412.84556397877,86900.94141245265,91819.10485181998,95791.72666598143,98223.85796849479,99344.80045098615,99680.55017382708,99842.40223542755,2021-01-09,2020-12-13
95340.81038338762,96193.4978442291,97056.58139676164,98213.75965711761,99101.64276424744,99626.09676782988,99863.15636310526,99933.60390206952,99967.47309434305,2020-12-26,2020-12-20
91767.08703644152,93242.18381883865,94749.52141991323,96793.19999901921,98379.09385597512,99323.17717383405,99751.71050745886,99879.27494011237,99940.63958294957,2021-01-02,2020-12-20
86903.34340662413,89179.56569738206,91536.84701021692,94784.00787255267,97344.82319780705,98886.48192949666,99590.5303382427,99800.6256443407,99901.77616168557,2021-01-09,2020-12-20
79994.35112409208,83313.69866677874,86820.02788251331,91766.28460616838,95763.61184869958,98211.74760276936,99340.28981110756,99678.34320122951,99841.31026989907,2021-01-16,2020-12-20
88447.27806773747,90475.84354542161,92567.29646934797,95432.99159402469,97680.71415163859,99028.75935840349,99643.11998097766,99826.2983113173,99914.46457175614,2021-01-02,2020-12-27
87290.34983234362,89501.2644464729,91789.95945503167,94941.19367743887,97425.28564020646,98920.34005472947,99603.00765273492,99806.71121887381,99904.78258760653,2021-01-09,2020-12-27
82407.94603128074,85371.71636980928,88482.143213387,92835.93440717668,96326.62377545555,98452.64135350239,99429.73934985699,99722.06939316618,99862.93564303088,2021-01-16,2020-12-27
72162.24981139257,76505.98628622366,81211.22519755628,88055.89592169927,93767.53980310023,97346.35783333344,99017.0049737981,99520.02473608802,99762.94377985525,2021-01-23,2020-12-27
89944.65751615554,91725.29592273767,93554.29879079554,96049.35652941973,97997.63531859724,99162.47903966003,99692.4591008617,99850.37151484964,99926.35946922099,2021-01-09,2021-01-03
86119.46629098966,88521.92140482455,91014.49161779464,94455.41104139677,97174.91659384198,98814.55507930854,99563.95148617892,99787.65170211495,99895.36418425762,2021-01-16,2021-01-03
80412.16687987049,83671.99954220075,87111.1881393832,91955.33687118013,95863.85939861186,98254.83909186335,99356.32525173278,99686.18700264761,99845.19074356867,2021-01-23,2021-01-03
71067.05285375327,75558.38336610582,80433.89602111878,87544.3348559487,93493.24520235395,97227.62876002412,98972.67888898379,99498.32119457598,99752.2015530893,2021-01-30,2021-01-03
88539.48045308668,90553.30554612601,92628.91053571028,95471.82511468389,97700.8232004213,99037.27951569819,99646.26962198659,99827.83593985507,99915.2245446127,2021-01-16,2021-01-10
88514.50993252912,90532.34696090377,92612.256471237,95461.34319901295,97695.40145091704,99034.98393053182,99645.42125981039,99827.42180756891,99915.01989977721,2021-01-23,2021-01-10
85306.03398077437,87838.26355801262,90470.45423013088,94112.27739469452,96997.12413756292,98739.19555446356,99536.08821286436,99774.04850891494,99888.64066543042,2021-01-30,2021-01-10
79192.39061674787,82637.17102903046,86279.77803418976,91424.09052545145,95585.79338635776,98136.26036000178,99312.3609278018,99664.70535324345,99834.56901488519,2021-02-06,2021-01-10
91943.8723035659,93388.43437201221,94864.04663428028,96863.88232056027,98415.10900422235,99338.29171069563,99757.27383305636,99881.98743362875,99941.97942004108,2021-01-23,2021-01-17
85772.08189621259,88225.74167762155,90775.33632347324,94301.5753489738,97093.98831548574,98779.94238360238,99551.10153965632,99781.37057591353,99892.25786980183,2021-01-30,2021-01-17
81915.49128639599,84954.94333413175,88148.20803966708,92623.43884379143,96215.79601282692,98405.48822423775,99412.27578521235,99713.53921291287,99858.71851212093,2021-02-06,2021-01-17
71893.00266817195,76278.33496725418,81028.78415685106,87939.4515215893,93706.48433902761,97320.25741242549,99007.31322135177,99515.28679526907,99760.6004816672,2021-02-13,2021-01-17
91669.8819724925,93158.65888654382,94681.63248312038,96749.22799282293,98355.87089951063,99313.22715978426,99748.0141160725,99877.46775823117,99939.74578047179,2021-01-30,2021-01-24
86815.1209254939,89103.70528257854,91475.17521838553,94744.0839010228,97323.75954028626,98877.46469067819,99587.18191447924,99798.98885693212,99900.96667906162,2021-02-06,2021-01-24
75806.19980261552,79699.16361021293,83864.01942408555,89830.73725596277,94730.77246186638,97766.1558924826,99174.20284882946,99597.06192312749,99801.08961991937,2021-02-13,2021-01-24
71834.74183792737,76237.03739946622,81002.9352476981,87930.0428247735,93704.80066305494,97320.43210364429,99007.53509930709,99515.4184800984,99760.67116596768,2021-02-20,2021-01-24
91167.78483115381,92741.79256936543,94354.00013599178,96546.02017535418,98251.933036672,99269.50821965896,99731.90557772704,99869.61148485384,99935.8646825905,2021-02-06,2021-01-31
85722.29928685326,88174.14891928186,90726.39191905317,94264.01466815901,97071.86446232708,98769.89912784462,99547.2770180905,99779.48728367209,99891.32320388609,2021-02-13,2021-01-31
78259.15206722704,81789.80292776038,85551.49961881961,90915.61912048892,95301.24897286802,98010.08222508864,99264.74931441771,99641.3199547119,99822.97697900828,2021-02-20,2021-01-31
65830.38694852211,70841.9914905117,76402.84086465242,84740.2215186034,91924.35277586605,96531.34988918944,98709.7958386903,99369.17576023818,99688.17842258248,2021-02-27,2021-01-31
89566.38251341297,91401.70263644062,93292.27532714595,95880.32232474061,97908.57032926516,99124.3600047627,99678.30386833573,99843.45187870655,99922.9372965383,2021-02-13,2021-02-07
78033.60449663897,81589.3196878529,85382.83705641502,90801.20702575122,95238.64970602526,97982.69778893687,99254.48026127144,99636.28547835579,99820.48362843052,2021-02-20,2021-02-07
65513.717830436326,70545.72551497651,76139.37450150386,84546.00956302593,91809.9850250465,96478.82211103998,98689.62926625455,99359.21764628992,99683.22941356066,2021-02-27,2021-02-07
58912.03779609089,64522.30187972265,70909.46492573508,80812.47645383082,89669.98675459172,95513.51662896437,98322.29435670532,99178.32432465816,99593.44790913873,2021-03-06,2021-02-07
83327.98575978624,86117.95092921019,89053.17585025782,93175.6929926909,96494.06544189138,98521.36802615422,99454.76618862219,99734.23157573174,99868.93351852526,2021-02-20,2021-02-14
53677.78149165639,59480.63939877613,66266.86275335024,77196.75312016573,87435.52985590076,94455.0853607608,97909.9876546554,98973.83356892281,99491.60342644704,2021-02-27,2021-02-14
15797.928810182231,20425.56585058975,27097.962869361018,41625.36623014338,61429.36810889878,80373.00438924199,92010.63695193495,95978.77995217522,97982.64299221161,2021-03-06,2021-02-14
12282.278933999503,16463.055154530648,22729.609835985197,37115.95659438101,57929.29098595823,78646.67210127115,91410.28833208636,95703.14534544534,97851.95312116623,2021-03-13,2021-02-14
81217.78361320465,84305.96729094471,87578.5521982812,92216.10847644575,95984.31624825853,98302.0132332605,99373.0983184581,99694.27756293051,99849.1661373515,2021-02-27,2021-02-21
56587.13422315492,62220.35461104662,68733.462138978,79062.60845989529,88565.4574118639,94984.92339936207,98115.59455402156,99075.70384150404,99542.31502819971,2021-03-06,2021-02-21
10863.748655586125,14588.62135750457,20238.88769817737,33555.78869138334,53805.410368502446,75457.28842810703,89824.13704227834,94860.4024851277,97418.85501718381,2021-03-13,2021-02-21
14620.117071932147,19292.734089022357,26171.218511524672,41555.07007104998,62951.32145819131,82622.41383244588,93418.52587863238,96778.26222004082,98407.09151137325,2021-03-20,2021-02-21
41772.996247685944,47600.97979923487,54830.4350822569,67560.4064824921,80966.92007119057,91192.98620476102,96596.79897898495,98315.71517862259,99162.15127143683,2021-03-06,2021-02-28
32.298013517488734,69.56799700290473,167.87354034494388,718.5363725583289,3425.993017552283,14329.350793635213,40465.5402042219,62488.17152287296,79447.15570686111,2021-03-13,2021-02-28
32.99256664350036,70.72148125465019,170.18653133681292,733.1609621905953,3631.3978919247334,16917.994437823923,55208.9571977256,78602.25910873397,89710.86419456406,2021-03-20,2021-02-28
43.869839660644445,97.46455014876366,244.73759882600012,1137.9018642675767,6228.944903665264,31782.374078618916,71686.53468457764,86028.82896571598,93074.7590130219,2021-03-27,2021-02-28
33154.77480408712,38787.44481087738,46067.42801104175,59712.15510258249,75326.21291846072,88193.1643355567,95355.16809665367,97688.0043592569,98846.57590132125,2021-03-13,2021-03-07
27.57493288771865,56.826479701781196,130.8098550367163,525.4426772342962,2438.5298230517596,10998.533893867276,39342.819657518856,67917.07163766416,84543.68147327565,2021-03-20,2021-03-07
31.506126992476954,66.1859164574938,156.1895796744441,661.1280073298818,3361.930806171424,18205.290865124534,60770.558405025055,80464.86802594364,90299.03849626015,2021-03-27,2021-03-07
33.94121066164595,72.8321943596524,176.72927305791902,794.3338830261611,4510.826353637068,27281.800541436358,67021.64012743793,83310.02078550968,91668.72348694173,2021-04-03,2021-03-07
40657.0099681039,46907.596851552255,54624.244584677544,68000.8848967089,81648.24150339545,91671.98822855404,96816.91354298044,98430.27776595835,99220.54003790853,2021-03-20,2021-03-14
24893.921497156218,30708.716870718003,38524.84040676198,53779.44741819985,71702.86942808557,86524.15684504133,94720.59356465552,97376.31097911108,98692.1464587917,2021-03-27,2021-03-14
15013.46783148748,19806.39425137185,26795.154318317553,42106.5682892924,62775.777576003966,81843.42529863115,92875.47440518212,96465.56460196403,98240.40484199337,2021-04-03,2021-03-14
8894.926924980733,12576.230541297109,18401.85260408596,32764.26428439782,55130.79325039631,78070.76521199274,91557.34998890712,95849.66453812421,97943.99229171869,2021-04-10,2021-03-14
24891.244782765254,30705.169166027612,38520.00529023962,53771.73478993128,71691.25742939267,86510.66383759245,94711.24227753349,97370.66930395216,98689.04658633297,2021-03-27,2021-03-21
14901.084799175907,19645.830604926425,26556.638533618378,41669.25579111376,62036.07480256513,81003.23933556782,92350.01590711373,96163.70731544014,98078.97273952042,2021-04-03,2021-03-21
8681.727729079183,12248.050021897929,17870.672150805953,31643.155392236924,52932.571040272946,75302.6203838695,89799.38606624272,94845.8022950577,97409.83915770156,2021-04-10,2021-03-21
4997.182519113173,7549.609914013568,11902.976268829378,23849.243515143386,45033.646395903896,70162.30206312922,87622.7560606608,93771.64485560777,96880.72330017794,2021-04-17,2021-03-21
89891.90032140423,91860.98142647328,93786.69520749281,96278.81095998596,98140.99738266651,99228.07364505484,99717.41318181674,99862.6503083192,99932.45069822986,2021-04-03,2021-03-28
88339.3589353143,90326.60900742866,92398.90063242777,95282.44388217542,97584.14524874587,98983.01560327747,99625.3874774657,99817.52131415148,99910.09794989174,2021-04-10,2021-03-28
82971.15094559954,85730.1963260318,88668.02056036187,92861.29373021914,96299.59802651154,98430.41153627122,99419.64866763393,99716.86712614099,99860.29845352517,2021-04-17,2021-03-28
80640.74961802113,83782.66187283152,87116.9331753183,91872.66306436216,95779.7139801484,98207.53843040264,99336.76881791622,99676.33186202132,99840.246083285,2021-04-24,2021-03-28
91244.14168857172,92770.07933543918,94347.37939865321,96517.00083455672,98226.93539823322,99256.40335072509,99726.63936959628,99866.97936726469,99934.54915450711,2021-04-10,2021-04-04
87446.07969281482,89710.2859198935,92014.26066139853,95124.716197763,97533.76307689337,98969.0531880707,99621.41899852052,99815.75465531692,99909.26513344582,2021-04-17,2021-04-04
64505.19598359474,69429.47337431266,74988.03048667626,83538.54765793453,91147.22560597613,96157.19179272189,98563.43792749771,99296.5294664809,99651.98669642958,2021-04-24,2021-04-04
44296.01360844483,50268.089671790454,57572.05695500427,70125.19770466736,82871.81799961696,92228.00844059722,97030.23810613666,98535.70233584451,99272.96642533128,2021-05-01,2021-04-04
78217.76333295139,81717.58438694061,85461.06894165694,90827.51521848844,95241.76889608578,97981.11812445478,99253.38455491174,99635.67466879998,99820.16357384995,2021-04-17,2021-04-11
78082.22226720184,81627.3786826424,85408.9025959216,90811.70584530279,95240.5763905735,97982.40126850293,99254.16130244888,99636.09795567264,99820.38326454055,2021-04-24,2021-04-11
72505.33664784938,76709.52100987856,81294.48113753577,88029.4907675585,93716.50311549436,97314.15102709793,99003.20676479192,99513.0064287426,99759.40730177733,2021-05-01,2021-04-11
70631.25418767272,75038.80085430767,79880.26794636663,87057.51432228045,93177.5205154181,97076.2422779135,98913.61265650109,99469.02615141303,99737.61255647907,2021-05-08,2021-04-11
90077.85144407713,91818.26423905922,93613.07872218345,96073.65193333357,98005.17248978245,99164.41366920076,99692.96423956701,99850.58763714069,99926.45904796732,2021-04-24,2021-04-18
82961.40323736987,85807.52321065792,88804.19899117658,93016.91393710754,96411.04735907693,98485.98079645506,99441.6476995555,99727.82188317776,99865.76424046497,2021-05-01,2021-04-18
77077.5059962059,80751.06936629138,84685.11874400232,90331.9574863895,94982.324729261,97870.42696410768,99212.3314131034,99615.61327717883,99810.24355749055,2021-05-08,2021-04-18
69585.77938463473,74292.69417481884,79408.23908216134,86879.2328389154,93139.86828664568,97075.29593750216,98915.89104621054,99470.52674569143,99738.44706309355,2021-05-15,2021-04-18
76427.3765128069,80129.79785430113,84123.83861835406,89913.86347849926,94736.71209004275,97758.37299518072,99169.50427819868,99594.4977052211,99799.75749511592,2021-05-01,2021-04-25
61692.48826390484,67140.46837407521,73266.01381185885,82587.84878294606,90734.68730320015,96007.58172053703,98512.80923742393,99272.51776322682,99640.2883907864,2021-05-08,2021-04-25
50670.07472863882,57292.39135574881,65031.957441517276,77206.04751191608,87959.06889509146,94850.40548377484,98089.37871859949,99066.49136718205,99538.627701113,2021-05-15,2021-04-25
49776.36795992803,56841.5136836311,64703.231909581984,76662.66082222051,87335.44626558882,94456.05765056048,97917.46410052366,98978.50483453902,99494.15383018975,2021-05-22,2021-04-25
70034.11838375813,74485.14626610231,79392.44295086207,86702.44388935318,92970.47014782325,96981.68722492325,98877.40182483444,99451.15859090985,99728.73580405719,2021-05-08,2021-05-02
53545.63769439473,59395.29545630342,66228.40113521556,77219.88433662929,87492.63597711506,94502.00498504289,97932.97806095902,98986.02129748806,99497.86945093253,2021-05-15,2021-05-02
35264.27122595219,42194.345197697316,51028.56881461395,66648.05853007724,82024.04287959612,92287.83984073589,97138.56682716054,98601.94289817166,99308.94288354304,2021-05-22,2021-05-02
25600.9412795609,33217.4846382244,43487.99526393322,61511.93125636068,78664.0517326513,90518.21480613686,96411.29011289463,98235.48912519986,99125.05286446915,2021-05-29,2021-05-02
52162.93546209927,57986.05936591035,64871.821464861016,76126.24934165712,86815.9259439875,94185.82307146378,97811.20768021942,98925.8812514988,99467.98260202522,2021-05-15,2021-05-09
36580.90109434309,43498.6671223175,52337.37586091529,67896.68451023256,82867.10677253407,92684.47670315426,97292.95209252043,98678.65809298353,99347.20269792872,2021-05-22,2021-05-09
36415.29426620234,43928.095979948775,53192.14601858801,68643.00989287718,83129.55389716673,92729.39734197427,97294.29552092635,98676.75324906295,99345.62065362991,2021-05-29,2021-05-09
36327.86225760053,43326.42755446824,52138.54555215458,67441.10942866128,82335.75732023455,92448.25345339479,97229.52887530827,98653.04794973465,99335.95180262034,2021-06-05,2021-05-09
72627.34818378139,76878.68681434788,81503.88856080385,88246.76546353054,93871.46064226479,97391.78921746659,99034.0243820904,99528.36482568971,99767.07320738214,2021-05-22,2021-05-16
64417.97553386705,69405.59003091355,75040.26821307802,83661.99346717208,91247.15403130351,96203.58812097227,98580.29812363947,99304.63964644689,99655.95925324543,2021-05-29,2021-05-16
50921.921830454994,57124.41782919331,64556.68681494743,76572.71942883063,87559.26515042938,94816.08942656394,98129.06903150669,99094.67867062357,99554.70011977981,2021-06-05,2021-05-16
46099.27759254524,54615.443229828015,64855.37589531545,77846.67522688709,86355.90550726035,92977.71796171367,97073.18947176877,98512.17776916792,99249.71108420492,2021-06-12,2021-05-16
59474.29630657502,65453.95284674161,72418.29934905401,82941.31766905195,91400.36163381557,96412.17815536771,98681.81348089667,99357.74987797582,99683.05341772593,2021-05-29,2021-05-23
57803.00453457399,63592.9018729336,70075.88116361735,79999.35703109467,89197.64799143435,95432.6555408362,98325.22822570453,99184.54391197214,99597.62830662892,2021-06-05,2021-05-23
50991.94996300206,57299.74221942389,64772.49185232437,75490.65241365053,84152.93309463857,91596.46311376117,96413.15695871701,98155.5702307557,99063.5949073898,2021-06-12,2021-05-23
40844.24965144091,46564.39064183883,52392.17040159977,59462.663015404345,67998.41174424594,80305.47805819477,91365.23926452947,95618.05080006621,97802.54144866092,2021-06-19,2021-05-23
60216.320787079865,67227.17387256258,74730.00893576618,84844.69526398614,92358.56584100571,96738.46887493324,98778.21388662224,99400.48140319787,99703.07090441772,2021-06-05,2021-05-30
50978.23862947334,57618.92256725695,64778.44794876323,73637.87974591914,81750.44259854147,90438.50385557274,96337.5020305741,98225.41365175684,99128.652822116,2021-06-12,2021-05-30
38051.16430945697,44558.51468282872,50768.11897011839,59257.94709456796,73899.30293413943,88677.37770479675,95589.02023114475,97733.74860649955,98842.55146846602,2021-06-19,2021-05-30
25952.806264830364,32055.597019964862,37820.37064489117,46508.704991568935,66512.99152375985,81290.80068558657,90450.43158380249,94598.24730637898,97100.6809316847,2021-06-26,2021-05-30
47759.12291506375,53722.16229746571,60208.584274190485,70367.82317920099,76488.91597326515,88374.4070320735,95170.629243459,97513.82210052796,98732.01031945659,2021-06-12,2021-06-06
37602.54334745586,41919.672542165266,46893.00231379724,56391.85438388234,62889.66000185773,74676.3925178123,86236.5343437122,92120.99166826882,95713.89468047964,2021-06-19,2021-06-06
26484.898601694615,30274.869560771418,34831.44246376105,43482.37267870139,53428.39301535484,64794.47185512709,79759.97945748156,87831.31849100944,93146.91807122003,2021-06-26,2021-06-06
19692.111618391576,23153.334038957317,27553.57757645573,36132.46520179471,44911.97978753299,56689.03580037498,72925.52532007289,82929.11343077473,90081.63160204624,2021-07-03,2021-06-06
43844.34443200414,50191.16298015377,56909.42200082334,67620.5694318148,78291.13546751555,87500.73535618307,94012.86766382176,96694.60517044114,98240.9608415396,2021-06-19,2021-06-13
35386.85469105659,41783.301864366964,48553.490099051174,58434.76365724037,67740.5104294985,78355.28432472782,88406.17349898475,93293.95614223449,96332.50188219748,2021-06-26,2021-06-13
23922.58504591605,29635.670140356986,37498.89688146699,49425.10890006814,60062.14447084326,72358.67456404923,84675.83355721217,90983.75692177811,95010.07963902112,2021-07-03,2021-06-13
14853.706051690533,19589.893071872924,27522.820286027996,42248.36396648578,55064.6649313874,69092.82086373545,82861.4457948493,89925.52481262812,94425.33792063648,2021-07-10,2021-06-13
36612.894326158435,44899.96612816205,52767.94168110843,62850.22519901994,69763.00885540688,77728.02737475948,86620.13520476919,91369.91217438356,94810.19849485038,2021-06-26,2021-06-20
24928.548737540284,32110.25469206492,41043.8237085075,52663.697444352845,62083.94372564789,72796.61329665234,83883.90395930737,89610.33856553031,93725.88970100113,2021-07-03,2021-06-20
15632.327696370907,20546.076877710933,27883.32161065012,42222.02487266586,56640.144082135324,71345.73089451755,83467.71621771126,89712.21889613861,94015.87798549449,2021-07-10,2021-06-20
9460.783228209477,13089.140325904777,18902.677478997342,33390.39259745562,51245.730596579844,67703.43298028564,81470.4475156642,88641.55161655025,93497.8920020549,2021-07-17,2021-06-20
37783.7898216329,46056.194094675135,53061.69157076075,63061.43108085458,71270.39707729068,82927.89537282383,87657.78954684365,92647.5065129594,95887.67818945966,2021-07-03,2021-06-27
30366.623869131407,36840.59775565169,44528.848713449064,54607.091689979316,66881.52927623922,81814.1695888012,86685.74491375459,92341.8878787128,95838.97779090093,2021-07-10,2021-06-27
20722.296765992414,25449.787890780903,32820.22184822982,45515.96936425214,60175.48687770917,74498.13874007882,86360.90839466077,92191.0786926502,95780.17283963168,2021-07-17,2021-06-27
13532.175501483056,17580.810193174173,24528.03829997503,38560.81817628109,56511.264802752456,72338.67451852447,85203.35984146867,91510.16517516402,95404.84853708059,2021-07-24,2021-06-27
39952.815720623395,51178.158267957566,58872.076325267604,65155.008303861556,75783.65210186949,86587.25838454663,94188.57097197117,96995.1300254634,98468.00352133618,2021-07-10,2021-07-04
32856.29187468108,40423.55336850187,45763.29963042639,54184.52566488115,70785.76127823278,86314.6119610728,94494.6317304906,97212.49460315696,98594.32726808549,2021-07-17,2021-07-04
23632.90492201506,27964.11657813344,32549.216474694873,41303.024820187165,61864.99769000234,84883.37187480349,94304.95561209251,97180.39945265609,98594.6890564861,2021-07-24,2021-07-04
15669.049089245198,19079.542770026535,23191.506749820073,31397.291977670586,49823.44673643133,81534.99056824642,93265.35991134688,96699.20237604632,98363.50911179134,2021-07-31,2021-07-04
28025.906121537595,36392.997046077784,50549.73812164957,70161.48612930796,74380.0701014517,82889.72618372308,92094.59869119174,95822.24339840331,97859.72972770991,2021-07-17,2021-07-11
22005.209652337257,29165.21401540509,41176.57680968368,59358.908452172735,66255.7741170761,79751.34967607823,92750.1494073948,96440.79732876332,98232.64583031728,2021-07-24,2021-07-11
22150.816974308273,29160.071621341092,40175.7314950792,50917.351006928264,58953.44177496503,71323.10370314964,89239.68622804817,94844.81928470769,97471.198755274,2021-07-31,2021-07-11
20806.740803600736,27932.051139172032,36115.49026385768,44406.719446684525,53073.67964551873,65862.59996244992,84982.71393119667,92627.23941537896,96351.04285828356,2021-08-07,2021-07-11
52714.074552220554,60231.97681053728,69140.9523586996,81160.20846779295,90094.38066467387,95720.12555209933,98406.30266549216,99220.90441484467,99614.91108378553,2021-07-24,2021-07-18
45061.37748052684,50870.04364027866,57973.64826841625,70222.40717091576,82777.82026134079,92120.55225937394,96974.4598426985,98505.82646308634,99257.54885197064,2021-07-31,2021-07-18
49859.204029913206,55585.060789756615,62443.828097561454,73914.9896954986,85221.02368175928,93341.87836922871,97463.58507342094,98750.45981587275,99379.87474235363,2021-08-07,2021-07-18
42904.37156382878,48856.63062455811,56182.39132976149,68900.05843258434,82002.02720193441,91766.86896953035,96839.08452391536,98438.97147061066,99224.30909713564,2021-08-14,2021-07-18
55931.54813194086,61643.00780679211,68268.91795261674,78774.01122610955,88408.88209392368,94910.91957364779,98085.96996925201,99060.83520990144,99534.86269074038,2021-07-31,2021-07-25
51904.654522209275,57843.09689410873,64790.70133613412,76021.44849240854,86658.36323056021,94062.79406774703,97751.76155617496,98894.48373644963,99451.8679980406,2021-08-07,2021-07-25
47565.78078527943,53579.86196113259,60764.33318981064,72747.85519867597,84546.65323679388,93030.37926928185,97342.93145293533,98690.66301174177,99350.0983151001,2021-08-14,2021-07-25
39288.604719637755,45281.26079175303,52754.6156850617,65996.86411158924,80022.1514434151,90751.51584764218,96426.03537327802,98231.21712171347,99120.11642158988,2021-08-21,2021-07-25
67887.72261934828,72491.15850360767,77625.67229349754,85401.48798446168,92204.09825789808,96629.72972499533,98742.30832830156,99384.45684822349,99695.58793344947,2021-08-07,2021-08-01
61651.47343977192,66821.88756435797,72713.90563614389,81893.03481755898,90184.31281865091,95714.26690662462,98392.94919858784,99212.25478167212,99610.08036536125,2021-08-14,2021-08-01
62371.985537312525,67476.66047220207,73280.90021641602,82297.66241046571,90417.04979049678,95819.69474718196,98433.17204815372,99232.07941764222,99619.9239901844,2021-08-21,2021-08-01
58540.06878037396,63933.51992555598,70152.75926904427,79998.2669224195,89059.17124759844,95193.76092586649,98192.3430048214,99113.07558681753,99560.76040148744,2021-08-28,2021-08-01
77177.46860485816,80864.17606912395,84801.07997844515,90430.0451476962,95044.51640037469,97899.92828440008,99223.7934806761,99621.29144941221,99813.06974810192,2021-08-14,2021-08-08
71239.464996914,75686.70842540606,80520.5948902137,87583.5747160362,93506.29871555063,97231.11121977336,98973.601145924,99498.71705435157,99752.3841653911,2021-08-21,2021-08-08
68367.64390614798,73163.36483943381,78417.83861618937,86170.03478781626,92735.89924778297,96894.42234315036,98847.35713841721,99436.8243346422,99721.73129346351,2021-08-28,2021-08-08
65094.77302242183,70255.75400957993,75967.1058047682,84496.6138920422,91812.60640246992,96487.93997253732,98694.43338780821,99361.77686051119,99684.5456136692,2021-09-04,2021-08-08
92409.95479939897,93772.51046578436,95163.61370697618,97047.77921967466,98508.4236750322,99377.35712877849,99771.63691974457,99888.98798433976,99945.43668069987,2021-08-21,2021-08-15
90059.73330379091,91819.04427887358,93626.53455942645,96092.9396042357,98019.44120894265,99171.52904796429,99695.77319173526,99851.98488652684,99927.15578964811,2021-08-28,2021-08-15
80912.47307134712,84094.73252297196,87449.30706798019,92169.94230366482,95975.54157462259,98302.28857936742,99373.88679701279,99694.76327508522,99849.4302332899,2021-09-04,2021-08-15
72429.61782580221,76753.82786787182,81428.44277227162,88211.25704793943,93855.96481677868,97385.93769849362,99032.00093786727,99527.39909391214,99766.6013049633,2021-09-11,2021-08-15
80565.54852919499,83796.39959055751,87206.2405642326,92011.61387912049,95891.40545825903,98266.08176857034,99360.40692004426,99688.16865314756,99846.16754873554,2021-08-28,2021-08-22
73070.3006936547,77318.56945244581,81900.51615519483,88529.8359390498,94030.0648348959,97462.13518175343,99060.58922282624,99541.41733530439,99773.54453351334,2021-09-04,2021-08-22
70824.57849521974,75359.69802768192,80280.89808655258,87453.34948924035,93448.87472610758,97209.63617107058,98966.17466799013,99495.16803054659,99750.64842382344,2021-09-11,2021-08-22
73218.73342890872,77453.3003679987,82014.99693385589,88607.34067812824,94071.95428534457,97480.25226288823,99067.34135438842,99544.72116924658,99775.17920247898,2021-09-18,2021-08-22
88986.94860679016,90925.55537852958,92922.05720286434,95654.11844594398,97794.24660348234,99076.62068502716,99660.77256369688,99834.91024001659,99918.71959653664,2021-09-04,2021-08-29
86046.44399254106,88459.76084145241,90964.3738828374,94423.23652828569,97158.01784669282,98807.33508949184,99561.27239865514,99786.34235843438,99894.71670231051,2021-09-11,2021-08-29
80251.47703098117,83521.29676412352,86977.90338842016,91859.15216845814,95808.83963813962,98230.1522780627,99346.96279233992,99681.58165043898,99842.90629049607,2021-09-18,2021-08-29
70736.71371927035,75238.05714379267,80140.61653592759,87322.30548959425,93361.30777613992,97167.04525546088,98949.45748594032,99486.86242163733,99746.50878268578,2021-09-25,2021-08-29
85330.65526371163,87853.68239101283,90478.39570521639,94113.54227555984,96996.25557800477,98738.43941174475,99535.74318782522,99773.87053154067,99888.55043233908,2021-09-11,2021-09-05
85982.0406168024,88405.59182197099,90921.23151099775,94395.99077538234,97143.88418469367,98801.3397103659,99559.05486343973,99785.25960000361,99894.18151281618,2021-09-18,2021-09-05
80129.52098599862,83419.51176400477,86897.54836693936,91809.08795216033,95783.1768468402,98219.35036990476,99342.98213291242,99679.64019201274,99841.94717432567,2021-09-25,2021-09-05
71234.12883908198,75685.38569529193,80522.45475449735,87587.64860102553,93509.7800638252,97232.97612619739,98974.36055534905,99499.09825827423,99752.57508418451,2021-10-02,2021-09-05
91779.12036074697,93249.72941138694,94753.50782601871,96794.05694559257,98378.89847719404,99322.9376212418,99751.59601973847,99879.21531497338,99940.60922065812,2021-09-18,2021-09-12
87322.24827541233,89521.09011352497,91800.06070787259,94942.71242447478,97424.1209108663,98919.35361364114,99602.56016312477,99806.48073088359,99904.66580329416,2021-09-25,2021-09-12
74233.38842023586,78287.55374925969,82662.44729047285,88999.98690621101,94268.26518409156,97561.49208452478,99097.03139747036,99559.16469939206,99782.30571330171,2021-10-02,2021-09-12
60800.4529476158,66262.88198155336,72435.67115512618,81914.8870451949,90306.43554207412,95801.52096728618,98432.0132365386,99232.37072758432,99620.27589464032,2021-10-09,2021-09-12
88396.25836210565,90428.63835602114,92526.2575082684,95404.1784701076,97664.62359376758,99021.64895432054,99640.44251947838,99824.98414828682,99913.81336434346,2021-09-25,2021-09-19
85285.2769745805,87813.0753948203,90444.1249349705,94090.31563723009,96983.60333456675,98732.92704009815,99533.68056451246,99772.8600130873,99888.05016171923,2021-10-02,2021-09-19
77304.12511985113,80974.52340287417,84892.22806320988,90490.57379329354,95077.18592868125,97914.12173713717,99229.10099695412,99623.89141879915,99814.35688678222,2021-10-09,2021-09-19
65295.91401419095,70387.13659131451,76034.74441278016,84499.92028169936,91794.55893908309,96474.46942128702,98688.38994306601,99358.6665118885,99682.96984653398,2021-10-16,2021-09-19
90379.61320118439,92078.49121817088,93825.49291902746,96212.14843592748,98078.73947766633,99196.0497902348,99704.73728259618,99856.34644388431,99929.30802133106,2021-10-02,2021-09-26
84546.40196932404,87167.74820380358,89910.34523260254,93735.83685872995,96792.54670012224,98650.03976955371,99502.71021333859,99757.69257388017,99880.54222711569,2021-10-09,2021-09-26
70295.8264286047,74797.9039962137,79727.0333634434,86999.33727166947,93165.14282036782,97075.84202091988,98914.30535919077,99469.4878602073,99737.87024023558,2021-10-16,2021-09-26
56754.00513957134,62506.72729313551,69117.48844296478,79492.51760811928,88896.5934398955,95160.96294827691,98187.64011713419,99111.95303373283,99560.49276235419,2021-10-23,2021-09-26
91551.7884387299,93056.30009681554,94597.73641312569,96694.30716264843,98326.6394580024,99300.64702189778,99743.33131269534,99875.17705610483,99938.61248326264,2021-10-09,2021-10-03
83274.90684628765,86082.94662018631,89033.56400514781,93170.85162052033,96494.79849477942,98522.53752186676,99455.34663551913,99734.53670554385,99869.08952413594,2021-10-16,2021-10-03
70396.28410880362,74887.97088355625,79803.70003179436,87052.39811744126,93194.71039871905,97088.9297741493,98919.24038143872,99471.91132093985,99739.07142570325,2021-10-23,2021-10-03
57356.087610952345,63095.468154383656,69665.3654936326,79919.79556860664,89156.33483441257,95281.3467175978,98233.88095723987,99134.7776174125,99571.83300375682,2021-10-30,2021-10-03
92547.95420312413,93882.12652294895,95245.82538651484,97095.49625331991,98531.54670249161,99386.76450326291,99775.05008287194,99890.64485412113,99946.25340735438,2021-10-16,2021-10-10
78182.95169184911,81699.6685636247,85456.87778992616,90834.45080006676,95249.66892456409,97985.64337507295,99255.26408523913,99636.62281399532,99820.63950363174,2021-10-23,2021-10-10
63267.70647841421,68466.00042715551,74303.68750595393,83202.49009041919,91022.96510231678,96118.77486286737,98551.6957703574,99291.15417966986,99649.41463840568,2021-10-30,2021-10-10
54506.61741676356,60511.05201872504,67486.55936296284,78540.12953325783,88531.66719984997,95066.47518899075,98165.85637529547,99103.41683993227,99556.78793406402,2021-11-06,2021-10-10
91487.77975847932,92999.13087114113,94549.56715692226,96661.70328956495,98308.87782628121,99292.90379295328,99740.43267186898,99873.75673635789,99937.90928561345,2021-10-23,2021-10-17
76540.32175923207,80262.38325881514,84263.71629632059,90035.88700726158,94815.64033852167,97796.21693475691,99184.27589569759,99601.8252930988,99803.40699059026,2021-10-30,2021-10-17
60265.13042986685,65705.48271933908,71886.22283565988,81453.36621485159,90007.78659521654,95656.88926378872,98375.18010557465,99204.11490382449,99606.18733807778,2021-11-06,2021-10-17
48317.56851035008,54489.35550239788,61834.30298166558,73921.46599604965,85498.95319175674,93563.08061143405,97567.0603754867,98804.42885082429,99407.39553633645,2021-11-13,2021-10-17
86540.45857287917,88835.55798187107,91230.95888793084,94563.1450259839,97218.9492913899,98830.20460756,99569.22803638346,99790.15350725246,99896.58303641503,2021-10-30,2021-10-24
70280.2891909598,74766.09335779722,79688.6464695951,86967.39250420922,93147.48881238925,97068.53231583988,98911.67854124345,99468.21935713125,99737.24682097662,2021-11-06,2021-10-24
51953.60917167754,57992.69219712403,65074.86593047366,76481.04595955029,87110.56670269516,94338.08736855203,97871.37928737809,98955.74233135926,99482.84898886029,2021-11-13,2021-10-24
40103.31081061774,46562.08796554103,54525.88545952849,68233.5363592302,82002.50087063778,91922.12425108047,96932.69782044916,98490.72273701326,99251.39662399449,2021-11-20,2021-10-24
89861.46045785402,91642.50944907372,93478.24336038556,95992.97080348713,97965.15157285603,99147.90609772914,99686.93779559745,99847.65668352078,99925.01310520024,2021-11-06,2021-10-31
74506.37492932392,78504.32793399009,82823.41229843035,89090.32001870262,94310.0286316847,97577.83272785768,99102.83739276537,99561.96461610409,99783.68132668038,2021-11-13,2021-10-31
61895.80094509531,67276.6073580198,73328.93802509792,82566.07158100825,90686.39509423418,95974.94388808464,98498.38903858962,99265.11556800733,99636.5419996954,2021-11-20,2021-10-31
55067.309491845925,61034.523232779364,67902.01865791266,78688.55639264053,88464.45021556919,94973.61309693074,98117.65074487054,99077.67902666211,99543.5278072134,2021-11-27,2021-10-31
86245.42372829573,88593.74404926071,91043.60005868421,94449.38778922099,97161.81613514984,98806.45126235436,99560.52391319668,99785.91548163134,99894.49106868343,2021-11-13,2021-11-07
64305.978972316916,69381.28267616451,75068.94485677064,83719.12349368724,91305.36692423618,96242.37698278778,98598.06847106376,99313.89266152971,99660.67690853092,2021-11-20,2021-11-07
46275.1218042891,52534.10392825601,60043.79435086298,72535.45478853388,84645.08346705142,93158.97562296112,97409.65880637386,98726.36174257609,99368.5144929807,2021-11-27,2021-11-07
35645.90156418765,42055.57381882439,50130.30096689934,64470.61978584081,79450.48245073168,90626.07041393343,96408.59026378622,98227.6293375012,99119.58101964055,2021-12-04,2021-11-07
45724.84101233607,52156.780736718836,59852.08653697779,72569.03469012129,84764.74576545776,93246.26564427241,97449.37663332048,98746.92377351402,99378.9636754628,2021-11-20,2021-11-14
43553.246457861256,50102.94434343787,58012.41151110052,71225.65276246845,84008.14781435736,92918.74554732838,97328.60739556646,98688.12841497408,99349.95374406857,2021-11-27,2021-11-14
55033.20975358582,61154.98092448895,68187.08418637146,79123.56180865398,88839.09689032414,95178.59754743105,98201.88801251749,99120.06754877121,99564.78156117309,2021-12-04,2021-11-14
48765.18455809068,55449.53411738184,63176.257402934505,75373.60682848911,86546.98301716156,94092.86899966144,97778.46969463483,98909.97314003967,99460.12247037952,2021-12-11,2021-11-14
86372.53301576994,88710.30126660869,91144.44019749027,94520.1001555967,97201.4013856836,98823.98982686487,99567.13767845924,99789.16324993361,99896.10082158443,2021-11-27,2021-11-21
65506.73422349533,70513.08899503895,76084.59636778949,84477.31409123937,91755.47281266162,96449.77705199667,98677.76925127258,99353.25660718094,99680.24183623852,2021-12-04,2021-11-21
46946.40761305542,53260.28828496697,60794.136903089006,73216.51388365257,85118.88673194041,93399.9733938879,97506.65428189181,98774.94069345102,99392.82293722533,2021-12-11,2021-11-21
34838.76743137276,41321.37063638548,49506.33879830237,64060.19072389541,79248.05537156429,90548.99588939239,96382.44966631534,98215.27673264752,99113.57901730087,2021-12-18,2021-11-21
91932.08309520231,93370.32809102682,94843.18371723339,96845.41114783661,98403.48362251178,99332.85951623705,99755.1818749004,99880.95404052665,99941.46574983574,2021-12-04,2021-11-28
91234.3819423456,92788.97922730447,94384.57756992658,96559.5117972992,98256.66049169259,99270.95232382476,99732.34654091045,99869.81335097978,99935.96127133525,2021-12-11,2021-11-28
89364.84007479409,91231.26059108898,93155.78458337826,95793.50005462808,97863.28687198977,99105.0907546596,99671.16662299407,99839.9655651244,99921.21368017279,2021-12-18,2021-11-28
86650.11292258976,88948.26945918163,91337.7076008583,94645.44470527048,97267.78819727582,98852.50308039089,99577.7440503364,99794.3507739882,99898.66702703183,2021-12-25,2021-11-28
94704.74337707144,95667.58392457388,96644.9926321184,97959.94713190623,98972.40290823908,99571.88066828561,99843.20440802595,99923.87673809777,99962.66857375826,2021-12-11,2021-12-05
92156.60151912516,93560.67782854235,94996.00264196472,96942.95025288998,98454.49009440739,99354.59794059559,99763.23940686462,99884.89073900576,99943.41219925795,2021-12-18,2021-12-05
91028.5437583199,92617.90301504609,94249.95754652628,96475.85875315554,98213.80320543355,99252.90667822723,99725.69426370268,99866.56847671607,99934.35811577813,2021-12-25,2021-12-05
87531.70347647484,89685.79073139314,91921.86480968785,95011.56897610494,97456.57195027596,98932.28970641497,99607.20528760215,99808.72848269917,99905.77200711344,2022-01-01,2021-12-05
86970.1891933149,89226.1581059626,91566.12487509605,94795.79984977572,97348.24643273372,98887.25422923021,99590.70190196045,99800.69283324612,99901.8054308838,2021-12-18,2021-12-12
80507.31666677464,83746.64054738668,87165.9620999859,91985.60842716397,95877.68107564862,98260.19994255708,99358.22121200702,99687.09995827882,99845.63894505263,2021-12-25,2021-12-12
82721.71488798367,85637.23735616404,88695.0039669604,92971.63093264772,96397.55902633735,98482.87433809553,99440.94633096048,99727.54498536422,99865.64300774621,2022-01-01,2021-12-12
61904.4587921969,67365.81736274839,73480.38798480081,82747.73007129702,90823.92426909115,96046.02381493586,98527.00071552218,99279.43426698822,99643.7033378498,2022-01-08,2021-12-12
85078.9159042994,87637.02145058823,90301.80448730297,93998.54263788808,96935.19253398683,98712.1805497639,99525.97074153367,99769.0902290455,99886.18552676731,2021-12-25,2021-12-19
69613.38190458794,74265.3580356593,79342.3926498858,86797.18821749931,93080.0862391512,97045.46349125088,98904.09706618072,99464.65727532121,99735.5194727863,2022-01-01,2021-12-19
53455.31620108374,59606.81324080301,66705.93375922128,77882.90895591943,88026.14029749097,94782.08744778269,98045.74500410593,99042.40257168049,99526.05014698509,2022-01-08,2021-12-19
46696.1276085698,53312.54056699267,61130.5300072068,73797.53711084182,85637.41405562569,93691.6463704865,97628.5061125835,98836.59535832527,99423.82208040431,2022-01-15,2021-12-19
89678.6315892214,91503.88941240305,93379.85754543367,95940.80566169751,97941.97291507151,99139.03116474125,99683.81377312602,99846.1542746116,99924.27588933246,2022-01-01,2021-12-26
86009.29789650429,88433.45354996492,90947.4256541118,94415.94596034593,97155.60204826147,98806.6537681919,99561.07790907755,99786.25573991904,99894.67586819368,2022-01-08,2021-12-26
75048.35505316543,79069.96981766578,83370.72756577258,89527.16762138052,94577.06921603889,97702.01744500441,99150.66810648223,99585.59866458009,99795.4301912804,2022-01-15,2021-12-26
65669.52572156287,70815.34160077554,76482.27100655573,84890.19283037866,92048.3760447945,96596.75778120819,98736.24302460258,99382.42306708528,99694.80632024254,2022-01-22,2021-12-26
79194.67973267494,82615.8817286944,86242.97480574527,91382.82570753168,95556.68521533794,98121.88528612127,99306.69572481448,99661.88814207133,99833.16432499896,2022-01-01,2021-12-27
66680.07734562494,71639.04522636694,77110.48682336623,85255.30656596269,92221.20270927227,96665.08771340323,98760.59947826149,99394.1772323847,99700.5829388255,2022-01-08,2021-12-27
5832.238854051836,8580.402936336446,13148.048578622907,25278.251476666705,46125.18998606097,70411.38303829859,87406.45628504403,93566.15705275658,96747.94487514738,2022-01-15,2021-12-27
65685.50355112499,70642.84588872768,76153.11083019017,84469.260658185,91719.83297073185,96424.38058202469,98666.40408419223,99347.40511800075,99677.27634913301,2022-01-22,2021-12-27
93163.00480310144,94400.32249332574,95659.06448951618,97356.72525575178,98667.07986086034,99444.24731211839,99796.30870032804,99901.02434510148,99951.38369036627,2022-01-08,2022-01-02
87323.51568698834,89539.10205395408,91828.11518244853,94972.08419186113,97444.01385567614,98928.96153652437,99606.30965427219,99808.33990856115,99905.59152051556,2022-01-15,2022-01-02
75110.53780811049,79110.37502277583,83392.45339263469,89531.08852688945,94574.7820638729,97699.88523827538,99149.67761911987,99585.08530688778,99795.16934151064,2022-01-22,2022-01-02
53403.77343718358,59541.27548150565,66631.02021159272,77809.83898517065,87974.33331006252,94755.7697048526,98035.1892623841,99037.1230791821,99523.41021405296,2022-01-29,2022-01-02
64.66902592061147,144.62566517102823,361.2256774309409,1589.354563814257,7268.274085119417,25751.428549949727,56232.925091196266,74379.99538198265,86039.81738469936,2022-01-15,2022-01-09
54.953266222590216,125.50817710890584,321.0827186195736,1467.373315388533,6958.290742907932,25297.111623724548,55911.99610005492,74192.48917242009,85940.00206672924,2022-01-22,2022-01-09
56.99755181645456,130.66792375786412,335.4560606705345,1537.709155195408,7270.552799972446,26125.690789729364,56884.29616616015,74913.00346388266,86382.8406747638,2022-01-29,2022-01-09
59.27200551960855,136.3556474926036,351.1603175149885,1613.4554506767156,7599.778116225661,26972.574964120853,57847.391366276264,75616.24596871242,86811.35945353901,2022-02-05,2022-01-09
96903.52989783762,97476.22936175246,98053.15551140616,98822.36282436301,99409.25289551995,99754.57866509644,99910.34599878725,99956.59695666816,99978.82684610247,2022-01-22,2022-01-16
91148.58187460502,92734.85705642967,94355.7132805463,96553.03867287419,98257.85978487595,99272.58169911784,99733.13469285816,99870.22496216068,99936.17106614335,2022-01-29,2022-01-16
84845.85844107329,87460.8249171299,90177.71288544909,93934.18472036772,96907.48994299688,98701.87189390656,99522.40064620938,99767.38239459704,99885.3497714905,2022-02-05,2022-01-16
79427.68488709876,82849.56221363715,86461.13685638871,91549.50367403011,95655.41281667433,98166.97705869765,99323.92424971379,99670.38088665785,99837.3813958921,2022-02-12,2022-01-16
92532.44283296756,93880.80921507445,95253.93845445954,97108.08910505222,98540.93687483444,99391.44385299936,99776.89546189412,99891.56241927491,99946.71086406076,2022-01-29,2022-01-23
89787.86631104928,91601.97252292157,93462.87370619383,95997.2732845102,97972.82845855986,99152.50336873393,99688.86022259457,99848.6274322887,99925.50051020968,2022-02-05,2022-01-23
82150.95774859813,85170.32879934514,88334.19107391537,92753.60152929358,96288.57597367889,98437.7139913648,99424.42481743071,99719.50470124127,99861.67514936722,2022-02-12,2022-01-23
74559.56686847791,78624.78168722053,82986.72693960296,89257.59173466342,94425.50764261647,97634.61217872136,99125.19896219709,99573.08386512274,99789.22542634593,2022-02-19,2022-01-23
93349.86034076638,94555.14159905707,95780.48361743079,97431.81082125341,98705.39505706873,99460.34086658501,99802.23464743236,99903.91390824554,99952.81106927147,2022-02-05,2022-01-30
76166.96801637093,79998.01203488474,84097.71001940081,89973.95249208964,94803.00225207685,97796.21530603246,99185.21805330078,99602.42496876084,99803.7368308364,2022-02-12,2022-01-30
35783.62482648997,42020.77196847336,49903.04414151833,64017.72901657434,78984.51053985655,90336.25336319399,96281.25851673493,98162.18633894468,99086.42497479657,2022-02-19,2022-01-30
8825.26657920127,11741.96463439173,16208.01609198009,27105.927283858502,45213.54537900492,67664.85246772003,85318.17267030134,92296.55905275598,96049.23396954357,2022-02-26,2022-01-30
67300.2231678191,72211.47015713603,77612.20344462144,85616.58261724132,92428.95947522565,96758.84573127881,98796.27212029231,99411.74250298334,99709.30052926362,2022-02-12,2022-02-06
62019.077087036654,67137.71194601717,72969.92947336976,82057.08854654347,90269.42094941757,95750.12808720101,98406.14494270342,99218.68604649986,99613.25628918751,2022-02-19,2022-02-06
11417.588295216747,14311.392603648781,18521.705184028913,28228.433820537804,43927.913715663904,64482.70297907044,82740.80366817862,90689.48048234767,95154.88241138768,2022-02-26,2022-02-06
1753.6046773721291,2409.57936020848,3481.164410452189,6476.850164037337,13162.353164529854,28436.92364373051,62111.2305987166,81898.94953664765,91279.95373064233,2022-03-05,2022-02-06
65844.94343495896,70840.01899867402,76384.7418976629,84707.37210553155,91894.39621411466,96514.35092235483,98702.67362069261,99365.56946032164,99686.36463824214,2022-02-19,2022-02-13
62591.90846860009,67964.32710671806,73973.91401154069,83074.60467288579,91000.45263287732,96123.00532716307,98555.87939309717,99293.59773271205,99650.71947783144,2022-02-26,2022-02-13
58074.58786460842,64255.494694175046,71126.45632717926,81397.58637006921,90194.05449558307,95800.86060013805,98440.55538181348,99237.87882240975,99623.32156888497,2022-03-05,2022-02-13
52545.57058670353,58825.896651172705,66054.63074540225,77432.14726905366,87774.80470300629,94671.39679324665,98004.12992504664,99021.98305700524,99515.93287963863,2022-03-12,2022-02-13
50985.26033310625,56966.76440077704,64026.825289125365,75531.82429215657,86445.43572541927,93997.21435771664,97733.61477181736,98886.6533792297,99448.25505685198,2022-02-26,2022-02-20
43468.221954409135,48773.603861123986,55372.406096896746,67173.10356907535,80091.98268949852,90494.00420234315,96255.77303932272,98134.85521843264,99069.1166217859,2022-03-05,2022-02-20
8363.144382418765,10600.324570716522,13917.19320641487,21844.721487619725,35625.537437061976,56329.843367192574,78857.98992911336,89377.33288882484,94811.30393110125,2022-03-12,2022-02-20
2397.9648447053405,3408.625079459777,5171.884452939823,10926.204665306686,31167.87322164809,72302.67989538703,90231.69516751179,95287.10980271791,97682.93542364599,2022-03-19,2022-02-20
35597.24540477962,41643.441677815325,49321.23664577518,63223.30992820782,78253.28571336821,89897.17238222991,96090.3931594374,98064.3484612823,99036.91538837808,2022-03-05,2022-02-27
65265.18114137161,70347.16057697617,75953.14783929456,84361.29450437929,91665.1655992636,96400.11557712336,98657.08636012436,99342.79491061003,99674.98224003606,2022-03-12,2022-02-27
47745.06056325267,53562.12578052514,60588.30895301142,72479.78747845152,84356.79659852784,92949.6422364837,97315.55735476592,98677.87004034677,99343.93072612466,2022-03-19,2022-02-27
29834.47891656147,35784.77763930814,43725.871086925,59090.471836414814,76293.55992446783,89206.51893843204,95858.5862640801,97954.07934391363,98983.0386974682,2022-03-26,2022-02-27
34376.757229470524,40570.016982424844,48464.766778597725,62758.62539312313,78125.80938477519,89918.75045523322,96121.83450779783,98084.15946352274,99047.8729802529,2022-03-12,2022-03-06
33926.313745544394,40607.379550630605,49260.346811201154,64913.996006109526,80655.43909975524,91489.84220731119,96793.92633894917,98425.61799067138,99219.80223377464,2022-03-19,2022-03-06
12764.218382625113,18477.832980754123,27368.388852248852,47648.47594956156,70504.92278741351,86483.86795489074,94764.44210614967,97405.08434620609,98708.03578190079,2022-03-26,2022-03-06
3348.891686426256,6842.063415393594,14679.88903171615,39056.65516522922,65116.02745145764,83032.46484080963,93185.60667384618,96582.5257566256,98288.48839780923,2022-04-02,2022-03-06
28261.949860224016,33866.87991757223,41367.22792639006,56139.53088938036,73705.97342551227,87848.57453268164,95329.66735990053,97693.64288753062,98853.95554508748,2022-03-19,2022-03-13
21235.88907444704,26707.80381143647,34648.28063445237,52592.43216438119,74906.63397705203,89238.68508640016,95950.45602048721,98009.36048387941,99012.76810907097,2022-03-26,2022-03-13
14181.445946261334,19279.305462778106,27481.013492140442,49275.60326063097,74454.2592458618,88721.79685600525,95682.81878610155,97866.8739445859,98939.48082760624,2022-04-02,2022-03-13
13146.81303876948,18078.75807583009,24727.719731059544,37980.28570991375,56950.2333655593,77964.36853434217,91195.51470361308,95599.91776922338,97800.16464537485,2022-04-09,2022-03-13
80943.08131827529,84064.39795073423,87376.9698770424,92080.1966021135,95909.98919880543,98269.44517653606,99360.87024184487,99688.2800659363,99846.19521391968,2020-11-14,2020-11-09
77030.81475471015,80693.58531074824,84623.51986699617,90278.51200744719,94948.34177563716,97854.36200083827,99206.10620122886,99612.53217631004,99808.71070685438,2020-11-21,2020-11-09
77777.87371332079,81358.15569085837,85184.42632848301,90662.23744475242,95160.38947293515,97947.80972824452,99241.27906290599,99629.79578542212,99817.26534041649,2020-11-28,2020-11-09
65246.02378211947,70450.29447899318,76195.10417020395,84730.03962457218,91985.54539998069,96578.13415190221,98731.02610208075,99380.13962959361,99693.74212087941,2020-12-05,2020-11-09
66024.91594119211,71084.36722619574,76667.35096126924,84976.2606817851,92077.773242274,96604.7913016299,98738.41036458203,99383.36076324174,99695.24084198174,2020-11-21,2020-11-16
69122.74914275194,73848.31638798268,79007.6224751425,86584.67666523195,92969.98330296023,96998.9154781378,98886.91897992292,99456.27620053959,99731.37841502862,2020-11-28,2020-11-16
45952.185823168445,52558.8419745296,60403.66535029595,73201.52069374405,85258.28773572938,93509.96022350674,97557.4678010259,98801.33078214909,99406.25187841209,2020-12-05,2020-11-16
24016.10085499393,30394.988343202007,38943.88737667716,55268.16596829539,73525.43934258659,87753.42320136512,95278.17074938916,97665.32026838358,98839.13403120522,2020-12-12,2020-11-16
73987.19111484311,78112.36317634307,82551.76655495878,88958.11535026082,94259.37368363759,97561.26424951758,99097.57190537998,99559.52124505496,99782.50412539135,2020-11-28,2020-11-23
79061.33377513006,82509.80568735852,86163.75644295909,91337.65031952462,95535.35677194757,98113.39830621441,99303.65337866789,99660.41687871362,99832.44049259977,2020-12-05,2020-11-23
72365.15990620932,76729.18180635151,81435.76980564422,88242.35349713285,93884.36437228663,97401.40651157926,99038.32917193665,99530.57913949998,99768.19476547168,2020-12-12,2020-11-23
59114.66534311703,64909.7927007698,71432.64016306876,81373.88927322453,90078.18413991468,95721.28894178927,98405.47889273262,99219.89413953033,99614.2247353077,2020-12-19,2020-11-23
66131.28775383219,71192.3581826689,76770.42750923043,85058.32647911076,92128.30313091612,96628.46195092509,98747.56348686817,99387.88916586131,99697.49336102829,2020-12-05,2020-11-30
72458.67532744246,76785.06574511762,81459.37196254209,88236.54838351003,93871.66227702674,97393.29629024227,99034.84484186691,99528.80572052959,99767.30089132757,2020-12-12,2020-11-30
72769.89480265215,77062.13384339087,81693.43118105692,88396.87386381076,93960.33708124515,97432.39175334724,99049.56250462562,99536.02981045567,99770.88072382328,2020-12-19,2020-11-30
58906.77742880029,64642.44254292696,71129.74511024152,81087.29541813643,89881.89600684922,95624.03643318338,98366.95641471293,99200.70130340621,99604.64572119479,2020-12-26,2020-11-30
57706.0444287989,63553.761644280574,70193.25224094126,80430.57293223971,89512.36633220802,95459.5241737193,98304.76006204936,99170.13433130192,99589.48946330139,2020-12-12,2020-12-07
72853.4227078153,77135.0924843255,81753.81458531851,88437.05777800934,93982.06239014027,97441.84197133328,99053.09860810099,99537.76236669552,99771.7385363422,2020-12-19,2020-12-07
72198.02932340023,76566.27038800479,81285.79351619042,88127.89050262494,93815.86289973024,97369.8052111101,99026.18949800995,99524.58465633162,99765.21570156742,2020-12-26,2020-12-07
65657.82554678908,70792.3056537258,76452.25856965927,84860.36900706167,92028.21377599754,96586.97493045045,98732.41453661733,99380.52302022335,99693.85983470966,2021-01-02,2020-12-07
64500.608666155844,69760.98775606572,75579.67773540418,84260.69401250033,91695.23473146094,96439.71732100044,98676.88954433361,99353.25509314466,99680.34410991722,2020-12-19,2020-12-14
74142.5898717896,78281.31154930645,82720.72726166477,89097.98002929614,94346.96379022727,97602.54029179616,99113.5620684837,99567.43574157497,99786.44175512383,2020-12-26,2020-12-14
72305.70438682054,76642.28806969033,81333.22621019879,88145.17806378145,93819.06976011954,97369.58231770639,99025.82877848786,99524.36732244746,99765.09841997198,2021-01-02,2020-12-14
65637.31723839515,70715.77631398564,76334.81878488831,84727.75440373583,91930.87616963468,96537.42865790568,98712.59537043881,99370.62223078604,99688.91225772719,2021-01-09,2020-12-14
62633.12544557775,68104.31959106112,74189.1536898728,83321.90432699051,91184.78754209356,96217.61700464188,98593.84935552259,99312.58281598685,99660.21055602266,2020-12-26,2020-12-21
71332.56609518586,75798.84462570779,80640.56935214339,87689.21706171977,93574.82149053203,97263.97826744942,98986.4289228764,99505.08001994704,99755.55313212614,2021-01-02,2020-12-21
53374.725399068506,59511.66563066625,66602.33477173443,77786.19056513008,87959.21476231884,94748.49666225289,98032.33976927125,99035.70763426869,99522.70476258967,2021-01-09,2020-12-21
40686.45453902224,47310.82390871518,55402.06080984298,69125.64382481421,82653.29002525107,92252.14417427026,97063.3431462548,98555.65383470237,99283.75006029407,2021-01-16,2020-12-21
19476.919853720898,25405.407049657082,33654.95810009735,50231.51181357727,69857.65726901707,85833.28802521976,94495.37098592754,97271.79682783136,98641.8680702913,2021-01-02,2020-12-28
12306.290784793335,17239.393981181674,24655.136686099286,41138.45524688878,62883.367110757536,82067.16568987834,92940.97365795447,96487.86599030974,98248.32839546168,2021-01-09,2020-12-28
16784.90928233836,22520.65813881523,30691.744047434076,47550.82025660702,67988.51857637473,84877.63499013562,94109.34414311555,97078.22196216458,98544.94560622878,2021-01-16,2020-12-28
20091.677715684775,26299.90472114125,34864.92794245615,51771.29042836952,71243.10829382045,86659.25370359367,94853.78497008918,97455.46593518749,98734.8020620646,2021-01-23,2020-12-28
31242.090302647044,35246.43862041604,40446.61743921348,50635.518228983936,64071.20987049799,78577.07874009885,89859.52785270839,94541.1785229044,97154.36427351716,2020-08-15,2020-08-09
21041.535960343328,25265.26786361125,31064.048431532596,43210.51179177925,60051.66626617231,77873.41246840454,90387.75355199288,95042.09981606004,97480.72641240843,2020-08-22,2020-08-09
10914.934037305293,14354.280331703467,19531.855720590815,31800.008506652597,51191.74764451314,73366.11046000388,88845.75096876973,94358.90339589585,97166.50938837802,2020-08-29,2020-08-09
26870.069720044365,34820.43852476399,45606.79482334013,64720.14103829903,81669.05554709457,92201.7592299454,97108.89699916162,98587.44466493062,99301.75571127709,2020-09-05,2020-08-09
87930.68849206081,90003.28643163906,92159.8653910683,95148.97207329306,97522.57423255417,98958.93926665858,99616.83445114503,99813.3968823753,99908.07164826013,2020-08-22,2020-08-16
69303.85939609888,73906.53090829986,78979.8470251285,86513.82350130467,92920.59166578838,96977.22633995124,98879.0529019139,99452.47626451345,99729.51137904053,2020-08-29,2020-08-16
63928.52282361235,69591.47046838162,75761.45608015527,84685.72209298659,92042.84966155053,96617.60159262583,98747.536178223,99388.43685802224,99697.89587557936,2020-09-05,2020-08-16
60284.20532056623,65644.89108471945,71757.73546136286,81274.84718076466,89856.63430689709,95572.67268592733,98340.00592362239,99186.31088916499,99597.23350782075,2020-09-12,2020-08-16
83594.27305675494,86290.3978918759,89146.09120485044,93193.478668365,96485.50906189845,98512.9892637854,99450.84443283566,99732.19559178769,99867.89823031447,2020-08-29,2020-08-23
57845.35579373858,63305.88520366246,69621.94757305282,79655.54077785392,88902.75479251512,95143.25564953213,98177.9774395204,99106.8170788002,99557.85824461129,2020-09-05,2020-08-23
47409.41283335945,53688.860090336726,61276.396084911255,73967.9164019784,86022.33013297249,94013.24156428105,97782.7167836579,98917.51658659724,99465.19728505137,2020-09-12,2020-08-23
50531.73813723446,57080.13862917811,64615.163467313774,76524.09991053776,87411.27963446657,94589.49094454462,97991.24555487435,99018.52606961297,99514.92129882511,2020-09-19,2020-08-23
85096.30998574407,87588.95469755483,90212.06271816614,93897.53476387991,96864.93022367492,98677.87893331637,99512.53081614865,99762.41872784894,99882.86195248543,2020-09-05,2020-08-30
73029.91529578954,77100.47726813084,81527.17673650837,88064.77256396522,93667.9912060534,97272.03796659906,98983.52575842921,99502.76916088352,99754.19532743213,2020-09-12,2020-08-30
50288.84532630335,55553.75658676082,61932.52861735793,72876.48498371746,84160.63518654963,92684.2573930573,97174.75023293085,98602.0038649507,99304.6572942916,2020-09-19,2020-08-30
28701.295291093495,33647.85313957997,40214.033609214515,53222.175310311875,69669.28072330485,84901.52204988866,94048.18767022325,97058.94272698116,98540.97558014902,2020-09-26,2020-08-30
87395.96326465739,89534.23500014379,91769.96932571493,94888.08634249118,97381.04248766915,98897.28134252054,99593.75108030457,99802.08534692062,99902.47077464017,2020-09-12,2020-09-06
71366.39587575762,75787.52475211221,80616.33600057273,87685.97450956482,93591.56184790956,97278.60180198397,98993.38981481123,99508.72223749374,99757.41279079953,2020-09-19,2020-09-06
71558.61846541338,76739.36288257394,81953.12527617198,88897.76425882202,94306.51520527537,97592.63937215369,99110.34763876139,99565.88658628764,99785.67726653181,2020-09-26,2020-09-06
70663.1864097935,74791.88314608799,79388.23146305574,86398.42273863351,92641.79410202747,96787.1703702988,98794.84824414358,99409.21850914025,99707.60970552191,2020-10-03,2020-09-06
84759.07247773491,87278.62816399474,89941.3619940077,93704.26165956398,96754.6588720465,98628.36926902123,99493.73917181403,99753.17246630555,99878.2746735426,2020-09-19,2020-09-13
76506.44059557038,80173.2645623557,84105.2714035174,89816.64914260915,94632.55275406028,97696.57763363961,99143.27120805938,99581.17161278141,99793.04536835045,2020-09-26,2020-09-13
53457.33150592541,61359.674319032296,69321.63369442336,80112.03518555198,89192.65371493979,95231.86537836966,98199.14401316775,99115.0524228706,99561.39348354697,2020-10-03,2020-09-13
25702.738588848366,36091.0407031249,50189.72520595208,67968.91299400634,81887.22386984993,91661.90429651579,96771.20420116471,98400.08817359013,99203.58552721045,2020-10-10,2020-09-13
80925.18442235894,83974.02827439421,87238.8341281434,91931.12752384524,95805.74920939379,98218.15491856012,99340.6962814517,99678.25443571579,99841.19796586438,2020-09-26,2020-09-20
71430.0202051255,75662.50916855816,80330.95746336442,87297.07347463697,93284.16997334178,97118.36820985391,98928.94295693311,99476.49767100909,99741.30446853275,2020-10-03,2020-09-20
54168.76374233879,59906.35760999237,66645.80294271633,77564.25782520081,87795.4604203606,94700.83936852335,98024.14646807167,99033.51713790114,99522.09121215552,2020-10-10,2020-09-20
40439.17576972431,47054.83393884878,55395.97772803768,70302.78543073701,85805.52804214487,95425.5333012336,98533.47085448321,99310.31667065204,99665.07881977606,2020-10-17,2020-09-20
81594.30375534525,84575.38551468206,87751.59465825098,92286.2892470387,96003.32831462103,98305.36009560761,99373.51231632373,99694.358013746,99849.17680856101,2020-10-03,2020-09-27
68298.79454409599,72943.43506468338,78100.18167893654,85841.72643655115,92516.74474322765,96790.9798665544,98807.62969197416,99417.2352615057,99712.00508590149,2020-10-10,2020-09-27
56847.30856646244,62686.5794578622,69450.48403383775,80102.49251793479,89558.8602330011,95573.9986869402,98366.65717349187,99203.39310625757,99606.66547391666,2020-10-17,2020-09-27
40628.36821651507,47172.63745826276,55284.37675808562,69334.85622934448,83330.69559533319,92898.14690518129,97391.25894686513,98730.40310937683,99373.73718407587,2020-10-24,2020-09-27
83001.7102402643,85803.0074778015,88769.25632232723,92968.43192156317,96375.72484536478,98468.56573929108,99434.8144367959,99724.42953563886,99864.07426918815,2020-10-10,2020-10-04
76696.58338217402,80471.26060599582,84508.0728636936,90271.63205819453,94975.66139435559,97874.2127792113,99214.85563995957,99617.00924142054,99810.97241531617,2020-10-17,2020-10-04
74343.97079128087,78483.26608334051,82873.41607940324,89142.12673197039,94326.3429423808,97578.22253242368,99101.49443419486,99561.068422176,99783.17916441897,2020-10-24,2020-10-04
68820.91047616724,73837.76654362606,79142.31983153014,86699.06328565218,92990.2508578798,96986.72835488632,98877.78677526716,99451.07321357103,99728.62374047094,2020-10-31,2020-10-04
91235.25465947433,92776.38891939892,94362.19530145098,96533.5054872823,98237.94576826264,99261.62740458388,99728.65921448931,99867.97802560008,99935.04574747215,2020-10-17,2020-10-11
75210.13391580248,79109.11522487189,83329.496271949,89456.66254056765,94537.28759045163,97688.52716641911,99146.73545699526,99583.86396854119,99794.61952159746,2020-10-24,2020-10-11
72099.6080144897,76816.09935575182,81817.4721621436,88785.16434240785,94286.82453036436,97600.52556578552,99116.46639125585,99569.36497056938,99787.51527000227,2020-10-31,2020-10-11
71843.52568271589,76756.82880709949,81898.09674453351,88917.20641380826,94369.55199009429,97635.95048265654,99129.35692433444,99575.61340024482,99790.5917843509,2020-11-07,2020-10-11
54142.467540248,60319.91452307616,67406.31120911725,78467.33056033992,88401.48040184956,94962.78581048036,98116.52881031166,99077.55947292579,99543.57110768446,2021-01-09,2021-01-04
70769.49115324311,75306.86331528284,80232.91375668654,87417.25933541854,93427.46612897093,97199.8019604641,98962.4032090655,99493.30658818588,99749.7235552284,2021-01-16,2021-01-04
64578.47892544535,69802.66819018805,75590.53659407322,84245.00990098043,91676.42778424271,96428.73043791078,98672.2897291828,99350.92936081636,99679.17540371805,2021-01-23,2021-01-04
43878.22912842586,50524.770391649494,58499.36935449563,71691.18820715607,84315.96400475888,93062.18433080518,97382.92310546085,98714.75416398421,99363.13212671554,2021-01-30,2021-01-04
49541.36456641624,56003.909065308515,63554.7456254865,75617.52929777186,86723.58237600402,94193.97364199642,97821.89646075055,98932.16426912413,99471.33546851885,2021-01-16,2021-01-11
67640.53626866543,72553.99205038197,77936.4044921675,85871.88414641096,92584.857714904,96831.52405171322,98824.31525826412,99425.60767050508,99716.19525413845,2021-01-23,2021-01-11
71501.15514616501,75959.84218462912,80785.75974675178,87796.94189623988,93637.84242550742,97292.64594681337,98997.37001586161,99510.47205087975,99758.23026562699,2021-01-30,2021-01-11
60003.12882533263,65776.4642394156,72239.11482212038,82006.9197699831,90468.74345895805,95905.28126346182,98476.87688492521,99255.25822777832,99631.82565624596,2021-02-06,2021-01-11
44154.91642153476,50819.78463159957,58799.682957719495,71957.80759433728,84497.68924327682,93153.27943360164,97419.31361275942,98732.93712554473,99372.22022879682,2021-01-23,2021-01-18
49376.00946088284,55844.19902452118,63409.57313512345,75510.28432750082,86662.5023152548,94167.0806147376,97811.84250339758,98927.24400140729,99468.9011557223,2021-01-30,2021-01-18
45578.011007198125,52228.9692691122,60131.029852910346,73025.45655740806,85168.80792573416,93473.46890560353,97544.34297352054,98794.98531177832,99403.13113384064,2021-02-06,2021-01-18
38532.03203164673,45373.45512490813,53768.957252028915,68044.68694942241,82095.33264633965,92023.19552073914,96980.87484848325,98515.7738557971,99264.13551608937,2021-02-13,2021-01-18
57592.44836892246,63437.49212584923,70080.20211141468,80336.98203293752,89452.37685094375,95430.63069286173,98293.43506751777,99164.5081717145,99586.68526212609,2021-01-30,2021-01-25
46291.29755701166,52830.05038424222,60600.80247701331,73300.30659137662,85294.56119287472,93520.7477091291,97560.62412335422,98802.748002851,99406.92275131418,2021-02-06,2021-01-25
27012.09124650692,33466.73859087919,41957.08365076984,57820.73007884479,75206.45827639337,88580.22077176344,95605.89901014314,97828.72269833539,98920.72347997733,2021-02-13,2021-01-25
13189.101196825433,18109.868354024453,25421.857149795433,41543.69579343765,62848.80387161505,81873.08279065583,92815.17073700194,96416.41834433345,98210.41874579812,2021-02-20,2021-01-25
35435.67956398702,42158.954340647644,50571.51696806489,65277.77340293319,80239.1838618487,91100.13278882082,96613.3346044408,98332.29899528145,99172.47266251745,2021-02-06,2021-02-01
24480.150913953697,30901.930252159145,39511.50535618949,55935.92337797297,74166.4776699951,88162.72130922804,95461.69836647893,97760.2720904599,98887.3968065082,2021-02-13,2021-02-01
13532.549823158193,18908.944087948843,26939.427324733762,44335.05827916536,66016.69044633629,83990.8473164594,93777.34008753969,96915.91402200452,98464.70816240943,2021-02-20,2021-02-01
9901.501993607537,14258.457079556983,21075.548141941297,37168.892382545535,59942.65514775544,80791.1360095267,92527.56246992554,96300.35550852747,98159.59571422807,2021-02-27,2021-02-01
7776.848378942169,11491.400435789074,17495.865475474617,32363.984033576424,54774.089614828124,77030.00321180992,90699.20845936058,95329.50892946166,97659.80665275514,2021-02-13,2021-02-08
19163.318487949542,25001.526296905173,33170.09304376693,49749.81569490562,69617.85252725387,85823.41934927827,94528.62179152836,97295.38950593627,98655.47165150636,2021-02-20,2021-02-08
20174.58863360112,26810.91096948825,36047.61859108654,54058.47813031254,73721.84020362938,88213.43210295582,95531.73147783252,97802.60492392584,98910.31272843595,2021-02-27,2021-02-08
22324.828741551544,29203.721204791487,38488.97878603839,55887.63164612499,74514.59627449511,88426.11176246923,95580.71601554674,97821.6776707547,98918.54568307223,2021-03-06,2021-02-08
69318.43094035587,73966.40280131587,79058.0774042153,86571.90347933811,92941.60037267962,96980.56154434608,98878.98464560062,99452.23019230226,99729.33719774736,2021-02-20,2021-02-15
53463.26906752639,59393.60438512405,66316.38737050329,77406.62598859139,87674.2060127389,94606.44391512808,97976.59682547949,99008.05501103366,99508.93576011335,2021-02-27,2021-02-15
34609.9364696579,41308.18407003238,49832.605503450366,64922.59075735454,80249.30182094347,91210.26952322193,96680.46413549327,98369.5546566731,99192.00906370026,2021-03-06,2021-02-15
20072.73653434119,24882.658418361803,31521.693867994614,45467.03003819892,64283.12516567746,82211.72050624466,92919.60455329051,96469.13584262993,98237.44140457564,2021-03-13,2021-02-15
18247.0545502192,23950.49767115643,32064.21673601163,48983.3847002347,69730.18684635375,86311.84195026387,94826.39306665114,97460.26448990636,98741.77814470524,2021-02-27,2021-02-22
16639.788894591275,23597.358945839176,33842.419185560524,53652.46484944967,73979.93881958703,88438.96521624658,95638.32330690204,97858.4600876584,98938.87105151446,2021-03-06,2021-02-22
12583.231010739848,18943.1213935856,28194.30191968753,47225.954914234746,69604.6823077459,86545.45680571799,94956.99437779357,97529.7240221673,98777.39372976504,2021-03-13,2021-02-22
8100.29014528624,13065.343750241847,21127.662031468146,40902.0910587914,67244.94095832577,86105.60688235362,94882.56792913533,97504.7380399524,98767.58840323045,2021-03-20,2021-02-22
48203.61006952343,55004.731765146935,62886.5805788957,75300.14495283093,86580.48739825339,94131.2429527369,97797.38702191947,98919.94037722236,99465.2265720788,2021-03-06,2021-03-01
24913.558792327083,32400.341595985505,42449.87356272106,60465.79631771107,78112.63545567436,90323.3111731492,96350.2582353391,98207.63833684048,99111.78225992783,2021-03-13,2021-03-01
13700.789828251083,20456.895996943982,31137.909823689857,53093.24416271354,75351.74115031901,89781.35178968575,96279.83066959075,98192.62868510427,99108.97397218185,2021-03-20,2021-03-01
16221.900152225875,25831.959914166142,40181.44076926912,63602.690867005665,81160.3783820849,91699.17661187417,96839.35115567074,98441.11060098307,99225.69369553264,2021-03-27,2021-03-01
3934.763464020083,6469.729546653734,11154.203808280023,25317.894411753536,51653.60217614023,78236.55309697459,92015.29070652052,96124.858686527,98091.16832290326,2021-03-13,2021-03-08
11399.991074771377,16804.65204544751,25722.146332638167,48038.37198890287,73874.15104763646,89186.02684857063,96018.30778751726,98056.9444056234,99039.87903826027,2021-03-20,2021-03-08
21211.014613627594,31147.711417604132,44909.47372389711,64061.77184687523,79782.61075109657,90780.95868181724,96454.32895388038,98247.34433962745,99128.6233814848,2021-03-27,2021-03-08
28278.513417943366,36292.58075318788,44466.35555117419,57774.495728637,72913.37897915515,86439.08918951654,94540.25952560463,97264.26516218913,98630.9339813361,2021-04-03,2021-03-08
1753.6055829617321,3634.627424764065,8193.718130744086,26898.802060589933,59547.12624180075,83001.7153018992,93734.10845033747,96941.41657369297,98488.33432667001,2021-03-20,2021-03-15
3204.4806903606022,6766.060719647058,14957.836520477771,41337.050867834085,70539.6156603224,87301.94649377702,95221.9574312494,97652.88493833687,98836.48412059319,2021-03-27,2021-03-15
10653.197855189661,21146.665526986002,36892.48810200894,56148.40718136068,73418.78207278127,87200.96566857322,94944.12106311078,97480.620959753,98742.49433641203,2021-04-03,2021-03-15
18314.578362690394,26636.298397110844,34296.61388792754,47222.00183940153,64285.07027885338,81963.06575422769,92870.03455872605,96459.20346792768,98236.54504727635,2021-04-10,2021-03-15
263.9340385169799,702.0265258241559,2041.7593219920236,9136.49100592252,29054.588503635376,59195.359545647094,82926.29766727808,91515.18240726709,95796.50114012265,2021-03-27,2021-03-22
521.7703873713695,1348.4093233646104,3752.853765464327,15324.07424738137,45878.58284983541,80337.78613975758,93358.12054825386,96828.14793117571,98447.8270893221,2021-04-03,2021-03-22
697.1367163763116,2067.913601933686,6422.564181495825,30396.075915316633,66900.61707739232,85890.4063934634,94720.27027564365,97410.50753602346,98717.23136402549,2021-04-10,2021-03-22
1052.6276515756133,3349.914579337915,11171.535510417805,38456.536934965436,64583.92750017636,84092.9245707511,93903.69647703406,96984.60283154144,98499.7056480993,2021-04-17,2021-03-22
9182.628378031972,13282.541584824943,19748.849045811363,35213.04831162605,57582.87957011146,78975.4563144745,91664.49850027724,95852.30655053392,97932.37514815861,2021-04-03,2021-03-29
2721.438679942717,5092.478085316104,9679.435658542181,23249.646311588316,47155.01895703562,73634.97247977731,89979.67285986154,95134.53700170916,97607.95162986878,2021-04-10,2021-03-29
22440.74926486822,33949.421708074646,46801.18845583605,64674.81853386781,80539.59975752319,91415.12108084731,96768.6650586086,98414.34234159207,99214.54798989862,2021-04-17,2021-03-29
13442.145867160167,17891.01413320737,24587.837742493735,40609.220599722714,63881.255839209756,83793.21685713727,93952.42567259182,97044.27654533599,98538.75861896349,2021-04-24,2021-03-29
59473.27437271946,65279.082803256955,71869.8216879904,81911.85248695966,90535.80113462512,95973.41307662359,98509.49458989082,99272.29887244475,99640.51624600193,2021-04-10,2021-04-05
58799.350388492945,64599.34791691501,71120.97450364497,81094.50028680499,89889.8243067597,95628.71379551421,98368.93971324946,99201.70810445021,99605.15261316668,2021-04-17,2021-04-05
55064.79486045321,60726.820521015805,67320.62959772632,77918.59768496365,87841.77022449633,94639.4260603844,97980.78761484248,99008.82801235064,99509.00576436307,2021-04-24,2021-04-05
43364.03591957227,49344.922554931814,56657.89550284749,69284.17335482524,82255.28091002416,91901.55348839262,96896.24267461307,98468.18206974484,99239.07877492595,2021-05-01,2021-04-05
59966.844921613105,65576.72167160918,71949.07423509656,81746.09012971107,90333.05154417065,95855.78773112588,98460.77795047074,99247.7700149672,99628.2170367994,2021-04-17,2021-04-12
54284.03844106515,60602.035351689825,67904.47613489661,79253.71886761521,89136.45433298382,95383.96427774987,98292.98557329053,99166.8485556844,99588.45975248449,2021-04-24,2021-04-12
58891.9229226461,65077.14661689706,71792.42414294143,81715.46153144845,90263.70770856651,95794.63897865135,98430.97237789554,99232.05819025417,99620.16605970493,2021-05-01,2021-04-12
48110.20965585004,53972.770225306405,61036.777477749354,72925.81190031121,84686.35443540853,93120.0053179145,97384.13115812434,98712.18426690198,99361.09158237705,2021-05-08,2021-04-12
44290.94768272038,50671.79593521984,58378.368951689234,71296.34885343614,83910.93325992372,92821.23816493577,97280.02484476766,98662.36489239219,99336.71393813688,2021-04-24,2021-04-19
38708.578566050506,45610.12312706454,54172.516328203754,68802.60696831507,82937.80499738964,92558.41392959758,97215.60525985667,98636.15991746221,99325.04933912611,2021-05-01,2021-04-19
40125.36247050174,48365.11453396554,58327.350028784305,73634.60682822939,86296.61278648695,94152.02498025332,97827.748659914,98937.99431129062,99474.91281395711,2021-05-08,2021-04-19
44082.25779225331,50130.77415862167,57435.62960633551,69923.95640805246,82659.69884536187,92092.92744106235,96970.21719880034,98504.74065687116,99257.25093755402,2021-05-15,2021-04-19
65355.55546949188,70427.76615200232,76077.30933802041,84568.55134389903,91870.06294424646,96522.686490691,98709.64300984562,99369.58639458865,99688.50027869472,2021-05-01,2021-04-26
70105.0480481848,74644.95642463739,79600.48099814977,86904.94977286003,93106.32296641167,97047.70833412811,98903.30043771635,99464.02354404079,99735.1473438639,2021-05-08,2021-04-26
59840.72362357469,65026.45800258414,71012.001252668,80517.29107309709,89311.40798903102,95294.8638043933,98228.59088633713,99130.5980150409,99569.37883323675,2021-05-15,2021-04-26
37901.234272965434,43776.74442995218,51257.03023907315,64855.53148486255,79495.847173246,90619.50365699714,96405.41389370711,98226.29779059438,99119.00653577248,2021-05-22,2021-04-26
69554.8291243563,74136.49656213242,79178.80025832036,86646.06528959851,92983.53043890836,96999.8078496056,98886.38256013951,99455.88419414034,99731.15334252166,2021-05-08,2021-05-03
50574.953933378965,56862.350026558204,64267.86195901974,76160.48973629643,87100.77747550736,94400.61557405656,97909.51141345961,98976.81451453043,99493.87170851094,2021-05-15,2021-05-03
52054.97577199093,58113.28142878625,65047.69077019237,76119.0748029509,86635.42131390504,94027.11272967681,97733.88396899813,98885.07758351191,99447.05897016778,2021-05-22,2021-05-03
35201.28429214934,40763.763768542725,48018.36141944906,61802.33270075462,77501.69517846253,89751.75336774408,96096.80394073589,98078.54269383296,99046.76313259438,2021-05-29,2021-05-03
57876.25814596361,63603.38625736599,70195.93872427758,80447.799842752,89536.92205525037,95471.64118098421,98309.01542658724,99172.1397520699,99590.46004330745,2021-05-15,2021-05-10
38239.85146919119,45296.647975796295,54044.32247773664,68706.6686063215,82718.7229657923,92377.73196237175,97129.02712024881,98590.68473602537,99301.78197691054,2021-05-22,2021-05-10
30402.670392283617,36590.74378037473,44708.45267829895,59982.23426055864,76909.28353339144,89683.02715154455,96114.32762548425,98094.06901603582,99056.14983135769,2021-05-29,2021-05-10
20029.01257681407,26393.817535659276,35690.09154738518,54544.71941153076,74507.67660336428,88626.76857145141,95682.21397088312,97874.34871241605,98945.23352657912,2021-06-05,2021-05-10
56098.794180643075,62068.36505694563,68833.0606819214,79285.70483011901,88726.93006596842,95065.51570638819,98148.26339651116,99092.15977012814,99550.57788864,2021-05-22,2021-05-17
30951.177995553357,38274.2980292808,47881.9519414071,64750.34392773861,81130.19202920057,91972.74222671676,97036.07383973249,98553.9472120852,99285.69780743995,2021-05-29,2021-05-17
29574.62247155968,37668.14152110302,48238.136568031674,65299.001266673,80315.64188838609,90908.52175103083,96468.50759609914,98247.98642379612,99127.30299870955,2021-06-05,2021-05-17
23563.095067409744,31559.930668863624,40779.065020170405,55473.56095640597,71935.59053694607,86136.86087433368,94422.51217713747,97200.82439969193,98597.51547377215,2021-06-12,2021-05-17
50790.99104610312,56349.99001057299,63007.975207632975,74279.73795837071,85542.38185290874,93582.97926430241,97582.98012254474,98814.12499526083,99412.70559552802,2021-05-29,2021-05-24
30742.05745868243,36363.113253635216,43441.88502898166,57090.253824408945,74118.95512661111,88182.25050036678,95495.46219674243,97780.8134691696,98898.47708720216,2021-06-05,2021-05-24
18490.464626997742,22869.116995537952,28735.136973648052,42483.09250184215,62393.287302333076,80766.11061120855,92172.2939265427,96064.47443280085,98027.00640079344,2021-06-12,2021-05-24
9958.506434437391,12662.706776266123,16542.045571472547,29356.312965484034,52946.33475176904,75109.14876463714,89484.1592005657,94628.97497752224,97284.50223913982,2021-06-19,2021-05-24
51495.500609804316,57526.25107905555,64615.46620554967,76246.1051638579,87291.96849214575,94416.4133332071,97865.70793921778,98944.87684510212,99475.26769231634,2021-06-05,2021-05-31
26234.02116059952,33527.464722454635,42711.5919531996,58195.36714217794,74198.97039111686,87186.22793625279,94780.94829330091,97366.08580570578,98676.26981036954,2021-06-12,2021-05-31
11503.49328766013,18028.506042075347,26584.67210665108,41862.392433306995,60555.73598559081,78656.19113107373,90763.27793177303,95230.16480448747,97573.66109330686,2021-06-19,2021-05-31
4776.263791898802,9985.398527901929,17479.114945329147,32668.816785432624,51836.78836873365,71741.44385027475,86990.063378933,93131.92068792296,96468.4010490221,2021-06-26,2021-05-31
34941.044864533025,40906.022567224805,48671.42091743042,63372.99115376307,78589.12901368662,89360.53337270055,95541.33254437287,97711.47865633981,98837.88488899234,2021-06-12,2021-06-07
18740.940134727043,22339.249134219262,27922.424393666035,43491.99669594677,61387.29729809008,76705.3671073049,88621.47356095276,93819.22634064977,96765.68048785384,2021-06-19,2021-06-07
10155.84699005396,12267.03122428606,16103.86409337386,29541.330660459436,49057.7241232217,70749.45435363018,85144.14309427528,91753.86503480143,95647.67824208827,2021-06-26,2021-06-07
5334.706963438558,6589.377358052106,9007.293793104496,20933.14967256002,38047.642073064555,64546.68094525091,82019.57158780623,89772.14964919678,94541.48638623244,2021-07-03,2021-06-07
29453.61428240661,36159.08838686483,44282.78377734421,58267.823344416,73377.19549007548,85855.78325810534,93899.41496331451,96842.66044475547,98390.23275309718,2021-06-19,2021-06-14
16284.884022350216,19608.21850987315,24449.562332947244,37906.283653577,56659.40023983603,73085.16584679962,87430.44733250003,93444.00595594656,96669.0137478202,2021-06-26,2021-06-14
8810.479345562342,10729.165882271831,14066.676152148902,27487.39941094186,46197.72717789981,64322.25393156717,82129.2653001381,90228.28587797916,94879.41694843714,2021-07-03,2021-06-14
4917.920157750288,6133.648164419405,8284.909919687243,20501.084146658413,38574.063650755445,60642.62266220955,80809.06274289818,89839.9285577751,94854.10714918603,2021-07-10,2021-06-14
22098.41041546928,27990.74278126645,36004.526450204416,51453.453395834855,67012.70674139158,78124.29674762454,88325.07155133513,93515.15493273764,96590.57894652008,2021-06-26,2021-06-21
12914.506999392037,17391.27659757064,24076.06950069035,39269.30365665281,58736.16083749826,75672.23316582013,87523.45573712142,92996.17326084281,96271.74573847781,2021-07-03,2021-06-21
7331.954969918715,11006.377801121977,16952.504310654087,31458.476055500916,51980.954016986354,70887.70522834812,84565.69699121304,91233.11156528244,95309.36654379845,2021-07-10,2021-06-21
3741.8852801470857,6318.513237169994,11249.473012872311,24837.74301632303,46239.93954692338,71581.46783726211,86674.06475903062,92556.30649436165,96022.17234194341,2021-07-17,2021-06-21
19345.286607803217,22868.815458339654,28868.183158323634,46303.73200449946,67390.95364303204,81783.20878376967,91195.70150458765,95173.68169651373,97453.30219300056,2021-07-03,2021-06-28
6881.0869180656955,8591.032886221848,15439.164044115823,34460.540971613045,57159.00191967115,76634.7535839031,89260.12491569918,94303.1316546438,97059.78905421407,2021-07-10,2021-06-28
3825.91904660027,4743.872255522717,9069.21342994658,26934.825574886323,50420.84903495084,74199.91830638102,88659.3009739116,93985.59657958716,96887.18206375442,2021-07-17,2021-06-28
2593.6358466452366,3189.2872172188195,5350.156732815957,21412.228388427677,46992.4035934312,72718.52309655979,88445.9859192023,93913.63017088259,96854.05562638183,2021-07-24,2021-06-28
27167.364423742565,32845.44783336179,40677.48927518871,56064.42054917111,73794.76739546024,88282.89569434563,95341.65964624722,97609.84648282627,98782.2870486207,2021-07-10,2021-07-05
19737.303933828876,25223.21395905085,32838.99637305344,48031.10267292738,65892.79972740478,81651.81065420511,91987.72049464288,95838.5580502681,97875.58250564104,2021-07-17,2021-07-05
14259.881851401402,19345.742592197203,26915.356834177535,43344.833599524245,63694.62596392776,81011.38985722743,91776.33759113155,95731.9626854677,97820.95266427299,2021-07-24,2021-07-05
10034.421163120818,14483.124624836037,21870.580535373607,39965.085233278456,62494.58189742343,80857.54933880249,91830.09731085198,95781.09251194238,97851.5616728284,2021-07-31,2021-07-05
25876.75445558167,32614.063915686304,42232.3283681183,59788.04068287147,76687.74310152743,89137.55796509956,95769.10238599048,97899.54109423449,98953.36744345656,2021-07-17,2021-07-12
17893.165067945465,23720.373352546314,32738.323059708007,51376.24996688561,71320.10463856936,86694.37451122444,94869.5929720607,97463.47381946837,98738.74870066867,2021-07-24,2021-07-12
12926.31925428282,17780.26231280641,25552.628016086055,43148.433406666154,65126.942489656016,83563.62796946637,93644.66780211483,96859.80980617469,98439.51227891381,2021-07-31,2021-07-12
8839.64280881868,12701.855096456555,19254.663858911255,35785.80091394773,58463.83059206028,79323.6282069843,91746.9942557556,95885.65668443794,97947.35872286842,2021-08-07,2021-07-12
32174.790780635452,37385.039759277905,44311.33576629283,58008.269761840405,74647.26409020378,88372.55566614296,95598.83074960485,97841.60038748525,98931.53894711466,2021-07-24,2021-07-19
17589.20986855242,21984.095922068977,28401.77627740312,43357.69046430619,66912.14125786,87007.85913287815,95424.90504350804,97794.66871559566,98916.42020339216,2021-07-31,2021-07-19
16150.097144609526,21874.54603553727,31218.26166998371,51387.93601833775,69853.9431687099,84927.85806051023,93933.42482548133,96961.48400026726,98479.79566521967,2021-08-07,2021-07-19
12436.851980834703,17026.00381079845,21872.96092319682,29278.122500479574,41181.59438612293,71959.67931359811,90058.26056051192,95166.58950414401,97613.44820825275,2021-08-14,2021-07-19
40496.33929014732,46183.14636986776,53300.44489864464,66038.27506609382,79792.89926424164,90549.36551936067,96328.26628843466,98179.7761797524,99093.7793505485,2021-07-31,2021-07-26
20585.381557857112,25486.06507218069,32304.680197968424,46565.132320948775,65327.645152693636,82734.16817816833,93087.76188564746,96542.71279488762,98271.26591827536,2021-08-07,2021-07-26
14097.440665719552,18280.79310151001,24461.693821794874,38611.64972826225,59308.45261522149,79705.05485598501,91920.01828394912,95969.13095777947,97987.28715633217,2021-08-14,2021-07-26
10414.97467833339,13841.770497459907,19060.726635186966,31617.13439579199,51663.023044174006,74223.37452202979,89421.8601267259,94695.18943385125,97347.7574796785,2021-08-21,2021-07-26
43660.062823349894,49805.57630950783,57304.4006806914,70112.15348653267,82973.7420958881,92308.806046541,97067.00990617303,98554.65033119946,99282.56527493951,2021-08-07,2021-08-02
20657.468240815975,26089.13344873936,33621.21252867905,49002.64204942765,68097.64186149108,84592.15480331182,93926.49140134829,96976.32997824777,98491.47198887436,2021-08-14,2021-08-02
12812.441910928892,17208.66476753384,23780.49051971278,38728.00594538892,59805.19411742624,79926.61983526539,91960.38115720479,95978.37258565806,97988.92219109945,2021-08-21,2021-08-02
9185.168681884412,12840.474653111321,18585.661637338373,32672.968797920163,54476.88502722287,76863.33692929223,90691.22565418214,95341.42182975265,97670.34892180613,2021-08-28,2021-08-02
68414.0121248889,73104.91230398529,78279.95597126051,85990.30449180915,92598.29512274906,96823.3908634008,98818.8113295644,99422.54678009347,99714.59259678955,2021-08-14,2021-08-09
42560.03232834652,48982.81343716937,56800.29131030793,70039.99953702408,83119.67153840876,92441.85232039177,97131.37958770304,98588.5112386087,99299.90028266009,2021-08-21,2021-08-09
31957.775316063842,38566.74966222701,47053.74106868549,62391.196386237476,78476.74051884079,90307.03085458299,96316.72556962998,98187.3574796289,99100.83478570617,2021-08-28,2021-08-09
26641.61612678447,32919.23463969176,41233.24857412631,56991.80359286738,74591.79696482468,88283.43699157935,95493.45447471223,97773.73887851993,98893.55553490108,2021-09-04,2021-08-09
66105.09410004884,71100.55262129636,76631.3201119178,84902.84375264673,92014.94785994611,96570.98785505172,98724.61388781332,99376.43061522901,99691.76881115383,2021-08-21,2021-08-16
65962.05723113209,70988.19913397476,76550.31202313841,84861.58333065834,91998.96493087613,96565.90523098278,98723.05475941184,99375.71829642614,99691.42855473227,2021-08-28,2021-08-16
32764.66138576534,39068.097047781295,47140.19973414461,61819.56711038622,77607.16466686389,89680.96992684771,96026.02756782182,98035.65426641107,99023.42486674439,2021-09-04,2021-08-16
39877.4612597062,46421.13289904131,54474.188559777525,68289.99074189541,82093.18840291399,91980.25029561808,96957.21405947702,98503.05899448665,99257.57236184199,2021-09-11,2021-08-16
64687.33659020233,69847.24466946998,75579.90018198897,84188.96010154896,91622.52369097478,96398.54217569939,98659.78604475444,99344.62296005449,99676.00982594103,2021-08-28,2021-08-23
32990.890353247676,39610.86257871335,48021.638416458445,63046.17503028546,78726.2934538068,90342.99200843327,96311.044144465,98181.2804977238,99096.99740363899,2021-09-04,2021-08-23
16615.151057166582,22047.40447783069,29820.314220187214,46117.12261260949,66494.51422787782,83919.74487672854,93681.56728867281,96857.26639027863,98432.73187806095,2021-09-11,2021-08-23
2386.9068359761345,3884.034506609045,6698.436113861328,15687.042173145332,34977.70228372178,62054.187283609106,83292.06043060229,91371.76422160523,95615.7230273393,2021-09-18,2021-08-23
57118.43757648827,62931.30190666249,69571.04246887295,79900.65121842457,89167.08917660669,95291.9031286378,98238.84885512198,99137.36033823408,99573.1471162409,2021-09-04,2021-08-30
27782.405499054687,34254.81398171577,42753.54522179474,58589.752700778394,75829.17860149166,88943.94413216683,95763.422122348,97909.4437626135,98961.56949960755,2021-09-11,2021-08-30
11375.794631516374,15887.385272671123,22764.360436026545,38531.377930275645,60389.31500807302,80576.59850960497,92307.68856328307,96166.7022185184,98086.76491730145,2021-09-18,2021-08-30
4712.757392114915,7625.771567575245,12906.846023781445,28363.970874888328,54827.9183625587,79075.0613953003,91985.58628645081,96047.12665592381,98036.86303791392,2021-09-25,2021-08-30
54139.94394635526,60158.50497495016,67112.8267601747,78093.87093151128,88106.53385566476,94806.33454113988,98052.77663628373,99045.53588882016,99527.52600240496,2021-09-11,2021-09-06
52227.10505504646,58375.08469964078,65529.16767082075,76927.0815935683,87420.21045808445,94491.67680623091,97932.11961349328,98985.98126405792,99497.93465594019,2021-09-18,2021-09-06
53298.19345066083,59512.3769579259,66686.19973154133,77954.03825947775,88116.91914190579,94838.67707740141,98070.17395516041,99054.8676338508,99532.34156134678,2021-09-25,2021-09-06
47141.58242927395,53461.7547910401,61000.17063718299,73411.58926868523,85264.41377308131,93478.04867256607,97538.92025600071,98791.23230459893,99401.00726992484,2021-10-02,2021-09-06
49930.341311149765,56200.97435196289,63570.2498410826,75458.67895948896,86547.52026242147,94089.8496590849,97777.82241804605,98909.7964919101,99460.07447878023,2021-09-18,2021-09-13
33578.09545772828,40392.42098264146,49015.06124410146,64245.75663408125,79786.95499469472,90972.87460661225,96583.73779739604,98320.88232421302,99167.59488510172,2021-09-25,2021-09-13
510.83601582732484,923.8277850047161,1817.7869514272686,5499.128992164914,17437.03215165318,44555.094779942134,74043.79005323496,86494.55208470489,93136.02524709806,2021-10-02,2021-09-13
7303.080848351604,11347.659313227668,18340.36398892293,36665.73933515505,61992.552601434996,82530.34729455193,93302.56568625035,96695.00414172989,98358.2214881041,2021-10-09,2021-09-13
51244.05170637048,57400.83117352276,64609.28918622557,76192.1071752264,86960.88234815265,94273.64350003439,97847.21885471536,98943.88555772403,99476.97291040764,2021-09-25,2021-09-20
36708.7956664893,43536.43216253751,51998.821343327945,66570.63324752658,81125.13074503874,91542.50554665817,96789.33227646956,98420.10329595301,99216.32362340095,2021-10-02,2021-09-20
24441.503824375228,32922.89236118055,43690.61478515011,61065.95092062467,77660.42335023808,89761.96692011767,96057.44081221503,98050.53479405679,99030.60929992613,2021-10-09,2021-09-20
28.29175044402219,59.7924191467591,142.48060799661275,619.351397151808,3335.2798597422798,18496.375019306175,55187.34211022326,76032.15824972377,87833.23911910452,2021-10-16,2021-09-20
42250.53560965275,48648.2974503497,56453.44312045733,69721.391165296,82894.41950479808,92325.72726471629,97084.29595817135,98564.87376856882,99288.0583677078,2021-10-02,2021-09-27
34167.83484753041,40607.0573669026,48779.48733640916,63419.09238615888,78821.32464002234,90342.05149668214,96301.685668608,98175.2557347605,99093.66076976134,2021-10-09,2021-09-27
20518.9439516159,26916.839815658346,35702.18979678922,52830.58618434177,72271.48386953012,87383.96531873538,95205.82583987061,97642.57596473013,98831.18063300863,2021-10-16,2021-09-27
4500.9176082516815,6370.290995712815,9474.812679753128,18134.62415596288,35605.21975669004,61653.80731372782,83330.88283467045,91507.53228335781,95723.15217652374,2021-10-23,2021-09-27
66675.57780957542,71624.46924209686,77090.32538336613,85235.721932378,92208.61435053936,96659.22255489646,98758.35237443492,99393.06945467893,99700.03292706034,2021-10-09,2021-10-04
35097.491364757276,41656.100175179425,49927.8107635252,64581.77987320176,79731.9156108244,90848.25763284914,96514.95592942783,98283.61146916293,99148.26276553526,2021-10-16,2021-10-04
16692.96203761474,22091.32217563254,29879.306508420945,46490.45111035434,67579.03176588942,85126.03128083391,94354.23831253895,97226.63968780104,98625.74787908982,2021-10-23,2021-10-04
8145.379065324195,12183.672224522616,18934.20215257722,36704.473931504246,64176.503831115406,85557.83374393596,94865.84938095772,97524.41253476833,98783.97050548691,2021-10-30,2021-10-04
67189.71607729842,72061.51715996892,77441.90130576651,85460.84041005165,92326.95545257036,96709.94328573711,98777.21787374574,99402.29741538559,99704.59822440695,2021-10-16,2021-10-11
34997.39271759537,41447.980427733986,49595.26185861515,64101.32721168917,79274.11224890781,90574.5603411925,96397.97389052012,98224.11071850477,99118.28161892237,2021-10-23,2021-10-11
16993.06472097306,22362.02788404744,30090.051785873355,46587.99412165229,67781.6770281174,85550.88334418189,94633.12191819548,97383.9799971315,98708.75032386034,2021-10-30,2021-10-11
9779.22647114746,14694.818750923958,23047.387951042107,45325.19611535943,74037.19661513522,90113.1108694944,96501.66632525879,98312.19660693,99170.51634300861,2021-11-06,2021-10-11
94831.47184114938,95768.75590820695,96721.32105895074,98004.66793607429,98994.26008786628,99580.82361753123,99846.45788703958,99925.45743942924,99963.44804758807,2020-07-25,2020-07-20
74821.7180687777,78717.29031092497,82944.48748253287,89117.88430874345,94300.96540730925,97567.31081301933,99097.74425544348,99559.2981345938,99782.32018777945,2020-08-01,2020-07-20
56005.54559633035,61622.5125884311,68145.49973419584,78561.16654299,88231.30471359464,94818.63290689784,98049.23435499273,99042.54526123559,99525.74067870248,2020-08-08,2020-07-20
42758.0497643507,48857.19160016366,56341.64026821741,69241.8612152902,82359.30793825745,91990.88750900046,96937.78604817585,98489.72357866981,99250.02540886668,2020-08-15,2020-07-20
88434.75122271686,90425.95919029265,92495.52349702289,95360.18479627973,97631.8574815316,99005.2288840502,99633.94493931222,99821.74982909438,99912.20001384975,2020-08-01,2020-07-27
72908.17441221111,77039.16423548477,81548.62813477866,88181.34609961741,93790.85647123592,97344.33119340138,99014.11305205352,99518.2924292921,99762.01063961445,2020-08-08,2020-07-27
55367.74866810277,61049.515870561096,67642.4219781057,78173.69444682993,87981.12414188936,94694.05923400611,97999.2976690412,99017.5482670724,99513.23422922535,2020-08-15,2020-07-27
39843.078753559705,45744.254832129984,53111.89292929291,66194.09106840687,80095.6162233108,90768.64146828213,96428.92168174284,98232.03640743163,99120.37279480662,2020-08-22,2020-07-27
92046.3346016037,93453.06843920212,94898.44359550808,96871.42586384717,98413.49104265937,99336.23888209792,99756.28781611532,99881.47314863601,99941.71741742954,2020-08-08,2020-08-03
70474.52062740758,74796.92634502072,79581.42922267393,86756.00360481924,92963.842560267,96968.42755680486,98870.55573440042,99447.5216457527,99726.8671548032,2020-08-15,2020-08-03
52730.88672672807,58406.276565823064,65114.751639930066,76109.83302195052,86660.27435955696,94055.11563241846,97747.95512159004,98892.52148618776,99450.87680013808,2020-08-22,2020-08-03
36909.513161372284,42882.211853075605,50422.455825786266,64007.296632392936,78673.17334217305,90066.55686881814,96149.32308158364,98092.38406829642,99050.57851960286,2020-08-29,2020-08-03
82150.14615716755,85059.78745400434,88152.08749243888,92552.84030632414,96147.54211944764,98368.11730538865,99396.99804878548,99705.86553314357,99854.87441198154,2020-08-15,2020-08-10
60107.38056297838,65332.23857495869,71338.06538608595,80814.23558716637,89512.19988493735,95393.84343405243,98267.70436358513,99150.07038608566,99579.09365743685,2020-08-22,2020-08-10
43240.26226071844,49154.406746834036,56429.66660499118,69060.40997459734,82085.78289773475,91804.05662363098,96853.57868068384,98446.19593946057,99227.9185459039,2020-08-29,2020-08-10
28618.082327983873,34331.33206799813,41905.44409129469,56551.17341182771,73686.11442056451,87661.64931981648,95219.28709634485,97633.29218021163,98822.56018730781,2020-09-05,2020-08-10
79766.2681790962,82983.76568277829,86436.0957439097,91409.96059257258,95528.19293782859,98098.17174333447,99295.88550534604,99656.30810018154,99830.33399474529,2020-08-22,2020-08-17
56528.77120006781,61942.32752641736,68261.16268984768,78451.48280031426,88059.58212180235,94705.68953297661,97999.37282062764,99016.9309861367,99512.77023162277,2020-08-29,2020-08-17
42726.57344628264,48618.35548078145,55896.047210768265,68603.7918237991,81788.25810804903,91661.694767342,96798.54618009042,98419.03211327849,99214.42813786252,2020-09-05,2020-08-17
31411.30507706536,37117.692735924094,44557.61212081954,58633.30850452362,74827.55713391265,88096.73506545734,95365.97088597578,97702.8757212796,98856.50041831403,2020-09-12,2020-08-17
88821.76075786931,90725.50592370956,92712.51298999938,95478.21067895918,97685.18051339813,99025.80314477248,99641.20670378197,99825.24463445548,99913.91533639809,2020-08-29,2020-08-24
63591.77819723563,68374.73675396979,73851.68385452645,82474.63868451663,90398.69857296474,95775.15887501507,98409.534097804,99219.43220416948,99613.40441278611,2020-09-05,2020-08-24
43842.632734770516,49617.7052500214,56759.796689698014,69269.05378240318,82273.6564835388,91952.29853744534,96929.19704673992,98486.9179501761,99249.02267037534,2020-09-12,2020-08-24
32458.492163392846,38176.88327417719,45652.41394386622,59874.797167300654,76171.38327939324,89058.88007181989,95815.9035741844,97937.86208267041,98976.40755880905,2020-09-19,2020-08-24
88389.98457107965,90361.01690926032,92420.95618438705,95292.80820124588,97588.40755444876,98984.58729371951,99625.93273436026,99817.7824933749,99910.22584528486,2020-09-05,2020-08-31
61815.104112798,66724.75695911083,72383.13698279373,81373.61220455286,89730.82887922585,95459.8562426279,98286.55346898199,99158.38949828786,99582.98891155055,2020-09-12,2020-08-31
43839.967494752775,49469.53112264207,56433.55063753284,68692.14504330019,81635.20137160583,91517.57446328481,96728.09788230703,98381.85587204975,99195.36568012516,2020-09-19,2020-08-31
29414.531426701138,34813.29995920355,41969.52226444553,55926.55700049559,72673.78903042241,86893.13917310155,94865.36338845103,97451.64940803156,98730.98155920296,2020-09-26,2020-08-31
86739.58313282796,88941.98775096514,91263.71942605828,94536.62618087555,97184.93433400901,98810.41210420309,99560.98239466289,99785.99150080609,99894.49336268351,2020-09-12,2020-09-07
58340.4324008705,63397.54610709224,69318.50356185077,78953.23079522033,88196.15622733215,94716.2054868421,97993.40831035654,99012.46828639274,99510.18629234658,2020-09-19,2020-09-07
41816.0480611276,47373.14632988646,54339.09173296613,66895.7718747235,80608.34763826715,91207.10075993615,96668.73225462028,98363.71322901803,99189.21854893617,2020-09-26,2020-09-07
29425.380744594313,34977.77885095612,42466.44236373703,57544.36811935104,75698.08892621593,89309.29388378277,95981.20205919612,98027.35102433791,99022.52616696757,2020-10-03,2020-09-07
89449.9264811705,91295.71602857376,93199.50755645322,95812.260851599,97868.33523937131,99105.83267363362,99671.18541248665,99839.93634219514,99921.1900100905,2020-09-19,2020-09-14
62883.93100905776,67989.55994959666,73851.91748662997,82967.03758815277,90984.12473046209,96132.35341871035,98562.11880165154,99297.02961800242,99652.50509994604,2020-09-26,2020-09-14
46822.291868597145,53148.113975281994,60872.836013210675,73611.37152354166,85445.799717336,93531.40235636121,97547.51654859597,98793.2621354292,99401.4459852393,2020-10-03,2020-09-14
35788.04614897689,42861.64071806604,51990.457661155386,67968.24723586098,84327.72122577074,96858.04424438346,99502.67352518064,99777.91528712254,99894.13722792413,2020-10-10,2020-09-14
80653.453959431,83617.17765429078,86835.1408953104,91554.14034668554,95550.27709365627,98092.15564414905,99290.85540541355,99653.43013833654,99828.80994616415,2020-09-26,2020-09-21
63352.382344021506,67950.8248408606,73270.19506207753,81798.70736042118,89854.97290371373,95475.55753800862,98284.47040341083,99156.1030330687,99581.54606274776,2020-10-03,2020-09-21
47366.14679839809,52769.831510434866,59345.17188929646,70738.71097017641,82695.77225727176,91917.25703829376,96857.73152027949,98441.64962544995,99224.006162637,2020-10-10,2020-09-21
33404.66579939805,38961.955803286415,46026.51927752905,59142.64818497605,74348.23811943976,87370.66747481389,94934.8897039671,97461.48656911688,98729.10352989029,2020-10-17,2020-09-21
65332.12242892907,69806.57646743412,74941.07207866944,83075.07941350463,90641.62691432514,95850.27651587884,98431.14559759045,99228.97661004658,99617.87254640632,2020-10-03,2020-09-28
47132.21740894516,52639.87562872373,59391.241122220315,71107.01539627361,83227.2958163523,92308.38863748316,97042.89835690531,98538.95699923235,99273.83659332905,2020-10-10,2020-09-28
35580.1346401428,41201.49914192563,48391.470223135555,61671.612335985905,76623.89709394627,88824.72041962533,95600.75951085938,97809.34593895815,98906.85435653925,2020-10-17,2020-09-28
25319.569643102062,30576.097039518878,37557.29409073792,51338.67351404462,68498.90663023687,84103.23490621633,93533.97713191654,96744.00516979156,98365.95635132311,2020-10-24,2020-09-28
68192.03788703299,72510.16403291219,77395.77764099088,84971.44473938123,91821.09064899206,96415.40047729701,98652.9756166667,99339.28533918489,99672.88311832232,2020-10-10,2020-10-05
50087.14148549216,55576.13143395577,62212.92502778586,73493.08831667574,84845.21679327925,93132.86992658138,97376.84074562888,98706.65240625317,99357.86827450652,2020-10-17,2020-10-05
38443.17176268136,44194.982091487596,51445.35583242733,64526.58286503035,78775.28127929926,90018.69687584328,96108.19965077104,98068.24081403644,99037.61724585078,2020-10-24,2020-10-05
29065.690446076158,34464.18883213324,41579.545973207045,55351.259256717916,71879.33772277302,86206.43137919594,94494.28140048162,97246.16124758698,98622.76637834754,2020-10-31,2020-10-05
66635.92742774497,71162.88852558784,76291.95898597388,84250.46329755078,91440.11675534569,96252.97817405387,98592.89570693792,99309.95949225215,99658.39080884292,2020-10-17,2020-10-12
50204.999869779844,55804.54175750308,62543.49060476914,73899.77357710573,85185.03326880865,93324.09917936994,97457.4236381265,98747.5731752862,99378.4820061941,2020-10-24,2020-10-12
40254.48491200739,46208.45019629238,53630.73038910243,66738.0974512053,80526.65818473963,91006.99169034266,96528.75825802275,98282.65235109563,99145.85125167946,2020-10-31,2020-10-12
31971.28367319367,37651.16386656017,45011.07839194642,58843.15175712091,74721.11846242193,87862.03232606602,95212.93282296565,97614.99816655168,98809.57556073788,2020-11-07,2020-10-12
62561.14648867548,67436.4758947333,73034.9251265137,81881.97157343217,90048.24539267634,95611.85172659045,98346.13026782288,99187.99674861132,99597.74903407421,2020-10-24,2020-10-19
45268.60745169176,51025.46544680072,58086.60289097476,70314.53750883599,82880.0238876321,92199.13129752042,97012.56577182819,98525.91343452476,99267.83754927227,2020-10-31,2020-10-19
34848.67685619632,40828.76037150248,48494.94569991629,62520.18275490148,77793.2649100386,89666.2530662585,95996.51492889921,98017.05200272295,99013.16802914724,2020-11-07,2020-10-19
27323.531864941408,33001.90318904394,40526.49679836304,55036.98393672209,72116.58120390319,86515.32753120176,94661.39510591404,97336.9007785432,98669.9268342607,2020-11-14,2020-10-19
72444.04658646634,76549.32313493373,81063.72818226152,87776.78068868899,93532.67539791703,97220.74789533726,98965.84747611165,99494.34226921925,99750.08015901178,2020-10-31,2020-10-26
60883.22885694951,66112.38861805614,72093.51980727221,81451.99714311889,89936.77478773278,95605.2651842828,98352.08005351853,99192.22852175651,99600.16554344389,2020-11-07,2020-10-26
53230.26483094444,59025.36145305143,65806.78563732369,76773.31841704485,87131.27517817999,94296.43012696829,97845.33919740212,98941.3321612566,99475.31003143483,2020-11-14,2020-10-26
35108.25971853395,42174.38414742129,50721.528216784725,65271.54569037036,80014.9167523382,90890.38070490347,96508.32233721038,98276.43162627051,99143.7119210241,2020-11-21,2020-10-26
72585.98501201355,76717.32341327822,81243.71606135783,87938.45962642334,93640.31981150589,97273.39566477228,98986.5979540992,99504.6664094766,99755.2295321443,2020-11-07,2020-11-02
63948.41067925179,68975.65424506151,74642.47306554964,83337.29478272893,91048.91298552362,96115.84614969653,98547.96094812645,99288.9248831424,99648.21455064863,2020-11-14,2020-11-02
61544.14093605244,66809.81691525251,72786.32706869744,82034.90055526663,90311.72481464765,95785.59769763384,98422.65566513441,99227.27043852872,99617.6262644007,2020-11-21,2020-11-02
62578.97924610189,67829.7586492217,73738.5756011369,82780.48948135348,90769.95879407688,96001.1028782707,98506.24903951584,99268.67265662116,99638.23205960054,2020-11-28,2020-11-02
69268.2518807625,73950.49037148662,79076.38473252176,86621.90951037394,92988.7905434117,97007.08527843143,98889.99775129781,99457.78901478679,99732.12854859661,2021-10-23,2021-10-18
36481.548667503645,43035.636499600674,51288.305643099884,65874.41147968327,80802.24360764991,91489.68478503432,96795.49909740062,98427.69235668152,99221.23650746843,2021-10-30,2021-10-18
18370.012363023074,24321.74403667461,33017.202864593775,51885.53523951468,74292.78595664354,89395.31373358687,96160.87166245948,98138.98615629454,99083.59595619922,2021-11-06,2021-10-18
15178.91138669518,23961.33714419667,39435.35756479704,66620.07350119711,82915.89335841991,92345.49492622692,97051.51045915266,98539.91375059253,99273.30485937238,2021-11-13,2021-10-18
60682.519641688996,66075.47836324558,72207.14716862555,81696.3354054077,90161.59228770688,95732.09811880544,98405.0106599484,99218.99519237054,99613.61925915169,2021-10-30,2021-10-25
42448.06250756855,49202.5255941257,57300.60670663305,70735.95716623018,83702.580356746,92764.59952919875,97265.80307747796,98656.49379794938,99334.0751489268,2021-11-06,2021-10-25
23685.438917579744,31159.294482694553,41072.33130654118,58944.060961159536,76970.2743157058,89710.5614951946,96093.38692360058,98077.04830049022,99045.93065614588,2021-11-13,2021-10-25
15703.93007495578,23459.74683708675,34289.54389449008,53391.090044636556,72094.7199321467,86604.56560874311,94695.48968258819,97352.7832316284,98677.53155158671,2021-11-20,2021-10-25
41768.5794156737,48052.48196399006,55772.52072370101,69049.08778284825,82422.12843545114,92093.1757595138,96993.38648165332,98519.83569262746,99265.64844073255,2021-11-06,2021-11-01
33547.56953450537,39715.442373112004,47616.611084412645,62049.02876173061,77703.203769625,89736.3394619374,96054.28824027278,98051.0898498431,99031.4931220942,2021-11-13,2021-11-01
19990.829448511453,25624.961152024236,33429.863621848526,49361.98725846565,68980.89089090865,85398.98625151455,94339.27636490884,97197.60477752596,98605.80521836915,2021-11-20,2021-11-01
10791.743495215505,15771.07999359841,23322.24555166822,40094.397477682905,62317.3368671309,81889.28693713094,92897.05833281175,96470.37827583698,98240.68881799777,2021-11-27,2021-11-01
70856.22082937713,75244.50627970509,80062.20222342164,87195.24048015659,93262.77575289695,97117.0551632633,98929.62010580683,99476.98319225623,99741.57989172092,2021-11-13,2021-11-08
40135.49747238537,46606.50208904089,54656.58654167901,68622.75959825328,82530.80493602759,92283.25429146347,97094.317851814,98573.95549429354,99293.58055037932,2021-11-20,2021-11-08
19641.32442910655,25488.043038963762,33888.13069257276,51414.08442838008,71795.92617886103,87229.28573210174,95132.76987549185,97602.15894194644,98809.84138462313,2021-11-27,2021-11-08
9605.702012159736,14135.021062376774,21684.870983066714,40181.73024101715,63954.64144809366,83205.6615229891,93507.1922873443,96787.22080965774,98401.87867795132,2021-12-04,2021-11-08
73117.40793674537,77221.51957524182,81698.53951291041,88279.78182137386,93843.57758946119,97367.20457334834,99022.67292787244,99522.48746320492,99764.08796939191,2021-11-20,2021-11-15
42024.29514942693,48190.294265713295,55778.54631084917,68891.50656134117,82221.96788926932,91962.97314024693,96935.75316837901,98490.19306973784,99250.62873906815,2021-11-27,2021-11-15
19770.804065187727,25003.87823302985,32334.980793414332,47606.38811459087,67101.6687633371,84190.45699601718,93809.02697271631,96926.13108937207,98468.61155888783,2021-12-04,2021-11-15
8650.392837581143,12175.701098512964,17809.60531838504,32073.647224896264,54940.65145796716,77899.52446958431,91302.12061979149,95675.8178723041,97844.27924340633,2021-12-11,2021-11-15
74879.54185458313,78784.02535496168,83014.35137028398,89178.74075761437,94340.48214261876,97586.33524703431,99105.18685393823,99562.99277278296,99784.16095340841,2021-11-27,2021-11-22
42992.290145120474,49142.88956869485,56672.44475225562,69591.93439862205,82635.96334150356,92143.66625759573,97001.73136873725,98522.1325355055,99266.33606981287,2021-12-04,2021-11-22
20235.239032546197,25474.129534785854,32758.80838730374,47763.576376167905,66755.49936991117,83643.57504885101,93473.83382716152,96737.2330365282,98368.68223942685,2021-12-11,2021-11-22
8527.97211871974,11872.949720746177,17131.641446447124,30112.924702700802,50797.554721976994,73598.68277499547,88967.32344757255,94407.33901130117,97185.4090734189,2021-12-18,2021-11-22
74354.81486688777,78354.57063290797,82683.34984122677,88980.79087053002,94243.06709992069,97546.5109912518,99090.72536342885,99555.97176884073,99780.70017887623,2021-12-04,2021-11-29
44979.671378470455,51242.33148410825,58813.967997188774,71537.12272987016,84010.04432098931,92853.43616820211,97289.85226419517,98666.82966636715,99338.8387237873,2021-12-11,2021-11-29
23263.62948752065,29183.206140539085,37331.524759611486,53577.885487187865,72448.34824227741,87290.0852507769,95111.36527828878,97584.89856121497,98799.65571750414,2021-12-18,2021-11-29
9836.486984983454,13645.83924856247,19610.487819239905,34180.92549578819,56478.76119470079,78587.19098819932,91585.30719358513,95823.08747676088,97919.76057323616,2021-12-25,2021-11-29
79782.397035746,83188.99512026376,86761.9549200164,91761.41000888955,95772.04881958512,98217.72357504362,99342.86642399561,99679.65231523424,99841.96931815214,2021-12-11,2021-12-06
69044.49445094304,73619.63451626539,78672.57730068215,86217.35226856447,92704.42565287574,96864.74951930561,98833.41776624022,99429.57331491138,99718.04027586964,2021-12-18,2021-12-06
55578.96029948229,61281.01642744899,67898.48800867553,78443.93769944628,88197.61004923907,94814.31277394466,98049.69192210525,99043.09359494994,99526.09122468566,2021-12-25,2021-12-06
40801.13210851326,47003.52858045591,54667.92690438688,67982.23671762651,81609.61331650458,91646.25581868357,96805.68034190171,98424.53854507812,99217.64249893218,2022-01-01,2021-12-06
80168.98044272308,83440.334814422,86903.56507395813,91803.29415761739,95776.07124158069,98215.25664806888,99341.28252442167,99678.78313720276,99841.51703845999,2021-12-18,2021-12-13
76243.35680086649,80047.88906713839,84124.7135849808,89978.96408811749,94800.23092692404,97793.58251672341,99183.98984902236,99601.7877050218,99803.41285292407,2021-12-25,2021-12-13
78073.27116919373,81627.09317027821,85416.31101841995,90825.0010608672,95251.93502871394,97988.54444084039,99256.6755007163,99637.36192344392,99821.01679177443,2022-01-01,2021-12-13
61965.74472544588,67352.9330351822,73402.32782546616,82620.33962974124,90715.757428681,95987.15502919402,98502.79626547598,99267.24681905139,99637.59012647827,2022-01-08,2021-12-13
78858.25415365616,82312.36356123295,85983.62392760911,91202.98051756858,95456.49726468134,98077.56485303887,99289.98916258682,99653.68480330292,99829.09854508755,2021-12-25,2021-12-20
74363.64252562095,78412.63424671335,82775.8936200117,89084.8542618204,94318.26652071513,97584.34260628016,99105.77172915539,99563.47506453938,99784.44650022025,2022-01-01,2021-12-20
72723.00777939057,77034.84051864625,81684.68091908771,88407.94011060499,93976.31398424692,97442.63648431239,99054.03182862935,99538.31718954496,99772.03688801973,2022-01-08,2021-12-20
61279.130934304216,67388.77435586818,74012.55576036658,83613.94749146143,91533.92292474609,96422.23775580696,98679.57809203272,99355.93114939347,99681.9935650518,2022-01-15,2021-12-20
78575.23313288872,82107.09371409664,85848.47704704403,91143.71224245663,95437.05323837759,98072.32101003746,99288.56820799496,99653.06725220161,99828.81148600798,2022-01-08,2022-01-03
65285.15753279775,70467.11706135391,76183.0686010175,84680.67809546382,91930.52365885544,96544.26555190732,98716.38851209712,99372.66373199846,99689.96685539605,2022-01-15,2022-01-03
57622.30233809646,63469.82051345564,70112.70154444654,80364.38590169579,89469.93659603296,95439.05241066734,98296.72732353225,99166.14234250814,99587.49942454661,2022-01-22,2022-01-03
73351.74927343073,77575.72346741396,82123.16515000968,88687.08044681512,94118.94676068723,97501.80276859556,99075.60259312979,99548.79819754655,99777.2048167792,2022-01-29,2022-01-03
80486.77325087074,83759.47474625005,87201.60115601071,92030.84032574165,95910.70224318682,98276.69487781047,99364.74684356106,99690.34832719126,99847.25938258193,2022-01-15,2022-01-10
62214.935041831974,67716.21158423682,73844.24211916537,83064.90779773175,91030.9697867023,96146.11194836548,98566.23488856867,99298.9225833316,99653.41577866688,2022-01-22,2022-01-10
7935.875578180908,11607.078194493926,17513.916926268976,32130.818633683655,54330.60275946284,76659.67442798355,90514.69578313743,95231.09715525701,97609.04935460415,2022-01-29,2022-01-10
256.4879220752352,580.2633849262018,1437.8531046524558,5852.325993144086,21664.779458275978,52884.67178502182,79552.02468853086,89541.3348710033,94714.90238967509,2022-02-05,2022-01-10
81586.30532475645,84700.95109788612,87965.07327647226,92524.73946862864,96171.65489016606,98388.5882378352,99406.33500169072,99710.68381861583,99857.31791484533,2022-01-22,2022-01-17
50.42756635253452,112.1677101168442,279.27367769559163,1234.6033029201226,5805.82763569178,21874.16755554802,51453.87731796195,70721.13986044444,83742.93418694263,2022-01-29,2022-01-17
33569.18076722802,40198.381653057775,48592.21849997646,63519.68463568124,79027.4433701068,90485.12471721892,96365.81363473578,98208.31557026472,99110.42734463677,2022-02-05,2022-01-17
4828.593255462137,7926.076634542718,13339.462746438523,27751.90315686999,50733.75828158435,74528.20554248082,89573.45105066418,94744.62111331656,97361.73193135331,2022-02-12,2022-01-17
82477.33564910702,85474.98597491074,88599.85119717292,92939.63612718861,96391.87608038646,98483.15705930469,99441.49777327714,99727.87891085357,99865.82341260462,2022-01-29,2022-01-24
47597.025250321305,54039.15459148432,61662.10161368583,74061.90111421578,85727.93246205687,93714.00724721,97633.6101395571,98838.5962336528,99424.6916612198,2022-02-05,2022-01-24
16175.83257415552,21365.880790376574,28830.97419284457,44702.89933267712,65065.30120650333,82992.45666970988,93261.25292515765,96638.8915623719,98321.48737413016,2022-02-12,2022-01-24
3849.854552194652,6031.722964783977,9897.051446556958,21061.632541146144,41963.240002784165,67743.30649685056,86227.90949549037,92963.07539728699,96443.58103256283,2022-02-19,2022-01-24
66095.95632921612,71321.35562661868,77009.35029020354,85332.36692631434,92322.59724518894,96724.4940323403,98785.4108452851,99406.70961884287,99706.87730578879,2022-02-05,2022-01-31
33089.107361665214,39620.78487213959,47930.82590623044,62832.759009835216,78497.07412222146,90197.83048229887,96246.79009008723,98148.18535020408,99080.21281091565,2022-02-12,2022-01-31
22079.517185825607,28440.190956025985,36765.680259809196,52509.463261692996,70727.97257519013,85913.60463950293,94439.37457001816,97228.86280043429,98616.64246162234,2022-02-19,2022-01-31
5579.264274727296,7516.422845939334,10580.67186198718,18595.07425455019,33876.44509724394,57077.2163437235,79183.50383846626,88838.7479011029,94216.72380916441,2022-02-26,2022-01-31
71115.30879977708,75939.3107618599,81007.22127528317,88123.76496631633,93874.27378373891,97408.26601101847,99042.5654511446,99532.88443083549,99769.38973044451,2022-02-12,2022-02-07
44.49911011841423,97.40283069916646,238.8012894522969,1040.3734684914255,4947.701575197155,19765.309073315988,50983.52408337024,73260.73292403665,86976.55610936372,2022-02-19,2022-02-07
378.92556289670233,895.5054413098081,2531.6744956538478,12395.911886981048,30016.45503905289,55249.953853739804,79625.97260973752,89558.7190238515,94739.3661025383,2022-02-26,2022-02-07
1700.5133842353368,2472.300229342968,3909.034102276013,9570.669881075215,35067.80607892402,63276.03203110559,82810.39884143515,90839.90173266994,95264.42102130865,2022-03-05,2022-02-07
36842.690052931444,44515.471019762415,53750.840163764355,68772.44887685176,82815.16321538034,92419.32597783624,97142.86645483862,98597.12753067621,99304.88516728845,2022-02-19,2022-02-14
13654.144929507182,18258.538018821127,25147.217509329053,40835.41393070888,62647.92604999165,82304.57520669843,93163.13215138022,96621.55015339894,98320.86748663898,2022-02-26,2022-02-14
3326.4425509672715,5954.357131605086,11039.102806890947,24877.780892103543,48336.77705944979,74018.97871692538,89557.60821431418,94762.62085570385,97376.60043173953,2022-03-05,2022-02-14
613.706761360874,1519.5971956581436,3792.7096199311477,12323.843873321408,27204.15283024807,50027.72259892119,77348.36803855744,88478.91214363015,94210.38543531732,2022-03-12,2022-02-14
24533.17891532429,30942.34927931253,39700.09280938798,56516.320467480145,74719.07052827756,88406.03206914813,95540.16224536684,97795.79594370491,98904.18946666725,2022-02-26,2022-02-21
4463.513047913484,7705.958536674969,14019.529369495069,32431.068652847855,60489.27493228008,81813.82934110919,92915.9555753673,96480.86233337678,98245.7155456248,2022-03-05,2022-02-21
938.4437156227999,2401.1004391009646,6233.099660816523,17593.23947073302,41446.601090927485,70476.01035110699,88437.80298092561,94289.0553743087,97162.76649703406,2022-03-12,2022-02-21
246.59326783088665,722.1003747288379,2054.1416926713287,7878.659636912872,26752.911275432547,56512.36462316304,82764.00173074377,91398.3259352142,95696.58121314655,2022-03-19,2022-02-21
29440.69514264814,35231.59795378735,42793.118075747036,57138.77727928702,73726.36553294047,87444.53929960703,95068.93857799865,97547.25507638008,98776.81147436082,2022-03-05,2022-02-28
8002.628953032086,11675.824568570095,17875.92946557484,34886.42903664035,59547.64557503937,80135.4064670807,92021.49188433537,96000.67348182255,97997.77071023926,2022-03-12,2022-02-28
2209.1339401478886,4139.43648847,8195.195306412612,16527.269721501463,32181.43805111893,65176.01943830834,86375.93448789966,93238.70675816579,96632.85750453142,2022-03-19,2022-02-28
132.69781313763306,400.3916200842691,1334.027039412705,3998.5053857734365,16110.778629026767,54287.42045536843,80316.1532383563,89851.3924157379,94841.96162651341,2022-03-26,2022-02-28
6100.030692998476,8632.075091200035,12850.241157286173,24368.06796088591,45158.2710876785,70408.30647826423,87949.34324838631,93994.55940052176,97008.5076366952,2022-03-12,2022-03-07
1731.8340645378798,2935.408920718607,5376.871446086218,14639.547949653139,42117.09160569661,76753.6272782695,91864.99381322469,96091.2388665969,98082.4438178929,2022-03-19,2022-03-07
655.9175081024033,1365.1842820282343,3284.2058711420236,15168.40184412863,47644.61060182141,76680.28391240953,91138.46346801479,95614.9952103456,97816.2268165589,2022-03-26,2022-03-07
150.11868851576278,376.75831420560564,1140.8956013725174,8757.908130911926,40803.268463278444,70795.16815803263,89411.47973549622,94996.29183273744,97566.67635239848,2022-04-02,2022-03-07
107.96510457554452,281.8725178581513,933.429903148078,6370.634061984742,25780.43344939819,62496.485311077864,87277.56745825669,93989.08613285371,97073.50013115037,2022-03-19,2022-03-14
1191.5581636241134,2367.6104873335194,5338.508091222991,18015.19000587308,38541.86222419115,71707.38386764377,89721.48930882331,95021.06169039337,97548.83703480329,2022-03-26,2022-03-14
378.106372836158,953.6227159480547,2074.519306719152,4527.425825545583,38395.71461535208,70823.0726575331,88310.05144670396,94144.43464663348,97069.09221755358,2022-04-02,2022-03-14
94.2550328358226,187.1711104259183,280.7384097316737,774.1081580324973,24266.209122342258,62702.42590977322,84496.15801981263,92099.62740786216,96009.32994202095,2022-04-09,2022-03-14
70287.07489795738,74692.74706593985,79551.93210343058,86796.27559529494,93015.51366335113,96999.70955163133,98883.8689744652,99454.28633635468,99730.27459900753,2020-08-15,2020-08-06
54787.21347658523,60447.12132003778,67058.72281802431,77706.32955263848,87696.68211403435,94563.00468420857,97949.16248104387,98992.83517894195,99500.9640630663,2020-08-22,2020-08-06
41426.84037327363,47507.856903451,55025.187390549734,68118.89470503561,81602.81204300332,91609.57557275519,96784.38871372165,98412.86417689091,99211.55401344105,2020-08-29,2020-08-06
30427.372115165053,36275.07505180195,43923.14695143663,58373.050726740745,74816.38724704532,88104.40892515231,95357.31727716987,97695.23075819048,98851.71711241757,2020-09-05,2020-08-06
71846.08563875245,76072.53925832549,80711.76400024729,87587.04111048019,93452.19896455355,97192.26130895768,98956.3814962612,99489.88380422263,99747.91592507843,2020-08-22,2020-08-13
55013.82630195952,60660.607326921774,67253.82360181025,77861.17789732842,87796.51541779615,94612.1535699129,97968.71689838696,99002.59917983749,99505.84309980359,2020-08-29,2020-08-13
40890.73726691176,46943.83013624424,54451.27812628996,67598.33367256145,81235.54913709352,91420.3032638788,96707.70068134369,98374.3778062591,99192.2769011994,2020-09-05,2020-08-13
29317.300977650688,35055.10037400546,42599.70602723104,57002.83651695125,73688.42517787936,87448.85365067584,95074.54198698523,97550.50164762157,98778.52414265688,2020-09-12,2020-08-13
76924.2735008924,80560.88781300434,84477.4606110547,90145.10844475121,94859.25440369437,97810.85390461043,99188.98231990795,99604.01678276928,99804.46458023819,2020-08-29,2020-08-20
57587.40422994432,63009.62119733946,69287.85015072343,79299.25400423365,88609.41681491112,94974.43511400174,98105.6551165574,99069.88750137754,99539.20385406731,2020-09-05,2020-08-20
41691.53905303768,47630.51627286677,54989.755111852464,67888.85523941013,81326.98538045111,91429.51369824602,96703.90403243764,98371.30214317513,99190.45012790583,2020-09-12,2020-08-20
29758.807412222963,35416.865574605254,42859.83781960281,57105.21491724018,73686.19483327738,87422.9748296368,95058.91567817806,97541.82679169373,98773.97160686336,2020-09-19,2020-08-20
75663.26207153637,79364.66621629425,83402.51775915522,89347.30439033867,94390.44971555221,97596.63517065732,99107.01765655425,99563.5895980181,99784.38453104196,2020-09-12,2020-09-03
52617.759915134506,58155.514414295365,64737.54271790837,75637.87109351442,86265.48163726788,93833.83223389398,97655.03197464756,98845.39570498628,99427.153362673,2020-09-19,2020-09-03
37733.14012541855,43441.8114197013,50669.628020884375,63812.4784002053,78272.29141180884,89763.45049176551,96006.1641967006,98017.29269133515,99012.16548314925,2020-09-26,2020-09-03
25470.496067510518,30626.38452476911,37567.2570844182,51432.46046591415,68775.63979588775,84414.97649674302,93717.664967533,96847.55509209217,98420.8590758117,2020-10-03,2020-09-03
73655.86010398137,77555.58766958668,81849.72893480655,88253.30483797283,93768.15101444523,97316.8069642668,99000.63941729572,99511.21663373281,99758.39343246167,2020-10-03,2020-09-24
51422.553592632044,56922.31826706244,63503.92489157799,74532.77973096169,85479.73543379188,93421.5363478513,97485.77449050396,98760.05706547228,99384.30743302651,2020-10-10,2020-09-24
37024.10622990996,42619.95669191944,49731.21536673291,62768.67165873749,77346.4011474199,89187.05148809885,95746.64953442528,97882.49703930256,98943.48539339066,2020-10-17,2020-09-24
25096.7727124842,30124.656411954682,36899.72482688169,50490.40494439335,67699.8353465056,83583.20857515106,93291.96649115594,96616.68475407448,98300.64438585292,2020-10-24,2020-09-24
79306.17051611166,82603.41860796134,86139.48456197456,91229.1753590684,95437.61108848553,98060.67635360619,99282.18516715366,99649.64389441081,99827.04604192708,2020-10-17,2020-10-08
58394.83984154678,63735.227661180325,69916.62890226395,79759.5744657911,88886.24493569274,95104.85575241316,98156.49161354481,99095.11559748735,99551.77285469526,2020-10-24,2020-10-08
42066.47809991322,47949.79829528488,55236.530246042224,68018.23890652946,81369.56511260751,91438.15923185404,96705.2657765313,98371.69134229262,99190.57660874445,2020-10-31,2020-10-08
27555.68275521755,33029.867121570715,40306.75307702446,54494.00053960006,71523.0318778667,86146.11763979518,94502.48715844945,97256.0871939175,98629.22973767197,2020-11-07,2020-10-08
82499.22590246536,85382.32520702748,88434.36656044882,92754.9940399469,96263.02722199114,98419.98538224517,99416.68599365074,99715.55288299802,99859.68051619835,2020-10-24,2020-10-15
60912.67417447567,66135.18156529356,72105.19485665258,81444.72788961293,89920.38615635617,95593.18757139247,98346.51028875088,99189.33201460988,99598.69031529,2020-10-31,2020-10-15
46557.091566571355,52473.78929788045,59638.73845188989,71786.16194433368,83928.19225214019,92734.98924942214,97227.9945911994,98633.71791590127,99321.75535016462,2020-11-07,2020-10-15
33187.00094857251,39026.41950423123,46548.37456733191,60503.28278775788,76144.33455525889,88719.7644607162,95591.50367953253,97810.30667350708,98908.74839145446,2020-11-14,2020-10-15
82156.67159390678,85091.15665353842,88199.77239807686,92604.29763808422,96183.72674037374,98386.04277041041,99404.07854971658,99709.38925698436,99856.63205034929,2020-10-31,2020-10-22
62759.23670308436,67853.94883724776,73632.84841420359,82577.4007070763,90593.2296126198,95904.24515076636,98466.32162489442,99248.5533353018,99628.13662393716,2020-11-07,2020-10-22
46950.30131109232,52888.74115705174,60061.350889784895,72169.78052921318,84200.14992952735,92876.2418651468,97285.54807063824,98662.65910346582,99336.26621571525,2020-11-14,2020-10-22
32054.98060263277,37914.291260814774,45499.47874523824,59653.45524659643,75599.62122853352,88455.70448110967,95487.58799630718,97758.61795860772,98882.97013276463,2020-11-21,2020-10-22
88811.67220991565,90762.70206591165,92779.92935481209,95553.85557220438,97738.06236088663,99051.74389897774,99651.39686439325,99830.30707536369,99916.4383071797,2020-11-07,2020-10-29
79363.75133967435,82732.01697219671,86312.84123445253,91406.00719172474,95559.5777830248,98120.67233372197,99305.82462571058,99661.4006209898,99832.90851066074,2020-11-14,2020-10-29
76047.96316041691,79863.3281893897,83959.91650415801,89858.10699446313,94730.07239366512,97761.79873358656,99171.88061733838,99595.82299462458,99800.45210430736,2020-11-21,2020-10-29
75549.69378458062,79436.17752155823,83612.9460234652,89632.95926685748,94610.75255927883,97710.52802137716,99152.80483853543,99586.4925001791,99795.83626641732,2020-11-28,2020-10-29
91165.07495238578,92733.99602477674,94343.42259340093,96535.72157704925,98245.18300067518,99266.29796239927,99730.66066560448,99868.99537990574,99935.55813156474,2020-11-14,2020-11-05
82564.38528463208,85486.32681733283,88559.19796717484,92871.9696247662,96340.03992915081,98456.96405290034,99431.10512806018,99722.7021655795,99863.24029030389,2020-11-21,2020-11-05
79346.14578489025,82729.65311775237,86321.76481081279,91421.65212249546,95572.06429279565,98127.13801376453,99308.41866776218,99662.69703698704,99833.55642170428,2020-11-28,2020-11-05
78507.39415975024,82007.09743826288,85731.83378817387,91036.11690779065,95366.58596298257,98038.54298801848,99275.40432319498,99646.54124886883,99825.56226460918,2020-12-05,2020-11-05
96142.07471876162,96850.81386900386,97566.96035302353,98525.20463934922,99258.96677715743,99691.78516930414,99887.27913111259,99945.3571541833,99973.27660688106,2020-11-21,2020-11-12
93299.25725692218,94509.84217686384,95742.30406367058,97406.02412488064,98691.39308533246,99454.25186871128,99799.95815481787,99902.79883348152,99952.25907563374,2020-11-28,2020-11-12
91185.2903608166,92765.07330705386,94379.46587215428,96567.98422222331,98265.67156671507,99275.92346191577,99734.3765363721,99870.83224709616,99936.47143757877,2020-12-05,2020-11-12
78702.93201690864,82212.15920665022,85930.10001277545,91193.33692862977,95461.95061205732,98082.65555385745,99292.35140193226,99654.90867868006,99829.72029426569,2020-12-12,2020-11-12
96630.62934824529,97251.65534892633,97878.24133553496,98715.1913754696,99354.95083093761,99731.86539075784,99901.99846050813,99952.52880568925,99976.81785685093,2020-11-28,2020-11-19
92223.62506589052,93620.22826804005,95045.84644628422,96976.32511061586,98472.49731814535,99362.39960711257,99766.15136718171,99886.3162845569,99944.11775855022,2020-12-05,2020-11-19
88678.4503184239,90668.73228606071,92719.66075898237,95528.13184548999,97729.629012033,99049.39699446925,99650.73452100113,99830.01354692168,99916.30030372713,2020-12-12,2020-11-19
80320.11200982955,83601.70937192246,87061.19890170435,91929.0859748588,95852.45930429087,98250.5764618913,99354.84603833166,99685.47896712359,99844.84416500868,2020-12-19,2020-11-19
94643.21395267428,95618.45461571841,96607.9057452527,97938.18470210022,98961.74713561116,99567.51470343371,99841.61491260953,99923.10431207823,99962.28764512352,2020-12-12,2020-12-03
88834.60115937692,90795.0402692392,92816.21712075043,95585.70124986625,97758.14038058669,99061.15302144382,99655.02631853097,99832.10088117393,99917.33010270915,2020-12-19,2020-12-03
86693.5668805165,88997.36452227827,91387.06347243387,94685.43528090813,97292.09701421368,98863.7160170675,99582.04285059562,99796.47173777394,99899.72062764995,2020-12-26,2020-12-03
84075.19941877699,86785.1677019613,89617.1301158225,93560.82812637246,96705.99881350202,98614.42390531042,99489.72347913003,99751.37884367822,99877.42793465893,2021-01-02,2020-12-03
96496.66546893382,97142.17925153463,97793.56568373601,98663.78618281367,99329.08592098988,99721.0908779433,99898.04583590424,99950.60360283768,99975.86739112169,2020-12-19,2020-12-10
93631.11127396386,94785.56637580854,95959.15361377494,97540.62853875586,98760.27785351253,99483.2346495345,99810.63825500224,99908.00785874584,99954.83244176793,2020-12-26,2020-12-10
89580.87715480349,91424.72378202739,93319.24610995397,95904.57071630404,97923.9807609549,99131.5991848534,99681.09821919721,99844.83317845516,99923.62403098641,2021-01-02,2020-12-10
84596.44462621675,87237.84781095259,89989.3630522223,93806.00598344971,96837.27928533753,98671.15030037554,99510.879895939,99761.73426846364,99882.55252708562,2021-01-09,2020-12-10
96505.55981448975,97149.356130429,97799.04524384727,98667.05455150642,99330.70791860377,99721.76102053068,99898.29069805797,99950.7227966752,99975.92622024017,2020-12-26,2020-12-17
93740.35941970962,94875.30765600089,96028.92603404346,97583.27848663281,98781.84974393819,99492.24835408543,99813.94951062393,99909.62126159325,99955.62914783799,2021-01-02,2020-12-17
92703.84100714054,94018.4781232181,95358.48365656534,97169.923892045,98571.39653308911,99403.96798425,99781.46221937145,99893.78278986158,99947.80611970987,2021-01-09,2020-12-17
92500.36546215037,93852.96022289844,95231.08382221479,97093.10921430132,98532.9581617365,99388.00892147118,99775.61661410621,99890.93686162544,99946.40134675165,2021-01-16,2020-12-17
96162.55114397702,96868.03267584895,97580.658724039,98533.83088489615,99263.4269365801,99693.67269438483,99887.9765564604,99945.69753009535,99973.44479429896,2021-01-02,2020-12-24
89312.91607906071,91197.64251863555,93137.06687938198,95788.45283769896,97863.34474499842,99105.78224562322,99671.53355146541,99840.16082859442,99921.31402401182,2021-01-09,2020-12-24
81945.91100005443,84979.75573068515,88167.30870642023,92634.90152662499,96221.48580267114,98407.83428691837,99413.13194741901,99713.95556355246,99858.92390568243,2021-01-16,2020-12-24
79611.74901606642,82982.17595679601,86547.89548093898,91587.30997807966,95667.8324687247,98170.36490057872,99324.85567335597,99670.78857361777,99837.57167815167,2021-01-23,2020-12-24
85390.08416421093,87834.55556772496,90404.91037836544,94015.06250827711,96923.23656177963,98701.74396040723,99521.19240820465,99766.62262533164,99884.93377694004,2020-07-11,2020-07-05
49143.9299561611,55182.47463396854,62369.03870561789,74217.53711036478,85616.9362536357,93598.76899968775,97577.17515676383,98808.87215985692,99409.46993839157,2020-07-18,2020-07-05
40442.53859583544,46738.14925638423,54509.35021201137,67966.01830516075,81661.18912494193,91690.31311517755,96826.52492469846,98435.43200569403,99223.20177332612,2020-07-25,2020-07-05
39884.546866572346,46192.60664485805,53997.687594938165,67554.73931978815,81398.73111257005,91563.01975090377,96776.33226911438,98410.44289417549,99210.73290543695,2020-08-01,2020-07-05
83841.0140916626,86688.22753415148,89611.79733437739,93607.40979139433,96745.15710291525,98633.91466916417,99497.33485435176,99755.14897927994,99879.30385624012,2020-07-18,2020-07-12
69699.5515843677,74234.47898682186,79221.53493165315,86624.09662562316,92944.63353821711,96975.2026864698,98875.8430837959,99450.5256197355,99728.45392232647,2020-07-25,2020-07-12
58360.994066880594,63962.4093914448,70368.02179142609,80365.59826179137,89383.26873238453,95375.22079761111,98268.05109852683,99151.37158156079,99580.01287221775,2020-08-01,2020-07-12
48539.79755527517,54755.49602837133,62139.408937040746,74245.93369326697,85761.29716331464,93711.23710263707,97629.83404484189,98836.36739923351,99423.50000211623,2020-08-08,2020-07-12
87003.49286603658,89360.04922980409,91780.53277330264,95048.43529428488,97536.37922650622,98982.81574270196,99628.77623291028,99819.68339127341,99911.28756579087,2020-07-25,2020-07-19
82474.67775086293,85415.60097812614,88506.99574257655,92842.93368951824,96326.80702105477,98451.87806409832,99429.32037601706,99721.84529785535,99862.8202599252,2020-08-01,2020-07-19
73307.7498116334,77483.564196496,82000.37560212589,88562.10849016634,94032.6544451097,97459.31574792745,99058.8550167777,99540.46803907835,99773.05077069593,2020-08-08,2020-07-19
64646.55641621768,69789.32049003415,75511.58441541262,84123.29422632021,91577.7099149474,96376.48859734541,98651.08659669048,99340.2946040429,99673.8510363661,2020-08-15,2020-07-19
95654.18009792901,96450.80934773112,97256.65035971742,98336.15801733563,99163.62468716725,99652.01973775223,99872.68367904489,99938.24702952476,99969.76605706988,2020-08-01,2020-07-26
89711.1528967731,91512.20646436606,93371.21482519111,95922.49872656778,97927.39370283323,99131.5789078663,99680.8459218146,99844.67449889866,99923.53717365242,2020-08-08,2020-07-26
83072.07435688375,85895.31378522785,88869.60659476361,93054.15395378404,96428.64715487033,98492.998711612,99444.16705885265,99729.04083616192,99866.36408086427,2020-08-15,2020-07-26
70034.8263360334,74564.66950758634,79531.61598781541,86870.31044951874,93097.68478956097,97047.52798100196,98903.93182609335,99464.44035704811,99735.37976371942,2020-08-22,2020-07-26
90659.35077951604,92301.3972686826,93993.0937202159,96309.6270056772,98125.99048480803,99215.26456391074,99711.70601462359,99859.72899855915,99930.97523667954,2020-08-08,2020-08-02
83689.16587532603,86410.21020300238,89276.24507518053,93307.90203576212,96558.99244148309,98547.95362821849,99464.43590014892,99738.92902863621,99871.24967490185,2020-08-15,2020-08-02
73978.98648689552,78000.61392882722,82368.61226784257,88751.48373033821,94110.61665053936,97486.66365781777,99067.94792240798,99544.75536285152,99775.13336417395,2020-08-22,2020-08-02
58160.85954414203,63712.94306497134,70094.18534769079,80120.99479921629,89226.68922219721,95301.77764110499,98239.80574437056,99137.43121193665,99573.08761989175,2020-08-29,2020-08-02
6714.30172346616,8784.475445330729,11945.942305558405,19784.368109289928,33787.01419962449,54428.984871791494,75577.65611068963,86080.2419398059,92493.51526114008,2020-07-11,2020-07-06
2443.8430437265824,3528.036813885183,5370.250509735915,10707.12240761483,22293.428868983552,42966.772155870196,67729.83326780637,81216.61792606038,89782.03979706358,2020-07-18,2020-07-06
2842.529765431967,3915.4215210331054,5659.709080057831,10445.076517045378,20458.44887325626,39158.212886319,65686.64056274544,81410.6191605513,90570.06696780842,2020-07-25,2020-07-06
6221.434259340248,7534.946237972469,9408.223371533462,13698.964166480393,21112.841035814334,34184.676082538295,60833.580895541396,80746.45669299629,90670.8029698181,2020-08-01,2020-07-06
88933.85022717097,90838.09491852707,92817.532006723,95558.18336886662,97732.39392158852,99047.32218846092,99649.42086980243,99829.2926566473,99915.92511457643,2020-07-18,2020-07-13
71215.45429161224,75516.63092747405,80245.08565482165,87267.59508294174,93274.2264975744,97113.14589212013,98926.45391539561,99475.17083852763,99740.61934502107,2020-07-25,2020-07-13
52897.2454170899,58676.217858613505,65472.44309146308,76514.37208440554,86978.52214648554,94227.35697773455,97819.13185612831,98928.44473284775,99468.91867070393,2020-08-01,2020-07-13
36642.37588932583,42734.645250254915,50425.86123379036,64227.42553737383,78972.98746246035,90275.3506212789,96245.49256092515,98142.50222937706,99076.14038151962,2020-08-08,2020-07-13
69391.18395702608,73779.7285735918,78669.60792346307,86072.61435989688,92554.77682114224,96778.5205522353,98797.27604860404,99411.28129215192,99708.84302400153,2021-03-27,2021-03-20
57327.692868867365,62388.14723586006,68345.75948611283,78127.50044868253,87633.22786747766,94426.88867949622,97875.34652167924,98953.0058660693,99480.34301223284,2021-04-03,2021-03-20
42146.4567140796,47357.18879116304,53878.964363229694,65680.76405161426,78868.44842097472,89761.00857911739,95929.65897238115,97965.87481424137,98983.09858657105,2021-04-10,2021-03-20
25589.82846270808,30133.027624254402,36223.14044146837,48523.626586945786,64729.22043101902,80949.01271526457,91843.83038981179,95811.44093025354,97875.88177280959,2021-04-17,2021-03-20
70091.23239029222,74402.66972260784,79197.06178156102,86437.02896905283,92758.78074431233,96869.36082693978,98831.65445068908,99428.18399645523,99717.2258852827,2021-03-27,2021-03-18
59501.397474471625,64420.254267786964,70170.22583682156,79517.62447412137,88491.13930639111,94837.1381398157,98036.41390580239,99033.11758985266,99520.30007223622,2021-04-03,2021-03-18
44295.14852060989,49487.505744418195,55935.91911053143,67469.28010093266,80153.03216602383,90460.86027049163,96226.18916773259,98117.17995586219,99059.53953747322,2021-04-10,2021-03-18
25904.39191963286,30472.255973692823,36586.577325632476,48906.8639641924,65079.15195865042,81191.08246857727,91964.57931944831,95876.87798217415,97909.9997260477,2021-04-17,2021-03-18
93482.2782860068,94658.66899513963,95856.8070695024,97475.01176450863,98725.89015854288,99468.56743564393,99805.20047314028,99905.35088053875,99953.51870568038,2020-07-25,2020-07-17
90747.65330087523,92388.14344446964,94072.16729481966,96367.94837076214,98159.55249244277,99230.32501071366,99717.41375472442,99862.5357899161,99932.36728814317,2020-08-01,2020-07-17
87845.67490681294,89958.51975540679,92146.15997084211,95159.3259620474,97535.69597615443,98966.48136273604,99619.95766452274,99814.9704595214,99908.86098846412,2020-08-08,2020-07-17
84468.28797300514,87103.8215497849,89860.90017535181,93705.89406698718,96777.5412942984,98643.8096359924,99500.42867351606,99756.58189721391,99879.9940516633,2020-08-15,2020-07-17
83432.23475940018,86199.43754535854,89112.79590354215,93208.56043192053,96509.06995566995,98527.19348791162,99456.82814772117,99735.2247526468,99869.4211692246,2020-08-01,2020-07-23
63702.87886258252,68790.71070012888,74518.45234909935,83286.79371083892,91038.40454839468,96116.41563873734,98549.13440710375,99289.64556928175,99648.6065602373,2020-08-08,2020-07-23
45252.64839601452,51402.994250916425,58847.171376554084,71410.43917367101,83837.07199698368,92738.88187401017,97238.7309149814,98640.46555955382,99325.46211584753,2020-08-15,2020-07-23
30523.793820925872,36558.19249987386,44407.63273640585,59068.12454908763,75458.52633622772,88486.01236567946,95521.86420152755,97779.34049028481,98894.21928872727,2020-08-22,2020-07-23
84490.36316802415,87100.83479173137,89840.4070032322,93676.81476499051,96755.68352550262,98632.77556244508,99496.04667442384,99754.3982820164,99878.9042215727,2020-08-08,2020-07-30
62878.22675277609,68030.530230878,73850.52990857397,82800.76903306683,90754.73596121676,95986.84311198206,98499.51945643115,99265.16579051303,99636.44530090338,2020-08-15,2020-07-30
46791.29176929494,52875.13257285722,60195.980244449005,72457.9528671222,84486.02765914588,93047.61333964295,97359.34196046258,98700.34356816462,99355.29850039749,2020-08-22,2020-07-30
34278.869685771366,40388.91714887958,48184.92306443297,62367.396154422066,77745.51886367334,89664.67101737724,96001.44818949199,98020.48336908963,99015.1288265502,2020-08-29,2020-07-30
,,,,,,,,,2021-10-09,2021-10-01
,,,,,,,,,2021-10-16,2021-10-01
99427.80318247629,99535.03548420563,99642.4414852847,99784.694382423,99892.50827044118,99955.65712319176,99984.07278643148,99992.50102904986,99996.55087572569,2021-10-23,2021-10-01
99309.077860037,99438.44386234113,99568.06583366593,99739.80852394363,99870.02533287174,99946.3158897835,99980.64967562557,99990.83499407308,99995.72860669818,2021-10-30,2021-10-01
99161.03756631611,99317.91954390757,99475.1950855219,99683.70898005081,99841.90491526318,99934.62785185565,99976.36636719847,99988.74928491058,99994.69917351361,2021-10-30,2021-10-21
98155.0571362166,98497.69186132975,98842.21909016147,99300.59015440573,99649.57218843889,99854.61434171663,99947.03167079696,99974.4636823573,99987.64719261453,2021-11-06,2021-10-21
96928.06445092788,97493.9819333515,98065.09412627564,98828.15762990344,99411.60982822072,99755.42339756027,99910.63318163822,99956.73357998423,99978.89353328479,2021-11-13,2021-10-21
96246.69942351572,96935.11773686326,97631.22553070703,98563.44940695063,99277.91120648659,99699.6030528614,99890.1348914012,99946.74634644139,99973.96210256474,2021-11-20,2021-10-21
98399.45439885861,98697.12805458024,98996.25440262146,99393.92641689586,99696.46816144556,99874.13370291043,99954.18942486176,99977.949904448,99989.36811652064,2021-11-13,2021-11-04
96488.04755992636,97132.82572105418,97784.51935607671,98656.81717249966,99325.00815964732,99719.25139220107,99897.34759966469,99950.26019732516,99975.69698790343,2021-11-20,2021-11-04
94978.1651308428,95890.89336903206,96817.59101400705,98064.60986026579,99025.01125985864,99593.78114780295,99851.23600430002,99927.7883383507,99964.59966230806,2021-11-27,2021-11-04
94822.35860987107,95762.6612900709,96717.69426125094,98003.37811535072,98993.97393548377,99580.79547774019,99846.46283606351,99925.46206976318,99963.45086118081,2021-12-04,2021-11-04
98607.7240220638,98867.15973495936,99127.63859774946,99473.58473392374,99736.51005646649,99890.8044581938,99960.30339207093,99980.92763821919,99990.83826860263,2021-11-27,2021-11-19
97217.50854405506,97731.45116504979,98249.4990399801,98940.70264144229,99468.4678227302,99779.16544339962,99919.35224048761,99960.9818800716,99980.99125732957,2021-12-04,2021-11-19
96011.20181186713,96742.39084955573,97481.94267691915,98472.64691706415,99232.15581626166,99680.52619762918,99883.13386743962,99943.33591470117,99972.27819567699,2021-12-11,2021-11-19
94969.4103487514,95885.43736958237,96814.72139653987,98063.98695282648,99025.13777125918,99593.94354523615,99851.31385618777,99927.82892922686,99964.62033053847,2021-12-18,2021-11-19
90939.00377873311,92553.1179295804,94206.72705882511,96455.52350451269,98205.97917126362,99250.26209460098,99724.82809371878,99866.16176930525,99934.16093977656,2022-01-01,2021-12-22
87221.05120939213,89447.16496959516,91750.26268760973,94919.0101093004,97414.93319159631,98916.23919967824,99601.53949157619,99806.00147034337,99904.43342646616,2022-01-08,2021-12-22
82706.12062550582,85635.35283575187,88702.87551929681,92984.87019940169,96407.85786368985,98488.12786668603,99443.03975134155,99728.5890789443,99866.16432264073,2022-01-15,2021-12-22
79068.95549515841,82533.61390361459,86197.57080460008,91372.46606108497,95559.1578226905,98125.00332655461,99308.20466648998,99662.6770880931,99833.5667363931,2022-01-22,2021-12-22
95657.4592697581,96455.36498012731,97261.55531866159,98340.17644509366,99166.01604432825,99653.10129532353,99873.09419867276,99938.44888644462,99969.8662142093,2022-01-22,2022-01-14
89529.70188586062,91388.58880804296,93295.94272218039,95894.39687987471,97920.4730609477,99130.54801970512,99680.78181108461,99844.68914976018,99923.5553283782,2022-01-29,2022-01-14
84559.92334305747,87216.99401285045,89980.83259852052,93807.58577213244,96840.92304224182,98673.41236054397,99511.8371441203,99762.21920643406,99882.79640500042,2022-02-05,2022-01-14
82553.47471474406,85509.7587489644,88605.19183865566,92925.26151940973,96377.80578004749,98475.60543887893,99438.44636923283,99726.35189347163,99865.05985367342,2022-02-12,2022-01-14
81318.91431553249,84143.83963992857,87222.17008790256,91763.07684349618,95639.89939939496,98124.3457140731,99301.65949581533,99658.53701428049,99831.29345931593,2022-02-26,2022-02-18
4922.710042427745,5834.411112035638,7096.998517842171,9845.397493347427,14163.61337659998,20374.791157704134,28259.550853655324,34364.30849161906,40705.202675898094,2022-03-05,2022-02-18
465.0121520025917,602.5439877620581,812.3113097986717,1338.1411558117263,2330.023491406693,4057.148095226662,6683.576774208799,9010.651286102378,11676.320722521137,2022-03-12,2022-02-18
94.71024137254982,134.04203067739073,200.06373899503546,390.7222184370423,822.4043915490258,1733.6279106883665,3406.2471473424484,5133.055753649309,7399.486364823277,2022-03-19,2022-02-18
83165.53851868556,85948.82398131442,88890.61278697857,93047.57851785094,96416.63701474578,98485.6140736608,99441.03969577223,99727.45556700329,99865.56660217182,2020-07-11,2020-07-03
60818.01660893821,66069.21654821358,72066.8856920451,81436.67939855896,89924.67833714752,95597.53169449963,98348.57597354958,99190.40932212467,99599.23930725174,2020-07-18,2020-07-03
42490.2057563844,48581.04752490884,56065.71053799242,68994.54688392613,82181.82626428403,91896.21346457067,96898.42634121668,98469.78694860465,99239.99202355726,2020-07-25,2020-07-03
30123.72084165788,35997.79320696467,43671.016032291824,58143.00226923812,74609.40498303364,87964.86871245473,95291.48950546647,97660.54143525657,98833.9186628402,2020-08-01,2020-07-03
81870.68864447439,84846.27206710477,88000.94137324065,92475.18419905817,96115.18383326601,98356.54458084468,99393.09415585152,99704.01505470672,99853.97305777499,2020-07-18,2020-07-09
60694.06960073922,65981.27671092215,72014.97119720878,81426.43989069547,89932.67175865437,95605.34283993146,98352.33039576298,99192.37649909676,99600.24422524465,2020-07-25,2020-07-09
43272.10325597239,49381.88391237988,56858.152879863395,69688.45559410933,82661.87086686153,92142.51891047768,96998.31686126915,98519.9547522802,99265.13120176995,2020-08-01,2020-07-09
31837.89036808143,37813.321845055034,45543.39839698527,59907.659690896195,75931.44842565863,88687.25851488496,95594.62736130842,97814.46737089068,98911.47145406001,2020-08-08,2020-07-09
82778.8835961293,85635.37616375065,88651.1420716253,92905.74210504742,96347.1626788789,98457.24265981284,99430.73643558996,99722.4528999691,99863.1005707381,2020-07-25,2020-07-16
63196.70551099523,68308.03580080652,74079.36008334938,82951.72151366543,90835.3790093217,96021.55940638678,98512.43492755116,99271.48213243144,99639.56973154169,2020-08-01,2020-07-16
45639.134700059134,51744.72161712858,59130.19329125421,71592.2372102154,83927.13225092678,92774.16890981619,97251.03496135224,98646.34545014401,99328.33638324856,2020-08-08,2020-07-16
32284.614217692695,38342.41785939596,46152.17821485765,60569.20661456881,76482.62826163183,89007.41600409878,95732.65034045826,97885.10884406933,98947.19783347572,2020-08-15,2020-07-16
78817.14012775249,82148.72976391416,85738.22644529954,90937.65315082589,95268.77182092992,97984.13726775533,99253.0013391586,99635.26433028976,99819.90724442089,2020-09-05,2020-08-27
58576.51558757306,63816.311577342516,69897.34521060706,79634.6478511598,88748.27129786734,95020.01320354226,98119.7002522165,99076.29542919897,99542.26065044764,2020-09-12,2020-08-27
41794.111745933915,47552.55054189908,54705.36831132006,67344.50468985742,80745.78261300089,91051.89379181237,96533.59186022126,98283.00482301673,99145.52064454077,2020-09-19,2020-08-27
30040.940995304456,35493.719056311704,42649.17334057567,56387.863287783024,72674.20611489615,86636.5380739429,94670.36351523096,97334.49365398363,98666.96480611949,2020-09-26,2020-08-27
71989.72800967951,76016.33027366942,80492.0986415513,87257.03254620908,93180.87091433338,97046.46972384446,98896.70414512536,99459.86999807582,99732.86908097283,2020-09-19,2020-09-10
48572.57041580238,54062.67441988253,60723.39768956127,72133.21749098503,83817.19850606799,92559.7366878569,97133.42280414583,98582.5755248367,99295.23684205147,2020-09-26,2020-09-10
33027.76174897113,38419.15924552107,45402.19639806585,58611.09330975587,74084.33673132886,87304.66241769558,94927.40781109578,97461.13757280775,98729.79722904185,2020-10-03,2020-09-10
23343.56848568,28114.078093624765,34602.625747111255,47854.542733050046,65180.10071117428,81857.5126353859,92459.04815696985,96172.7914905909,98071.42819251835,2020-10-10,2020-09-10
74371.34759120029,78178.72730742788,82364.81052979619,88596.22823449223,93953.79323535194,97397.62150055487,99030.88665336241,99526.03761113419,99765.73169497953,2020-09-26,2020-09-17
52207.73855051215,57645.98052759465,64140.6525753965,74998.3582267694,85753.06114782298,93546.81722698861,97533.79977699672,98783.75778609692,99396.0826493476,2020-10-03,2020-09-17
36245.0200913287,41793.625943874125,48872.080200434444,61935.08605573838,76690.00376389726,88809.29119877999,95582.84479394282,97798.37717115755,98900.86021814059,2020-10-10,2020-09-17
25619.32898547675,30627.409436037433,37356.02746536095,50815.82171601579,67847.3155713191,83610.47294275292,93287.88270965476,96611.6948220548,98297.3620424818,2020-10-17,2020-09-17
78303.76377539618,81692.98767015987,85353.67398607316,90673.78043420472,95122.17045471248,97919.23255056594,99228.51129303528,99623.23466664586,99813.94389062491,2020-10-10,2020-10-01
56978.57358436389,62293.694981728564,68504.54049649258,78549.37541480307,88070.09248567057,94694.58212174758,97991.92677798649,99012.75739957728,99510.57469882243,2020-10-17,2020-10-01
38834.0002535,44570.89618985881,51790.59379611616,64799.67798946313,78954.16436683542,90108.9017768176,96144.45858087034,98086.38195833827,99046.68835053957,2020-10-24,2020-10-01
26620.058293428,31860.44306636077,38862.6016387531,52686.44380096234,69716.36091001774,84902.84263110229,93908.70131124758,96941.48359704875,98467.32757131374,2020-10-31,2020-10-01
98900.07144723198,99105.47060769319,99311.50231938258,99584.8366946612,99792.34708656321,99914.03053857943,99968.81811615659,99985.07405453885,99992.88516256673,2020-11-14,2020-11-04
97276.52486136851,97780.13906202573,98287.5155927868,98964.07250677029,99480.33823919634,99784.13772476587,99921.18089061932,99961.87314037353,99981.43130616035,2020-11-21,2020-11-04
92874.37004029386,94157.32848821202,95465.45234073559,97234.48623255789,98603.7245594977,99417.39416137575,99786.38067140698,99896.17743766084,99948.98816051727,2020-11-28,2020-11-04
85623.34748959226,88094.33387963948,90665.51416411034,94227.76921920228,97053.8994280625,98762.48020066589,99544.56584411711,99778.1682404408,99890.6723305453,2020-12-05,2020-11-04
97828.43488779302,98231.52037726215,98636.92245646975,99176.42042029949,99587.27130762,99828.70457124326,99937.5336378451,99969.83867961918,99985.36402950685,2020-12-05,2020-11-26
96030.95161135959,96759.93669497629,97496.6185240868,98482.45978024662,99237.44349780562,99682.81541624955,99883.98805245142,99943.75404026842,99972.48508955145,2020-12-12,2020-11-26
92456.53559071767,93812.5343837335,95196.13957435207,97068.83755332035,98519.54016023823,99382.11856243451,99773.40550556385,99889.85257482993,99945.86433085181,2020-12-19,2020-11-26
87161.96403851162,89393.9456660582,91705.02947595407,94888.02615918919,97397.89597745083,98908.77031537014,99598.73648932426,99804.62695036436,99903.75264606522,2020-12-26,2020-11-26
92373.68685126316,93743.95600361354,95142.40547819281,97035.64690340751,98502.61744239416,99375.0138360056,99770.78996338297,99888.57723910217,99945.2343728984,2021-01-16,2021-01-06
89676.39043553793,91500.59755248489,93376.11684596023,95937.5112714327,97939.8993955968,99138.06139522721,99683.440089547,99845.96967403282,99924.1841290483,2021-01-23,2021-01-06
86094.76071072856,88496.18648102325,90989.93515210747,94436.4010974539,97163.63655682276,98809.41060069056,99561.98818833334,99786.68428766803,99894.88392586129,2021-01-30,2021-01-06
80930.54788103334,84111.29132736602,87463.63947231145,92180.01649659545,95981.19772689493,98304.79986450075,99374.83477267787,99695.22894069334,99849.66107402118,2021-02-06,2021-01-06
94100.73811156367,95172.74416701338,96261.29083346175,97726.23538680848,98854.51486301239,99522.70025621896,99825.15090070527,99915.08161565274,99958.32597178087,2021-01-23,2021-01-14
93280.11684696448,94495.60247033714,95732.41151312129,97400.95420861516,98689.21248015531,99453.43616754601,99799.6743880609,99902.66287765007,99952.19250633274,2021-01-30,2021-01-14
91965.47008995668,93407.78756998085,94880.3833394804,96874.9469914225,98421.13243426706,99340.91548589148,99758.25555534198,99882.46834792866,99942.21750679343,2021-02-06,2021-01-14
89964.41645942703,91744.83735482577,93572.17607880128,96062.56282510469,98005.23100457163,99165.88457578664,99693.74911447454,99851.00581238433,99926.67401972803,2021-02-13,2021-01-14
92584.34253333489,93918.44776029709,95279.2228134847,97120.23593582965,98545.77743611774,99393.14157147953,99777.46482541128,99891.83202438943,99946.84212975221,2021-01-30,2021-01-21
90460.58798955314,92154.27475597561,93891.9499165191,96259.1930498605,98105.12631297339,99207.73288042865,99709.13991368607,99858.50786302311,99930.37917260834,2021-02-06,2021-01-21
86231.99181356777,88611.02353518059,91080.91271728992,94493.43470025968,97193.04876876724,98821.8422506763,99566.57872803154,99788.92462542106,99895.99103401991,2021-02-13,2021-01-21
80686.71505282962,83900.89242403617,87291.62383586218,92067.45001329231,95921.16757279658,98278.91275295234,99365.1878619521,99690.50814955964,99847.32514987401,2021-02-20,2021-01-21
87348.21942571309,89540.18698423951,91813.0305502964,94948.98056633507,97426.5960261617,98920.2070065606,99602.8427813654,99806.61391371216,99904.73049344044,2021-02-06,2021-01-28
77338.3658949835,80986.80393011529,84887.4704852672,90473.88840401918,95062.46073337969,97906.23400940704,99225.89740396498,99622.2849715638,99813.55275045075,2021-02-13,2021-01-28
73010.43667252234,77213.79647524186,81768.0754589393,88398.8330275814,93940.51709402876,97418.19981830106,99043.29071683301,99532.81572017909,99769.2556947474,2021-02-20,2021-01-28
69496.32703306711,74118.60619338532,79181.29664649964,86651.76650004963,92984.25687352562,96999.09383058574,98885.92863160506,99455.63478578182,99731.02348921598,2021-02-27,2021-01-28
92457.7785134099,93808.12039257251,95188.34537376967,97060.41331751722,98513.8247825227,99379.3653985682,99772.33299059415,99889.32105634995,99945.5997364875,2021-02-13,2021-02-04
87129.7930283696,89350.27620330195,91656.69944243388,94845.86641627728,97371.32522292576,98896.30942606616,99593.92750068687,99802.24978149746,99902.57071495209,2021-02-20,2021-02-04
80594.69051555931,83791.67252257913,87177.44297419429,91970.63934989067,95860.3779978682,98250.34011957773,99354.14061930022,99685.04386153279,99844.60744919133,2021-02-27,2021-02-04
77593.25337478601,81211.55011991432,85075.41848296105,90600.82536582877,95131.88786693144,97936.63824465791,99237.30818213761,99627.880782911,99816.3244819922,2021-03-06,2021-02-04
90229.34922086862,91944.29652204902,93712.34155604836,96135.40060112465,98036.83140083424,99177.74957674724,99697.88120688267,99852.98621018835,99927.64407546702,2021-02-20,2021-02-11
79122.30027647324,82475.76027579657,86062.04930693579,91203.72090149882,95435.149283038,98062.61071127765,99283.42744486472,99650.32868875105,99827.40325085307,2021-02-27,2021-02-11
68356.32766283759,72993.66273471664,78130.61531011779,85831.63277186693,92483.62447256577,96765.16263868536,98795.51539693207,99410.90699455919,99708.77537006294,2021-03-06,2021-02-11
64538.17545813068,69586.66953213331,75241.36408506718,83836.30282358945,91369.8249619347,96270.71194153241,98608.7218741363,99319.11991758863,99663.26677696044,2021-03-13,2021-02-11
81935.70254457249,84868.73271076562,87990.5261720245,92441.94991483931,96086.06748053616,98340.96582559547,99386.76731659594,99700.84239061603,99852.38487942428,2021-02-27,2021-02-18
56371.00984470893,61788.53410944653,68116.77864837513,78334.06363109815,87982.85054457205,94667.53512518288,97984.09682627955,99009.28647710332,99508.94600675663,2021-03-06,2021-02-18
40986.52606103075,46951.27577277638,54354.33419463853,67362.08364281067,80966.12879451027,91241.1626720944,96626.31261736693,98332.1077302824,99170.75119353087,2021-03-13,2021-02-18
41508.02019372985,47584.477018114,55088.64638050998,68148.7106496378,81600.94115154627,91599.12005779667,96778.06260558753,98409.35165718259,99209.71099312199,2021-03-20,2021-02-18
77547.19279490245,81045.00011349193,84827.5896258642,90332.41056974657,94941.16398225114,97841.41572592124,99199.55064962825,99609.06796182913,99806.9352334734,2021-03-06,2021-02-25
64068.720063062465,68966.51140924786,74520.857390419,83128.1528001546,90867.06520824882,96015.28025541233,98506.27114492138,99267.8788783658,99637.64451575752,2021-03-13,2021-02-25
57992.13319721305,63416.968653198084,69686.82968698298,79644.50481014431,88844.21577936412,95092.79424922055,98153.1422294458,99093.65111309725,99551.09040484375,2021-03-20,2021-02-25
57217.93815216969,62764.78009129657,69174.51202507247,79339.96421763419,88702.55044953275,95039.1983877319,98134.70186551454,99084.868552006,99546.80366023554,2021-03-27,2021-02-25
88366.26548895979,90369.54330140413,92451.56078630724,95333.2565282414,97618.22830517996,98999.53408062612,99631.85317556867,99820.73061888342,99911.69673200767,2021-03-13,2021-03-04
86032.87500520093,88399.82864759197,90876.46077241833,94332.55271314792,97096.4859219864,98777.51231654554,99549.6109499404,99780.55641033931,99891.83488122014,2021-03-20,2021-03-04
80566.90298716322,83733.13159941477,87100.25694779195,91893.53568554405,95807.96297371239,98224.77618226744,99344.1072065083,99680.0597106782,99842.12351829401,2021-03-27,2021-03-04
78040.53763689907,81559.85551418489,85327.86204535686,90736.28661400935,95191.30126325638,97958.86075097654,99245.00400322789,99631.5608373682,99818.12493705588,2021-04-03,2021-03-04
82619.79451410215,85446.0203495799,88451.8748272823,92734.64885131035,96238.4274916275,98405.72178583292,99410.73945966405,99712.55015648686,99858.17257969311,2021-03-20,2021-03-11
73558.6417745126,77515.68138844821,81858.47212452076,88301.96335434326,93815.29093289163,97343.35513500974,99011.669035447,99516.78501245279,99761.18991051117,2021-03-27,2021-03-11
66587.88873034938,71289.35051759516,76565.59261893184,84624.71525760772,91747.51223617447,96420.10846196521,98661.83569723277,99344.72040545316,99675.83967864992,2021-04-03,2021-03-11
62287.91958597941,67408.13126662117,73229.2087370253,82269.1505976059,90404.94660912741,95815.50077778443,98431.80933466884,99231.4435135031,99619.61685312922,2021-04-10,2021-03-11
90422.33806523227,92107.6466262192,93843.27828133648,96218.80736400002,98080.38484099515,99196.29639631529,99704.75322610694,99856.34331507856,99929.30388254012,2021-04-10,2021-04-01
85849.14339205348,88261.61553545011,90780.02936114017,94283.74414149724,97076.2162946599,98770.22395328901,99547.13839238744,99779.38177725792,99891.26204696501,2021-04-17,2021-04-01
79381.76995250721,82732.49633644811,86300.40106700594,91386.18098144488,95544.02115720687,98112.65426825745,99302.612155665,99659.79569481195,99832.10651853395,2021-04-24,2021-04-01
74098.91113052257,78135.95713430994,82506.98138895853,88868.08855977362,94184.37862825587,97521.62320357493,99081.5276760065,99551.48233789683,99778.48150999285,2021-05-01,2021-04-01
86720.45413997515,88986.66455729029,91351.0725212822,94638.79417590375,97258.10382104896,98846.79000450078,99575.35846212714,99793.14620003587,99898.06216136528,2021-04-17,2021-04-08
84721.27791882277,87292.9072399536,89991.57422596168,93770.66439184197,96803.68339812156,98652.9572632569,99503.48060731907,99758.0235583379,99880.6950502473,2021-04-24,2021-04-08
80489.27973844817,83671.701782536,87054.73485585314,91868.00417882839,95796.15545247377,98220.1584111463,99342.4675688956,99679.26922879275,99841.7352091799,2021-05-01,2021-04-08
74908.54378501489,78826.21663846396,83064.10625697393,89225.9657130044,94372.29075318178,97601.86685168387,99111.2931565957,99566.02802885966,99785.67411371764,2021-05-08,2021-04-08
87046.47461818215,89266.42223555896,91578.53850413507,94786.58402338898,97336.49971192502,98880.49356065755,99587.90106183886,99799.28151881958,99901.09743385139,2021-04-24,2021-04-15
82733.55485585808,85596.5326619023,88619.59168995825,92885.2591507735,96336.29835369535,98452.5711049143,99428.997721831,99721.60234294402,99862.67976105236,2021-05-01,2021-04-15
74352.3480936746,78319.08930835951,82624.890015714,88914.39534047944,94194.98750678184,97522.30610339814,99081.09570586197,99551.16920259388,99778.30220039135,2021-05-08,2021-04-15
63054.8184048585,68192.0246209014,73991.23167625561,82901.93229976388,90813.2049857119,96013.38937852446,98509.65594632135,99270.1628864734,99638.92679665721,2021-05-15,2021-04-15
78105.6920098716,81559.52217503072,85277.92309739841,90656.51460723962,95127.74754331456,97925.74073209138,99231.66278213463,99624.88468852264,99814.78617169448,2021-05-01,2021-04-22
71814.85588072099,76014.4471625227,80633.90866710346,87503.24716817218,93390.65369126061,97160.64675646425,98943.66137184505,99483.51716946578,99744.73138441166,2021-05-08,2021-04-22
65762.25189864523,70586.07321656623,76000.82935826726,84268.06538455242,91565.04740715257,96344.00938569305,98633.98431071988,99331.16965222919,99669.15362394523,2021-05-15,2021-04-22
59845.44590665082,65182.70830368067,71296.85748568442,80884.87765834115,89606.27529931127,95453.026362502,98293.39747355587,99163.20665279299,99585.73059368972,2021-05-22,2021-04-22
64737.8362513427,69537.67051218741,74979.94601041634,83417.25515339672,91013.66785104202,96075.7731981337,98528.25708076435,99278.55016013006,99642.90341219537,2021-05-08,2021-04-29
55550.132124394586,61003.840615221234,67396.69626423043,77770.6850756962,87629.80025664788,94497.87264338498,97917.44362944434,98976.13641207616,99492.41305292559,2021-05-15,2021-04-29
49947.12522800076,55711.38525775021,62604.53069556489,74096.7500429462,85367.88791670807,93423.21816449662,97497.5276497136,98767.63059556298,99388.50671621253,2021-05-22,2021-04-29
43853.341702329795,49838.38934494206,57165.84063427586,69779.6924666796,82623.72926479948,92090.35279211529,96970.94818612486,98505.26600450272,99257.54195067221,2021-05-29,2021-04-29
71708.22655958474,75786.129851173,80316.3470156328,87155.8163301505,93134.29096435686,97028.71057233421,98890.52996706586,99456.91663361846,99731.42417686945,2021-05-15,2021-05-06
61854.8489104396,66766.75807314404,72425.4491626291,81410.53711679876,89755.44810782089,95471.89953629319,98291.28368629441,99160.73865791413,99584.15937881163,2021-05-22,2021-05-06
53292.91882573595,58750.15106126935,65227.3050279543,75946.3575921246,86410.49629896176,93885.95189828191,97671.86961002582,98853.19489689799,99430.9018804983,2021-05-29,2021-05-06
46921.88503788267,52678.27942557747,59666.79358719055,71594.54200390395,83669.88468971165,92560.39447838673,97148.90289823797,98592.71681090591,99300.89765056441,2021-06-05,2021-05-06
58424.29345294706,63315.23087102535,69073.10871415338,78546.97519176757,87808.0255611947,94480.5441628976,97890.27196164483,98959.46199191945,99483.32580697353,2021-05-22,2021-05-13
45497.70624528868,50810.6161620293,57365.28842426673,68936.7710990027,81371.64493927418,91191.2607604964,96550.1552321915,98284.79640470412,99144.79208036902,2021-05-29,2021-05-13
40478.42891798033,45975.436006999174,52872.760490922985,65318.03950864139,79010.61189806936,90013.4072505853,96077.07407610366,98047.76416096512,99026.13861070346,2021-06-05,2021-05-13
40434.22312350104,46110.69531987681,53213.61103806799,65924.59468977545,79665.12546068332,90452.10795988406,96279.4865442715,98153.55838783226,99080.19513323114,2021-06-12,2021-05-13
48756.10616153171,53715.47928755106,59795.460413021065,70496.63977327719,82080.19526611952,91404.54342157632,96601.22229531253,98304.4136360165,99153.09483232594,2021-05-29,2021-05-20
34135.575665426455,38966.48441161328,45208.81039874017,57151.34833753773,71781.27398082076,85347.92029726124,93895.14891226041,96896.42465410302,98434.49018846653,2021-06-05,2021-05-20
26198.653719674123,30840.806247950557,37048.63225653888,49519.94960751695,65766.73652527951,81740.47972422546,92259.63247942476,96040.53103670772,97996.30240832413,2021-06-12,2021-05-20
24667.109719536642,29375.15360515719,35726.523881549285,48598.58686735037,65409.83423672297,81770.7036183924,92351.98644148582,96104.16907682896,98032.98693407614,2021-06-19,2021-05-20
39656.434734680864,44285.55293581858,50153.05864926824,61123.70460226121,74315.44974286923,86531.33796543222,94330.62656378053,97105.02558421817,98536.13586868894,2021-06-05,2021-05-27
28396.523129245365,32681.532957054907,38332.02555547092,49575.0524566989,64423.41041275435,79886.06293867799,91012.54697862384,95297.46910262338,97590.03947623314,2021-06-12,2021-05-27
24149.924788649914,28409.178596210862,34144.96261174917,45870.767765519944,61772.46878386644,78521.08770075864,90492.60104624741,95049.35097266077,97470.14034909382,2021-06-19,2021-05-27
23582.587577689093,28054.197731373853,34112.08126926127,46525.07348048544,63150.64998384746,80010.73562968864,91423.23161211053,95592.45569432285,97764.08936461876,2021-06-26,2021-05-27
20012.864024959035,23559.212678304677,28387.023744481714,38519.402185698236,53151.47616249676,70565.36939489661,85414.6196192506,91980.41357850944,95766.5642413512,2021-06-12,2021-06-03
14445.864187774341,17483.84303070642,21751.855430725627,31140.65825907749,45607.21026845067,64188.10818186488,81399.29118143886,89523.01421044057,94385.03310466271,2021-06-19,2021-06-03
12538.495257946228,15513.683189311001,19783.63726721234,29440.549555981408,44712.18780925855,64412.60696868836,82125.40988618541,90133.46691575662,94782.95301956392,2021-06-26,2021-06-03
13125.543134324278,16340.153144452468,20966.10031167504,31418.489831912993,47708.39307316768,67837.41722339073,84646.1468718855,91742.66674128694,95703.00428647244,2021-07-03,2021-06-03
99317.76749069945,99445.43590215183,99573.38931931327,99742.97389048652,99871.59189915318,99946.96303977299,99980.88622075091,99990.9501349844,99995.78536864433,2021-07-31,2021-07-22
97586.9757044727,98033.43080212634,98483.10969658823,99082.55926661636,99539.85867256128,99808.90844228509,99930.26398259253,99966.29665679351,99983.61510284913,2021-08-07,2021-07-22
94545.68027265342,95536.53303934896,96542.78684434516,97897.20330980785,98940.55989078253,99558.5478504874,99838.30197379486,99921.48720189833,99961.48847178789,2021-08-14,2021-07-22
89934.04635636855,91712.94649092814,93541.74067850834,96039.15922189776,97991.45941963975,99159.64013484087,99691.37268355463,99849.83580368297,99926.09344077703,2021-08-21,2021-07-22
60251.61156187202,65358.58848590135,71254.49086118411,80630.31673055165,89337.22209217167,95292.3063952539,98224.67570185577,99128.2040126393,99568.07634347788,2020-07-18,2020-07-07
70449.50303481863,74457.64396451702,78985.2201780094,86003.44885586062,92363.05251796234,96645.26829702391,98737.74979614848,99380.62360312084,99693.30154012969,2020-07-25,2020-07-07
94363.857608455,95336.43623784788,96345.30225499059,97740.00903058099,98845.96201310222,99515.11958275671,99821.68384481678,99913.29236971003,99957.41867408481,2020-08-01,2020-07-07
99819.8074346104,99853.64835530618,99887.54052571607,99932.42199907212,99966.43282105072,99986.35183760169,99995.31440884121,99997.97484043687,99999.25050247353,2020-08-08,2020-07-07
,,,,,,,,,2020-08-08,2020-08-01
99463.6761424067,99564.17302661804,99664.841924014,99798.18389984602,99899.25425571525,99958.45702298405,99985.09819302923,99993.00105142851,99996.79750421789,2020-08-15,2020-08-01
99249.61255620798,99389.95806115765,99530.64718135231,99717.16006968603,99858.65478928585,99941.58573488043,99978.91591932987,99989.9908403909,99995.31173742677,2020-08-22,2020-08-01
99037.71089152366,99217.35271347137,99397.57779874255,99636.72288029693,99818.31417319631,99924.81339662515,99972.76813569303,99986.99732673628,99993.83432464012,2020-08-29,2020-08-01
80406.92570293453,83584.01410864096,86968.74293681004,91798.53013355425,95753.3874256257,98200.19459968225,99334.76546354205,99675.46156870456,99839.84191243806,2020-08-01,2020-07-21
39129.935986028635,45431.42596453942,53258.027537918744,66926.34919714295,80976.85816354676,91351.23029996661,96691.39480261714,98367.93432061466,99189.46836492508,2020-08-08,2020-07-21
18104.79018448633,23382.41333101862,30842.463538580443,46418.277193534544,66157.75343823367,83495.85552498468,93450.3197410972,96731.22557361802,98367.09059265323,2020-08-15,2020-07-21
11270.65933523965,15496.136277038508,21919.994456843724,36774.95638638306,58011.15960072711,78670.64469026301,91343.2162432452,95648.00075237104,97818.02874467088,2020-08-22,2020-07-21
99498.49434323667,99592.49698346472,99686.64959422631,99811.34313136185,99905.84548190463,99961.19554396809,99986.10143324677,99993.48860636368,99997.03900269713,2020-08-01,2020-07-22
99251.81655721922,99391.76202031474,99532.04576494677,99718.01120166894,99859.08401582972,99941.7647245217,99978.98169795214,99990.02278029048,99995.32750714205,2020-08-08,2020-07-22
98940.3242851828,99138.02693717,99336.42166161457,99599.75568200382,99799.77452670739,99917.10516437032,99969.9430458223,99985.62114953459,99993.15523609566,2020-08-15,2020-07-22
98565.5740704231,98832.3450802317,99100.42497482113,99456.83434796397,99727.99477603287,99887.23577219053,99958.99099179634,99980.28759714855,99990.52210818324,2020-08-22,2020-07-22
99523.88721010277,99613.15563359982,99702.55651646297,99820.94362734344,99910.65368026418,99963.1933495911,99986.8332356738,99993.8454069707,99997.21438838262,2020-08-01,2020-07-24
99299.32499340393,99430.44596142224,99561.85811869895,99736.02332161937,99868.11402249344,99945.51816171722,99980.35681594728,99990.69212529309,99995.6580988285,2020-08-08,2020-07-24
98991.68179035377,99179.90712589872,99368.74557717127,99619.3236889732,99809.59927244269,99921.1926919952,99971.44138112226,99986.35098385165,99993.51529785199,2020-08-15,2020-07-24
98621.35601535878,98877.93292334776,99135.68743718097,99478.24359851678,99738.76773054463,99891.72376665931,99960.63715481185,99981.0896959231,99990.91824523447,2020-08-22,2020-07-24
99344.88482509075,99467.49674941401,99590.37592219442,99753.22449148846,99876.72663257582,99949.09616467675,99981.66750994128,99991.3302125669,99995.97359078791,2020-08-08,2020-07-28
99019.94602497754,99202.85901176954,99386.3857372709,99629.94337543818,99814.90872750913,99923.39588855299,99972.24840388216,99986.74387171387,99993.70925524515,2020-08-15,2020-07-28
98603.16950734539,98862.9209151399,99123.96034539076,99471.03086442694,99735.10292268013,99890.18842541474,99960.07267606517,99980.81435379875,99990.78218189815,2020-08-22,2020-07-28
98151.49587034002,98493.78847841795,98838.42758511213,99297.66486623518,99647.86158579947,99853.84335692019,99946.73897916771,99974.31983120876,99987.57581234332,2020-08-29,2020-07-28
99281.40469670708,99415.82998420682,99550.57454520675,99729.19067069847,99864.68270342953,99944.09097422432,99979.83362160182,99990.43714696704,99995.5322207294,2020-08-08,2020-07-29
98908.29007171353,99111.86482291405,99316.19927222702,99587.48898136019,99793.60625276485,99914.53637716908,99969.00103667355,99985.1624819998,99992.92882929297,2020-08-15,2020-07-29
98477.63449276275,98760.43934944546,99044.77620368934,99423.02401192728,99710.97219873265,99880.1421505505,99956.38798865082,99979.02005082647,99989.89639630282,2020-08-22,2020-07-29
98007.83869848866,98376.24630488559,98747.39836053207,99242.30740069701,99619.9708248407,99842.21555810029,99942.47178777329,99972.2412358152,99986.54954531734,2020-08-29,2020-07-29
99565.73929257265,99647.18963293184,99728.75132727384,99836.74187939207,99918.56356871306,99966.47840943464,99988.03726935573,99994.43086910009,99997.50319106213,2020-08-08,2020-07-31
99341.21859359005,99464.52991778965,99588.10393515854,99751.86297424608,99876.04866386543,99948.8150353868,99981.56465069993,99991.28024120184,99995.94883966529,2020-08-15,2020-07-31
99096.27450605121,99265.07927384232,99434.39018542857,99658.98980548214,99829.48666453714,99929.45979410363,99974.47130543728,99987.82650091687,99994.24366385714,2020-08-22,2020-07-31
98844.70712257877,99060.0131414946,99276.1775540422,99563.25939442,99781.44025897948,99909.4745762284,99967.14495670931,99984.25860851709,99992.48238286082,2020-08-29,2020-07-31
,,,,,,,,,2022-01-29,2022-01-19
96853.872297609,97435.56563837989,98021.6389799629,98803.17747962181,99399.57957771671,99750.54416228698,99908.86520891878,99955.87562980616,99978.47059915883,2022-02-05,2022-01-19
91898.67980830242,93355.89291405355,94842.41101345683,96853.71892398212,98411.18000053297,99336.95308070788,99756.8327680868,99881.77983471515,99941.87865474769,2022-02-12,2022-01-19
85382.48055243406,87909.29336654341,90532.49276747485,94156.12352550478,97021.73979721846,98750.1079199961,99540.20325628192,99776.06920519883,99889.64219101731,2022-02-19,2022-01-19
,,,,,,,,,2022-01-29,2022-01-20
97367.71027749914,97855.6803237945,98346.74018192757,99000.66955778481,99498.99871189243,99791.97136322614,99924.06462914539,99963.27908330994,99982.12588452855,2022-02-05,2022-01-20
91791.24241042738,93266.36822069995,94771.79788030765,96809.7190121958,98388.59731606649,99327.43540227832,99753.32282649103,99880.06758855862,99941.03267951122,2022-02-12,2022-01-20
85531.97970323487,88034.1405450347,90631.18454758782,94217.80052989078,97053.4658959688,98763.4966349198,99545.14368461558,99778.47972520857,99890.83329108269,2022-02-19,2022-01-20
,,,,,,,,,2022-01-29,2022-01-21
97566.33873051652,98017.8287739938,98472.0228996974,99076.6198812165,99537.17297473902,99807.86369386097,99929.89304260943,99966.11779225484,99983.52716931106,2022-02-05,2022-01-21
90820.70779131696,92458.36192907019,94135.01667045098,96413.35366788229,98185.31945912613,99241.79882521513,99721.74755790849,99864.66483731894,99933.42272514472,2022-02-12,2022-01-21
83202.1897163888,86051.84859996276,89033.9120513324,93193.26866873229,96515.66054563814,98533.77309311094,99459.90810146337,99736.82319791237,99870.23381144165,2022-02-19,2022-01-21
,,,,,,,,,2022-01-29,2022-01-22
98281.12872057689,98601.35069849723,98922.88473538862,99349.95409468042,99674.5595695087,99865.0599955912,99950.86948708221,99976.33390005688,99988.57068671208,2022-02-05,2022-01-22
93130.58285722669,94375.04728844255,95640.48861741842,97346.25834171798,98662.1330910247,99442.26650317572,99795.59539038275,99900.67880272015,99951.21359602145,2022-02-12,2022-01-22
87237.46413973134,89471.11427202886,91777.49983438403,94943.10447518787,97430.16641300991,98923.38414951865,99604.29626046108,99807.36401476029,99905.11087442841,2022-02-19,2022-01-22
94529.5694266962,95528.72362563231,96540.98784182168,97899.60929937995,98943.13914115296,99559.9621911225,99838.87745927469,99921.7757274301,99961.6328622687,2022-02-05,2022-01-25
86139.84440910419,88552.84174295989,91050.24540006646,94487.42787510314,97195.28575311405,98824.13814492263,99567.65361480734,99789.48221226677,99896.2744210805,2022-02-12,2022-01-25
84107.2273834182,86832.61694963003,89671.78995060983,93609.96808296112,96737.44552685501,98629.27905205348,99495.47355609649,99754.22363444723,99878.84293576691,2022-02-19,2022-01-25
78939.9923681748,82396.82001318093,86064.42852128379,91266.4360728204,95494.78547484246,98095.23218760472,99296.76988593121,99657.03179319596,99830.76153652428,2022-02-26,2022-01-25
94207.683760542,95261.42154475008,96330.88983137815,97769.31752611465,98876.5152019892,99531.94501758923,99828.55557692997,99916.74186177363,99959.14614664059,2022-02-05,2022-01-26
76784.59403102478,80517.0593253999,84510.24211148436,90233.15893559494,94936.65866632528,97852.65340614766,99206.04458417809,99612.58652628242,99808.75777570506,2022-02-12,2022-01-26
65948.85805614298,70757.37538757904,76150.76456481851,84376.69315672417,91628.28883978979,96372.86663233794,98645.03043395466,99336.61931310124,99671.86085393597,2022-02-19,2022-01-26
42347.04767052167,47349.88243343842,53621.36910688936,65052.69972409674,78073.35542556267,89159.59387988699,95631.2662604365,97805.9602399052,98900.34154457835,2022-02-26,2022-01-26
95943.43243845912,96689.01976666931,97442.24126086028,98449.83548227153,99221.17831390169,99676.07682135496,99881.52204096777,99942.55382192206,99971.89282913393,2022-02-05,2022-01-27
81480.61532702763,84575.44003325132,87834.45310812898,92415.10010391491,96103.47281673399,98356.74286140244,99394.05913250596,99704.61727279428,99854.30200529742,2022-02-12,2022-01-27
70163.25568859745,74618.83931230813,79520.68307351126,86803.64592830032,93031.86980116353,97010.13562644031,98888.3430510131,99456.56265753995,99731.42173806946,2022-02-19,2022-01-27
48372.705982934865,53621.54983012187,60030.72087001501,71173.67710190066,82907.36424536315,91992.76509308923,96880.71553905535,98451.89302579733,99228.80951307654,2022-02-26,2022-01-27
96737.27172819145,97339.72007246356,97947.07091061641,98757.55630915942,99376.4899486862,99740.89272711102,99905.31905170831,99954.14761345048,99977.61729872288,2022-02-05,2022-01-28
84693.84513286111,87315.08682641415,90047.02205722376,93839.06874938453,96853.06143851888,98677.49558375333,99513.16788008387,99762.84283546639,99883.09844542605,2022-02-12,2022-01-28
74209.82863970801,78246.53811172147,82610.63792355354,88948.67503621631,94233.12081184746,97544.22271639011,99090.2267475974,99555.780306772,99780.61802940069,2022-02-19,2022-01-28
58703.79192219783,63902.49353175421,69941.31258247787,79628.93421865406,88723.39451662457,95001.51963645389,98111.21830667279,99071.89349658391,99540.02098799872,2022-02-26,2022-01-28
97394.13454837902,97876.93380246361,98362.91463120688,99010.27590238462,99503.75077589959,99793.93109499697,99924.78020284997,99963.62716041769,99982.29756170261,2022-02-05,2022-01-29
70811.0571060834,75284.05265788618,80161.87604380702,87320.29941309229,93352.96367187216,97161.44020251854,98947.0154022999,99485.61502927152,99745.87903368191,2022-02-12,2022-01-29
28193.030389074287,33930.003081822724,41509.224309460995,56055.97696266819,73004.21946343577,87068.96937385685,94911.10268575548,97466.65072473449,98736.0446897131,2022-02-19,2022-01-29
5313.535994629132,7234.896531760667,10286.158143461595,18248.22860429952,33168.84081977953,55399.40075178014,77198.27692125812,87365.6875298916,93312.31114888027,2022-02-26,2022-01-29
89641.61028642041,91468.32787626015,93348.01370655719,95917.75952444122,97928.86849823482,99133.18787934116,99681.60523218672,99845.06909458115,99923.73787224581,2022-02-12,2022-02-02
41158.0579882521,47301.11659106722,54887.55369943549,68073.0893152458,81607.34415526931,91621.74734552349,96790.97835165118,98416.4096788902,99213.38658764804,2022-02-19,2022-02-02
8933.628824438769,11657.382129856243,15772.208990665431,25713.13572999804,42417.86646401166,64249.48230062382,82929.6145483761,90836.05168123264,95238.23791739963,2022-02-26,2022-02-02
1310.6846938529616,1896.3185852903503,2900.055980250103,5874.279624905976,12719.372719598932,26702.721081759762,48500.688541200325,64760.683207324306,78143.49346592414,2022-03-05,2022-02-02
90709.58660846799,92349.7454541694,94036.49824390316,96341.17112930083,98143.99309352331,99223.31081231475,99714.75053953649,99861.22546695315,99931.71724519841,2022-02-12,2022-02-03
19861.590794666314,23639.892929862774,28821.573977893586,39756.750289490614,55429.678971353314,73365.18402199578,87531.43182933507,93343.5082243025,96549.58032464466,2022-02-19,2022-02-03
1483.6084760436534,1944.4091528206172,2655.8863137552353,4471.447060206748,7974.055556842393,14207.72369929009,23835.99942886085,32380.68236490439,42020.076312852514,2022-02-26,2022-02-03
174.7737738559674,251.7288139343979,383.37199193042943,774.237895925902,1690.4779962493205,3690.422452299074,7448.298910909833,11332.274525551215,16292.326126179156,2022-03-05,2022-02-03
94835.94698831398,95775.34051356191,96728.75346733443,98011.13020874964,98998.28269523008,99582.6921543305,99847.1756588154,99925.81174963742,99963.6240740314,2022-02-12,2022-02-04
33321.81293846841,38496.03392161737,45198.33865373724,57951.748156540234,73174.4944087168,86589.68073066317,94567.5092683923,97267.52095837983,98629.42387829791,2022-02-19,2022-02-04
3140.912543265297,4051.618688100926,5433.02064456388,8864.800208492368,15243.842877403613,26075.640317652797,41691.44168857896,54271.29526432768,66670.55756280701,2022-02-26,2022-02-04
384.77283888718216,543.5273211518686,809.4176143945872,1574.4658523903354,3296.7754185010313,6898.616927680471,13384.325822444727,19851.574209062528,27835.753222498144,2022-03-05,2022-02-04
96117.95895464427,96829.71863587729,97549.55346802417,98513.74575274206,99252.85537516841,99689.15403760613,99886.29972450943,99944.87811501,99973.03966186184,2022-02-12,2022-02-05
29500.56334059945,33869.14291093181,39607.25449289763,50946.884826781075,65745.84246056467,80887.21388314954,91557.69566526763,95604.67607807215,97753.79993607808,2022-02-19,2022-02-05
1666.4467374034307,2115.3327474967036,2784.879231950891,4409.179976456044,7346.037052824306,12237.40165051113,19364.444098329117,25472.067619316815,32282.766986733208,2022-02-26,2022-02-05
186.36908058153756,259.01965068577914,378.5759045247274,713.7718297431368,1443.953331348596,2921.054749610038,5507.026142884394,8048.076135395001,11183.183318667967,2022-03-05,2022-02-05
66259.64429217528,70510.89689791593,75408.7906646756,83236.01953770689,90629.82684153086,95808.08625051829,98407.4562767927,99216.09680930336,99611.18161270404,2022-02-19,2022-02-09
2011.177805008357,2462.382025162351,3109.597125986585,4592.53996850578,7082.8914232739,10923.576706605121,16132.44835146947,20371.733541961636,24939.862160354915,2022-02-26,2022-02-09
148.00643298468802,196.5487795174203,272.58477024028485,470.79058696341536,863.9999123849902,1585.6219569609673,2738.578204111919,3797.998957871212,5043.643004656089,2022-03-05,2022-02-09
27.778796640100992,40.32465443037849,61.96566431396939,127.0249062108713,282.0000463079229,626.0509847425877,1283.3491853478145,1971.992712805636,2862.319217521483,2022-03-12,2022-02-09
85541.597613826,87957.14851053989,90498.75942918137,94071.21311203562,96951.14879439454,98713.28204984224,99525.40969338652,99768.67449513594,99885.94625437328,2022-02-19,2022-02-10
10173.563244155514,12260.40530788604,15197.587187131494,21728.38408160595,32192.824092039125,47176.5681034739,64802.41145692835,76201.68511936878,85181.36416810798,2022-02-26,2022-02-10
936.2875998066949,1230.335124335167,1685.6822247523025,2852.81883329031,5118.313047153725,9181.348816612981,15527.957274845405,21252.604191109014,27873.216769762468,2022-03-05,2022-02-10
166.11746088845084,239.35159131804303,364.6817447498902,737.0328918987971,1610.5694414759223,3518.9463277753744,7108.025323716091,10820.719236270947,15566.535633116639,2022-03-12,2022-02-10
91742.65227287746,93202.30257545388,94702.43984965695,96750.75655346495,98352.12237533896,99310.51302071735,99746.82352740986,99876.85945707618,99939.43866816498,2022-02-19,2022-02-11
17724.82469738425,20912.146790974104,25275.69148689981,34542.54390943619,48281.32023825919,65534.25505019612,81656.24918597363,89490.62875367656,94298.38408820875,2022-02-26,2022-02-11
1642.8796797362593,2124.3738728274434,2857.0674914925976,4687.34845402157,8123.282010265189,14070.139533963888,23033.625926650395,30873.482421327713,39676.26677696136,2022-03-05,2022-02-11
286.4443245434237,404.834439537026,603.2361510026349,1174.6271655075755,2462.7397271524337,5162.067660942594,10041.194660745607,14937.929894616846,21048.778341179728,2022-03-12,2022-02-11
22087.858510828366,24425.347745066738,27428.47655588226,33290.72406598436,41276.23705523902,51147.869792969854,61939.01397012275,69312.70996064691,76172.60932132085,2022-02-26,2022-02-15
156.4639233552006,194.9296584876419,251.15211325460538,383.5656483445761,613.999844330147,982.8715492945574,1501.0622316285787,1934.0006783231113,2409.4365780553035,2022-03-05,2022-02-15
19.0308591615379,25.65644619441604,36.20914348333157,64.37647496816446,122.0007499236875,231.20716953742266,411.03928051350806,580.000500498648,781.8737933942755,2022-03-12,2022-02-15
3.6879752791160625,5.5197547721656095,8.744484473861666,18.803511323625088,44.00193738944652,102.98302143761505,221.38653231371168,350.0007667881927,520.7186271181191,2022-03-19,2022-02-15
55666.11245035063,60005.31342942335,65250.03693235853,74363.4479669733,84215.58156136419,92289.74168508896,96909.38584529406,98450.26833190456,99223.89184586506,2022-02-26,2022-02-16
2350.2274447966297,2902.114447737841,3701.076444039958,5556.491796060713,8727.015286562184,13705.842339716755,20572.095008776956,26226.223056044553,32363.173174567328,2022-03-05,2022-02-16
302.82873011598844,404.6751657657594,565.2907482226692,988.1802423613213,1837.9848813097824,3418.5813403077464,5975.894789213744,8347.506688532527,11154.371004323937,2022-03-12,2022-02-16
66.42047369283527,96.92777408447,149.86064609373707,310.38100690716,696.9821696322591,1565.102128197431,3241.3549979470617,5011.042193311557,7311.335144567853,2022-03-19,2022-02-16
81917.98967042712,84801.06925471734,87889.33102936186,92332.26281861981,96008.13744293433,98302.05677007826,99371.33814446654,99693.15454662044,99848.5479123768,2022-02-26,2022-02-17
13008.016029746694,15610.705700033279,19249.346720669553,27238.96567763302,39722.200608424944,56686.86775126629,74568.81064700709,84468.90517922133,91167.32226009748,2022-03-05,2022-02-17
2028.9386137050578,2671.9188441613373,3669.5736988273775,6232.771901492034,11214.049099696274,20106.281253539546,33689.289748186966,45334.149067261395,57648.42250222946,2022-03-12,2022-02-17
456.6122760885749,658.3291370365645,1003.6982436857272,2030.089950146682,4435.924745496394,9666.378280559837,19341.625402804955,29007.179289829597,40623.085016095654,2022-03-19,2022-02-17
86849.42893299917,89029.73513912901,91329.58857602483,94574.49515603043,97202.93354730605,98817.60184988585,99563.56387306422,99787.2404505845,99895.10797877758,2022-03-12,2022-03-02
67000.40288219799,71305.8836063459,76227.14070445267,83985.08657601211,91164.2828575887,96087.56938445124,98521.86155175325,99273.72104105722,99640.09821562633,2022-03-19,2022-03-02
87059.43508198617,89155.31421247212,91384.37094811776,94565.80953699966,97178.70821600051,98801.8584738202,99556.77248408578,99783.78051773994,99893.36328334337,2022-03-26,2022-03-02
99563.83078225871,99645.48980174639,99727.3295254991,99835.79363455898,99918.05501444046,99966.25867360517,99987.95526551858,99994.3907964893,99997.48335788016,2022-04-02,2022-03-02
63914.13005174068,66991.45845012557,70681.16798611959,77133.57671249098,84489.94077722436,91367.7878366583,96118.19476924412,97954.17699903593,98946.22311623475,2022-03-19,2022-03-09
29489.289126640077,31578.348456507854,34171.20805667978,38987.434073984965,45138.46717109353,52259.03694997654,59620.50021521707,64508.86470874007,69064.8777290025,2022-03-26,2022-03-09
29440.79466391096,30855.338516953005,32570.77231912137,35652.644828294826,39419.99541857566,43585.43511776304,47709.523784252735,50361.983134029375,52781.72862495774,2022-04-02,2022-03-09
40975.839305304675,41320.622523818995,41721.73748601143,42400.690974549514,43168.02321050443,43949.241963375884,44664.4443389225,45098.01920948545,45477.48744500035,2022-04-09,2022-03-09
82884.59457051089,85480.81157655017,88305.11927907789,92464.46556012917,96011.61226490112,98284.1550511738,99361.13941083533,99687.63369098477,99845.68857894528,2022-03-19,2022-03-11
62413.15056844816,66167.07313254614,70647.14896840167,78326.39082250242,86564.68159126134,93361.50260780635,97313.07409128729,98647.51421356137,99321.30264779803,2022-03-26,2022-03-11
60324.63695287862,63834.64214495474,68064.56116575334,75481.68241297331,83859.8505374453,91416.19894297914,96311.97387504968,98097.72808380447,99032.50409494774,2022-04-02,2022-03-11
70158.45615576203,72789.4224083912,75912.02308326271,81298.69118187258,87347.27261128546,92947.44779909696,96814.1607083996,98316.18155326592,99131.09637549872,2022-04-09,2022-03-11
89214.37279436557,90996.34994095264,92877.16427383605,95535.16156790822,97694.16304409219,99024.08505967849,99639.60895943618,99824.32252667901,99913.42559642106,2022-03-19,2022-03-12
64049.973358362455,67921.7543159883,72500.1227871508,80198.67836331873,88150.2617250208,94359.54929922121,97775.3615577302,98890.84369886588,99446.20457460135,2022-03-26,2022-03-12
57385.54766915797,61199.70909328975,65818.41857720398,73948.07347538555,83101.49366723144,91207.1413650735,96297.65785164971,98107.14569900231,99042.07666118737,2022-04-02,2022-03-12
75351.77691549946,77890.54780909182,80860.81850301275,85841.06628531576,91112.33352158715,95509.5551699465,98145.26719935007,99058.50930647599,99525.41221499778,2022-04-09,2022-03-12
