lower_95,lower_90,lower_80,lower_50,pred,upper_50,upper_80,upper_90,upper_95,date,epiweek
327048.95594017045,331189.552330613,336028.4974576634,344272.4483177066,353669.4881333576,363323.02351735404,372236.6042846422,377675.2797794986,382456.82967229345,2020-10-24,2020-10-18
298415.7205001679,304202.3004775658,311013.2543810959,322736.0553336895,336279.85796315025,350392.033994449,363599.1112235699,371739.9332424056,378948.34321120445,2020-10-31,2020-10-18
278685.9166988019,284794.4855642172,292003.6358184362,304459.3392434475,318922.6137226519,334072.9629001744,348323.17501324095,357140.4598729608,364968.68858147465,2020-11-07,2020-10-18
269105.2305720432,275734.2439478527,283579.9915041182,297191.22709867527,313081.8329645885,329822.0983485532,345652.85658047925,355488.069704553,364244.997854938,2020-11-14,2020-10-18
463081.6375861307,464674.75638494105,466518.32365465234,469615.1801079176,473080.1279267239,476570.64106772514,479734.2271272513,481637.5418805049,483294.4977170229,2020-10-31,2020-10-25
504169.58509757783,510800.279738923,518553.34838081343,531771.8784273473,546854.1699763761,562364.2305135707,576699.5510767319,585452.8571781509,593152.5662395377,2020-11-07,2020-10-25
536685.9015149552,548608.4666167644,562683.5106866488,587012.7277801349,615279.9052567867,644908.2684193406,672792.7060646013,690053.8085885093,705383.4668363302,2020-11-14,2020-10-25
579029.8050922238,595113.5280591557,614212.2817851616,647503.0202005281,686611.7818591663,728082.6873082668,767545.281930259,792177.8228186364,814182.1627173965,2020-11-21,2020-10-25
530384.9223163453,536092.0019418023,542748.1564045788,554055.2307926707,566894.683289407,580031.6720808194,592115.4740915227,599467.2197640522,605917.6428663973,2020-11-07,2020-11-01
494119.68739588285,507308.12685630546,522951.0228218884,550173.3972401661,582084.504807951,615846.5175472889,647904.5951745217,667882.7970628759,685709.10931152,2020-11-14,2020-11-01
490560.6219732598,508749.61887162627,530558.9481503319,569107.6411150794,615231.4770803438,665093.4604371671,713416.994869366,744000.1060442497,771586.1270477063,2020-11-21,2020-11-01
524802.414893201,547880.4192217793,575750.2034270259,625518.8463445219,685876.6397672347,752058.499480114,817067.4750582485,858630.3661784388,896388.3389792066,2020-11-28,2020-11-01
813388.5782554151,816952.2720416292,821080.3650700991,828024.8284324933,835809.5351833954,843667.4301493323,850802.9284610196,855102.070231939,858848.5230537876,2020-11-14,2020-11-08
1008903.011993003,1015248.0830827771,1022613.0851570877,1035039.1012363177,1049022.4661137077,1063194.7460698236,1076113.8796128752,1083920.425705016,1090737.28726158,2020-11-21,2020-11-08
829661.6477179596,861452.7180448292,899620.5897287687,967208.3797479268,1048274.767422668,1136135.719069595,1221492.705437473,1275612.654063115,1324491.7262809393,2020-11-28,2020-11-08
929723.109120432,973938.2821240565,1027531.5378234303,1123745.1302875932,1241246.8882020884,1371034.9401710576,1499412.7000081614,1581921.4274145558,1657153.4281093075,2020-12-05,2020-11-08
1181305.2572050316,1185162.5581087554,1189625.4134940386,1197120.182315296,1205502.803538414,1213944.1225761776,1221592.1018959119,1226192.1365943295,1230196.0060495583,2020-11-21,2020-11-15
1358869.1322923636,1368792.634371357,1380323.7713438657,1399808.9783921132,1421781.2115325192,1444098.3338946893,1464483.8083885268,1476821.0777195417,1487605.955149444,2020-11-28,2020-11-15
1315046.0561955653,1369155.9702824913,1434310.2249177308,1550172.3387751002,1689912.1005672808,1842248.6559786566,1991063.6193139616,2085812.697478502,2171637.1789331627,2020-12-05,2020-11-15
1471043.6628486787,1539444.7619465834,1622263.4763168239,1770711.5013928998,1951631.9483172158,2151037.7374836453,2347872.165833431,2474182.481790544,2589227.8780607865,2020-12-12,2020-11-15
1249616.2794847991,1253660.597418978,1258339.6846798921,1266197.2380872527,1274985.1066617693,1283833.9662349708,1291850.7156697158,1296672.34142643,1300868.9538516034,2020-11-28,2020-11-22
1315496.301597795,1323873.3279797758,1333597.7302247135,1350006.43909813,1368474.5905545414,1387195.387189775,1404263.5665538085,1414578.4686599777,1423586.4462095567,2020-12-05,2020-11-22
1272541.7352830307,1320110.5434386248,1377165.3858447818,1478057.2380119886,1598847.0055619471,1729507.9523663688,1856212.6041429006,1936437.6414536638,2008823.503636088,2020-12-12,2020-11-22
1365369.6168768378,1421944.6678580306,1490087.5879053704,1611316.4176743922,1757611.5432725328,1917189.1399849846,2073165.6059140577,2172516.559099531,2262536.311677363,2020-12-19,2020-11-22
1061210.6462119266,1064371.9271868444,1068028.3712135346,1074166.1805968105,1081027.1087562975,1087931.8591251036,1094184.0510642705,1097942.9088802484,1101213.6129970783,2020-12-05,2020-11-29
1031172.6290720191,1036310.0676445274,1042264.9797717719,1052291.8343807627,1063545.5651842458,1074919.6489666835,1085260.6498116858,1091496.8449491838,1096934.8267525404,2020-12-12,2020-11-29
999522.1578222205,1029477.77394955,1065130.5910706897,1127481.4895567112,1201047.560084253,1279413.6799101573,1354308.338974936,1401210.6701926999,1443204.8657403649,2020-12-19,2020-11-29
1009911.9703803668,1041720.3192012613,1079638.6748130843,1146103.5765582037,1224760.3805023558,1308815.3813749987,1389388.8989369282,1439962.302740172,1485315.5855587202,2020-12-26,2020-11-29
1357724.112579679,1361701.7216283155,1366302.114631427,1374023.878274658,1382654.5091747523,1391339.3514978876,1399202.6150504665,1403929.7016201422,1408042.6752596868,2020-12-12,2020-12-06
1419604.1025274107,1427701.6332085847,1437094.9091614732,1452928.7751237697,1470726.0322970017,1488741.2921475247,1505144.1963135095,1515046.9900457596,1523688.9342775873,2020-12-19,2020-12-06
1311956.3903908136,1348863.2250439685,1392704.8264304188,1469165.1246644566,1559050.9391162423,1654436.1079319608,1745265.604477802,1801991.3254585215,1852683.403626841,2020-12-26,2020-12-06
1309415.7331090781,1357947.7133485565,1416138.6294528176,1518990.7818531701,1642050.8334146768,1775080.5151222236,1904002.11069708,1985592.6064111597,2059186.3006836365,2021-01-02,2020-12-06
1491445.5495811792,1492996.5053097107,1494786.659735615,1497782.7204481694,1501118.6046139805,1504461.9185110976,1507477.3717319488,1509284.8892173278,1510854.3960931066,2020-12-19,2020-12-13
1483978.3430016895,1491711.6400259214,1500677.6654004743,1515779.9210600206,1532737.932534075,1549885.6642631341,1565483.1307174119,1574892.564214359,1583099.6327593685,2020-12-26,2020-12-13
1520662.7225041944,1546851.6685440214,1577606.1055286392,1630365.9636012183,1691057.8436206733,1754009.0349742286,1812668.333654017,1848707.725907992,1880546.2829796656,2021-01-02,2020-12-13
1561137.530398687,1582993.9076847495,1608572.951909508,1652240.082455125,1702149.0457153013,1753565.6013890475,1801168.7753360295,1830273.2308471429,1855897.5858389544,2021-01-09,2020-12-13
1431311.7361424146,1433212.0971693697,1435406.2233802865,1439080.0103825617,1443172.882795759,1447277.3957045993,1450981.5658540814,1453202.8956150326,1455132.3216634265,2020-12-26,2020-12-20
1556115.6401374326,1557194.3581444626,1558438.9790231106,1560520.906235473,1562837.3404765876,1565157.2132282485,1567248.1153666738,1568500.7719256994,1569588.0754544828,2021-01-02,2020-12-20
1575634.4466566567,1578745.8849354344,1582340.8003554079,1588366.0226892608,1595087.392710684,1601837.2050522778,1607936.6656115388,1611598.0504922245,1614780.5068512775,2021-01-09,2020-12-20
1568665.8861491303,1572536.2174048952,1577010.314428871,1584514.7585794588,1592894.629338125,1601318.817913051,1608938.9377856757,1613516.6059078036,1617497.5962555131,2021-01-16,2020-12-20
1383787.0507354669,1390810.0147727383,1398951.2901740314,1412661.4890136921,1428052.1521464211,1443610.4934621453,1457758.367695797,1466291.533414977,1473733.2222946752,2021-01-02,2020-12-27
1238205.8141590774,1260764.8651760495,1287284.5779401094,1332848.517818992,1385367.223304383,1439955.3420719183,1490923.1232127666,1522284.1280067707,1550018.842957495,2021-01-09,2020-12-27
1089150.689016185,1123107.2504483827,1163572.9760908596,1234469.1033625004,1318317.1461951104,1407860.345162215,1493640.823277687,1547456.9301001013,1595702.1516663558,2021-01-16,2020-12-27
974697.3019653606,1016642.7721543983,1067248.3862175765,1157491.698641138,1266735.1932756442,1386289.0349596972,1503509.4647179493,1578349.931591693,1646273.2036372349,2021-01-23,2020-12-27
1322673.9929793274,1324468.9984490764,1326541.548332075,1330011.928037,1333878.4204000654,1337756.1530857764,1341255.8714396001,1343354.6896850085,1345177.761000085,2021-01-09,2021-01-03
1309038.1891752377,1312054.4884868755,1315540.7152992834,1321386.7307152008,1327912.5503849685,1334470.5985623884,1340400.7348178136,1343962.2797247497,1347059.0514864314,2021-01-16,2021-01-03
1364243.157256872,1380451.441209356,1399377.6938284251,1431583.4474893578,1468236.3707075315,1505827.7210797723,1540483.3518324837,1561603.672476801,1580156.7549021074,2021-01-23,2021-01-03
1359894.9571359402,1381682.1263882683,1407234.9038976994,1450991.3866276215,1501205.4760920228,1553157.311764966,1601451.0976146925,1631068.2742489097,1657199.969470434,2021-01-30,2021-01-03
1611064.506522894,1613580.9007598446,1616487.02064405,1621354.7041265967,1626780.2462719716,1632223.9439187283,1637139.015571122,1640087.5645060528,1642649.29116486,2021-01-16,2021-01-10
1715197.6680131303,1718679.253795796,1722702.0710798001,1729445.0453852047,1736967.9372736719,1744523.5528977192,1751351.9405161242,1755451.2329472878,1759014.527236203,2021-01-23,2021-01-10
1729001.2249183673,1744795.8241917468,1763185.1410602643,1794346.4041359362,1829615.1247229818,1865577.0685633412,1898547.932749779,1918557.7236040058,1936083.9404686599,2021-01-30,2021-01-10
1710526.406377163,1738263.246842537,1770800.7082285075,1826534.1674739404,1890517.6743350916,1956742.523966147,2018328.2400811873,2056108.062726085,2089448.6420370995,2021-02-06,2021-01-10
1309091.2238416919,1311068.856648168,1313352.6488015596,1317177.6462885053,1321440.5622167687,1325717.2746532427,1329578.282775148,1331894.3170811455,1333906.3983236495,2021-01-23,2021-01-17
1185810.2606718398,1189488.0587365695,1193742.4834589045,1200885.424325291,1208871.886843947,1216911.4631586988,1224193.0391614093,1228571.5926848894,1232382.0152928021,2021-01-30,2021-01-17
1366659.69152439,1381112.7345360613,1397965.9683071694,1426587.1565259048,1459075.1108265258,1492302.9198004566,1522855.5110045883,1541438.382109026,1557739.788651289,2021-02-06,2021-01-17
1207868.9157114124,1227215.4032910722,1249905.5610024517,1288759.8578763134,1333347.9215289045,1379478.6274419115,1422360.804939216,1448659.033351283,1471862.266443332,2021-02-13,2021-01-17
968920.2368652258,970700.6938381769,972757.5075969389,976204.0831895468,980047.802213574,983906.6555483361,987392.7336694853,989484.9161236697,991303.1620963643,2021-01-30,2021-01-24
826213.2449677142,828748.3824668557,831680.8893723041,836604.153815503,842108.4449890604,847648.950686757,852666.7405537103,855683.8820137961,858309.4466726984,2021-02-06,2021-01-24
852568.1871467374,883162.9334147094,919801.7983506996,984447.0159336122,1061614.5674283863,1144831.0285214602,1225291.6789215175,1276124.0843958051,1321918.3013946835,2021-02-13,2021-01-24
752272.5681659896,786403.9040669043,827681.4821376133,901545.8888285516,991370.431438099,1090144.5445076684,1187431.824367379,1249758.9689561715,1306461.7452764853,2021-02-20,2021-01-24
897282.1565081995,898409.8376071766,899711.740741198,901891.3751843792,904319.3005426857,906753.7619669838,908950.4563542763,910267.6341035201,911411.6350162139,2021-02-06,2021-01-31
815591.324386841,817516.8726247473,819742.5492246295,823475.087102952,827642.1428315793,831830.2852375299,835617.8622651242,837892.8185195634,839871.0188657569,2021-02-13,2021-01-31
828216.521361973,846712.935620002,868551.367130502,906306.586384422,950183.1932894159,996183.9783284069,1039487.2830520988,1066297.7531441217,1090111.1937793386,2021-02-20,2021-01-31
721164.5320442059,744327.3851010975,771957.500981212,820433.9331884461,877873.0819709335,939333.5854041664,998320.6939107152,1035379.2745976569,1068634.2905198578,2021-02-27,2021-01-31
702142.7980051402,703254.2615872006,704537.8916821785,706688.0118282302,709084.6477781794,711489.4115918824,713660.7464989569,714963.371256243,716095.1292859718,2021-02-13,2021-02-07
616051.5866821703,618482.3636183037,621296.7997720138,626028.207935419,631327.4146745983,636671.4781657713,641519.9702718086,644439.2402524387,646982.0273758053,2021-02-20,2021-02-07
579327.0404112116,590011.3817183849,602574.5278352153,624166.7824254545,649065.9435785107,674958.3780738565,699144.3873788683,714031.3088308257,727199.9574099449,2021-02-27,2021-02-07
498285.6670574926,512918.0159225182,530322.2513269724,560731.7821881546,596568.2750894201,634695.0862217137,671089.5233089858,693860.8038617376,714236.2912921249,2021-03-06,2021-02-07
638532.8644390252,642452.4336067052,647001.3158458001,654674.2861058973,663306.2778164641,672052.083804562,680022.138155267,684837.0325577676,689040.8351608758,2021-02-20,2021-02-14
516374.69717216154,524833.7299577574,534758.578046566,551763.1530304776,571291.3579963045,591510.7123929929,610319.9258878304,621861.357400811,632048.4282219725,2021-02-27,2021-02-14
437368.6895862539,448977.26870145416,462744.13048809697,486696.389060574,514765.8531625719,544454.1803436532,572635.8609944738,590194.4308864123,605859.2896369937,2021-03-06,2021-02-14
375639.4425265854,388807.92993851635,404564.30600113986,432330.27490405645,465420.75411378127,501043.97247662744,535431.5127326892,557129.784863429,576660.6320754245,2021-03-13,2021-02-14
439171.7529177332,439972.6149397794,440897.7702680584,442448.0074555658,444176.82689950475,445912.4015251134,447480.270618202,448421.21271915257,449238.941812066,2021-02-27,2021-02-21
417391.91942373244,418992.4317681107,420845.33842210076,423959.7676039497,427447.1621766744,430963.2432471171,434152.54910020187,436072.4982116449,437744.64226607507,2021-03-06,2021-02-21
464289.61754068965,467286.4633429186,470765.64996706124,476637.12062140845,483246.6728336132,489947.8800566339,496058.59480422316,499752.00465711526,502977.74919399567,2021-03-13,2021-02-21
455822.5430875649,459519.5613575595,463819.21664112515,471093.71682864963,479310.0973648477,487669.78040478134,495318.3507565989,499952.96991750225,504007.91474625765,2021-03-20,2021-02-21
448692.66573886585,449288.3294162218,449976.07298452867,451127.61238949845,452410.51267878944,453697.0612332432,454858.12306585105,455554.39253948093,456159.16552869143,2021-03-06,2021-02-28
431276.52822782216,432475.27512007154,433861.4893852107,436187.7149437021,438786.95076020213,441401.6753825495,443768.3289896508,445190.7409134113,446428.1628044683,2021-03-13,2021-02-28
346375.5994484452,354076.77345148067,363168.48042644636,378884.2585943762,397144.4840764817,416284.75624063826,434299.09183519887,445450.6848752332,455354.65397541836,2021-03-20,2021-02-28
337258.7242345913,345688.4488361615,355669.2117920937,372993.8212011676,393234.1692087835,414572.85092645965,434766.6503214591,447319.290979868,458499.9607771808,2021-03-27,2021-02-28
378562.5250822046,379204.7221296818,379946.4864025409,381189.18126925174,382574.6728119117,383965.2001397122,385221.0390546264,385974.57187541935,386629.3427891695,2021-03-13,2021-03-07
347077.0119791829,348194.19452580984,349486.69820417784,351657.13047556824,354084.4499531552,356528.52404577954,358742.6884710248,360074.3483657795,361233.36715296,2021-03-20,2021-03-07
258334.49870161858,263650.8693544731,269916.23188699374,280719.39041714685,293230.3222971297,306298.83381659875,318558.173820675,326128.3458878903,332839.8736778544,2021-03-27,2021-03-07
222300.23710717607,228343.35663753658,235514.8540000319,248004.24534757287,262659.12080826575,278179.97085930256,292931.9003537748,302131.90679018927,310345.20989066496,2021-04-03,2021-03-07
401139.07760622056,401806.1477296038,402576.6137243057,403867.3268302759,405306.25655508635,406750.3130099277,408054.40753991675,408836.85461489105,409516.7256777629,2021-03-20,2021-03-14
374379.02875441377,375809.2167542011,377464.9140443425,380247.80547514133,383363.86844340665,386505.4669921076,389355.0106504167,391070.38645094825,392564.3381170851,2021-03-27,2021-03-14
340608.0025280705,344098.6629898925,348167.5924255584,355074.24784607324,362908.84132335015,370916.3024623247,378274.2276302349,382747.27941772086,386669.7967550029,2021-04-03,2021-03-14
321023.9811497516,325397.4131730005,330513.69722453173,339242.92745715834,349212.3810214859,359474.8104928317,368968.9355774269,374770.3027800654,379875.941423231,2021-04-10,2021-03-14
360585.57479979744,361317.078793063,362162.297992185,363579.0366904836,365159.63686030806,366747.1084298689,368181.78239754104,369043.060010791,369791.72132990987,2021-03-27,2021-03-21
358370.12143773044,359466.8961412075,360735.5736870686,362865.47796361864,365246.7079326792,367643.56423301104,369814.2556114701,371119.4524105915,372255.245834829,2021-04-03,2021-03-21
258219.93696138848,264070.34191116993,270980.1817555816,282932.05377089453,296830.6809498744,311412.05805020715,325147.22140321723,333655.2394164913,341214.7574272739,2021-04-10,2021-03-21
239807.68789477804,246752.84051136914,255010.15876422753,269428.99801571044,286407.48614939954,304455.9001686795,321670.5111668102,332434.8686419234,342062.62877781875,2021-04-17,2021-03-21
362805.71131824516,363840.04658280476,365036.229210454,367043.78017629863,369287.2659844493,371544.4646760302,373587.8082929855,374816.0382538673,375884.61417203536,2021-04-03,2021-03-28
353532.4561811063,354976.9949018664,356649.7825257315,359462.5465368554,362613.75512929325,365792.58861809014,368677.45853589696,370414.8079942961,371928.3282483362,2021-04-10,2021-03-28
345759.6494152023,347834.55137098476,350242.2386732312,354302.6263941574,358869.2410443063,363494.71489506343,367708.73968708323,370253.994780288,372475.8871821494,2021-04-17,2021-03-28
341036.4718874781,343558.4628913971,346489.3125975067,351442.5344268264,357029.00997612276,362704.28726682987,367889.3095112673,371027.7223030452,373771.5009161479,2021-04-24,2021-03-28
453726.61447800626,454435.0360541394,455253.17363369965,456623.5338517807,458150.9417065273,459683.45874768635,461067.1545926813,461897.23224062985,462618.4109302508,2021-04-10,2021-04-04
455993.467727241,457179.99392437085,458551.81494356954,460853.2595227874,463423.88058753946,466008.8404738622,468347.71142546483,469753.04246217967,470975.37201404996,2021-04-17,2021-04-04
351274.72457700485,354455.6540600223,358158.8278011619,364433.20554939564,371533.48645862105,378772.1027012415,385407.59251292853,389434.1364822004,392960.6143064201,2021-04-24,2021-04-04
325208.3824809928,329732.5405420418,335026.7726986235,344063.5734542577,354390.26694753947,365026.90490089165,374872.9102916386,380891.92258880154,386190.7259247498,2021-05-01,2021-04-04
424925.3561792328,429279.12695317436,434354.1383356862,442968.4997808199,452740.19037797983,462727.4401789519,471904.5172883275,477483.4533379208,482375.732591095,2021-04-17,2021-04-11
392611.0148168037,399151.11268164957,406826.7521750647,419983.2008417877,435100.5440545748,450762.03776041773,465339.318086738,474287.75073358417,482188.4162494069,2021-04-24,2021-04-11
373532.924580824,380636.3662511295,388993.99588421633,403370.73955785466,419968.34302440216,437248.89251012483,453409.07831173646,463364.5777983741,472176.3398516661,2021-05-01,2021-04-11
357042.9134996205,364465.3292488684,373214.6046869806,388305.4661908739,405789.19503776997,424060.1411684977,441206.9322622239,451798.44993421296,461190.6988866097,2021-05-08,2021-04-11
467322.9171727498,467864.88709665195,468490.5238359649,469537.8028747255,470704.15176240844,471873.3979029206,472928.2391290059,473560.64666720293,474109.8506933827,2021-04-24,2021-04-18
462784.7430622126,463677.568321148,464709.0766410461,466437.8050856467,468366.0909588408,470302.348498071,472051.88404251885,473102.0220674755,474014.75188773766,2021-05-01,2021-04-18
352073.0462290081,371917.41244941764,396188.82497845107,440331.2508039904,495167.9260113119,556833.6894159911,618874.7877067965,659262.6931219336,696421.6022116552,2021-05-08,2021-04-18
330579.7826617814,353097.6495154974,380969.46378011414,432537.66673097113,498059.8696157493,573507.587435032,651137.8399210315,702535.4999163473,750389.608597005,2021-05-15,2021-04-18
352537.16752663604,352940.38975935464,353405.85159087274,354184.9881428897,355052.6800908638,355922.49773400225,356707.1826123691,357177.6121334778,357586.14197801024,2021-05-01,2021-04-25
321497.0145653923,322231.751900187,323080.9412145643,324504.89619916835,326094.37508925947,327691.6395110071,329135.91580208327,330003.29991624557,330757.4771996075,2021-05-08,2021-04-25
330169.3111430915,331531.8889344672,333109.83431420533,335763.2891669516,338736.266024943,341735.5667595561,344457.73165703204,346097.19833980023,347525.5090282846,2021-05-15,2021-04-25
306895.4357836747,309086.2353803954,311631.5038660399,315931.3943577454,320778.5010488433,325699.97338923876,330193.9805783423,332913.0674761501,335289.59618570015,2021-05-22,2021-04-25
293286.4874833806,293810.87026527856,294416.61375508405,295431.57268840255,296563.3697341109,297699.50268928555,298725.7789100641,299341.6553602732,299876.86450448807,2021-05-08,2021-05-02
258865.78553023125,259786.20070284238,260851.44280456248,262641.1718423921,264644.095534551,266662.2936914424,268491.89158510405,269592.8309964859,270551.38691985025,2021-05-15,2021-05-02
207766.92463121485,216297.9246240441,226569.26363275383,244832.1737277646,266855.10784458776,290859.030079636,314304.1003927768,329229.4584264843,342747.7627112537,2021-05-22,2021-05-02
177714.94492013878,186623.07924012997,197449.17537857825,216958.66308692598,240903.96293084527,267492.0583029868,293922.31820929854,310972.89570017305,326560.71430495393,2021-05-29,2021-05-02
248249.93789693472,248249.9521112711,248249.9684994916,248249.9958834919,248250.02630910793,248250.05673472764,248250.0841187377,248250.10050696693,248250.1147213126,2021-05-15,2021-05-09
212891.21977148176,213599.40678513906,214418.82533078955,215795.05857784126,217334.51554180292,218884.95481351297,220289.85362139074,221134.93832547686,221870.54823816425,2021-05-22,2021-05-09
135308.4527517066,142770.42811335914,151885.75442185084,168434.21119265025,188943.60809085716,211950.3323321836,235043.0241090177,250049.5901717547,263839.296898184,2021-05-29,2021-05-09
104327.49624455404,111183.67221869458,119649.45750483098,135258.21083305794,154999.92267681338,177623.05062182795,200794.69251958866,216083.67083398535,230284.2193538431,2021-06-05,2021-05-09
192159.49868023556,192468.16180831802,192824.64601568165,193421.78951575892,194087.42830107198,194755.35780551043,195358.4803752743,195720.3179507674,196034.7007732815,2021-05-22,2021-05-16
160806.8462041166,161692.82254269786,162720.35645285365,164451.9127341372,166397.41558031473,168365.93415955096,170157.56673216404,171238.89283642403,172182.34525079044,2021-05-29,2021-05-16
137026.51524956635,140703.88782971076,145066.31284996716,152659.64392145892,161563.41623240727,170986.49514809262,179936.58866674633,185515.39596601165,190494.06180362374,2021-06-05,2021-05-16
107036.97454185413,111091.5771720764,115957.25979025137,124567.80718665868,134886.6372280552,146060.24874010627,156906.13020352338,163778.43726631548,169982.4287875261,2021-06-12,2021-05-16
141269.96803641075,141648.44966972637,142086.07340457008,142820.34267581566,143640.62014699922,144465.60881770187,145212.1749994879,145660.80888511267,146051.05418369384,2021-05-29,2021-05-23
116358.67515453699,116955.35180049768,117647.0801449828,118812.06957324898,120119.99175351959,121442.31196957717,122644.88333313682,123370.26221320993,124002.8936364442,2021-06-05,2021-05-23
95613.53868878097,98747.41055969681,102488.25782051598,109057.96013499665,116852.42525122338,125203.96741503903,133229.79214853438,138276.9351591053,142809.16148849667,2021-06-12,2021-05-23
70119.83665755743,73244.06588356712,77019.25403992253,83766.629217972,91958.9029394587,100952.37099518467,109796.43902348669,115455.63081207994,120599.82214629647,2021-06-19,2021-05-23
116459.39617935139,116745.91211302792,117077.121586018,117632.6562650372,118252.98764471072,118876.59031853694,119440.66353413089,119779.51804737862,120074.2022169223,2021-06-05,2021-05-30
98675.41017125806,99184.3957492438,99774.48280851287,100768.3369583778,101884.19559257489,103012.41069239499,104038.51785900102,104657.48400372946,105197.32619839297,2021-06-12,2021-05-30
66885.04713906709,70115.8013314111,74034.80627669234,81078.18156926968,89692.44742217501,99221.9481107449,108661.52731613583,114734.98087193185,120277.0345343863,2021-06-19,2021-05-30
47485.22407608553,50489.13369634857,54189.04192437692,60986.32643915321,69543.06579958911,79300.36588826436,89247.5273424312,95787.70017905341,101847.21868547742,2021-06-26,2021-05-30
74201.55663195944,74506.58325325098,74859.8159503889,75453.79331096903,76119.27412144367,76790.62428175053,77399.92169651309,77766.87159416435,78086.55445753655,2021-06-12,2021-06-06
59179.34444759816,59591.32897421322,60069.88158317481,60878.113271505135,61788.87722522458,62713.26661729648,63557.06467420833,64067.46441929447,64513.478214252646,2021-06-19,2021-06-06
38771.30851610822,41449.40210241168,44767.456428757476,50915.044375104444,58740.4111926407,67768.49454672464,77074.64712835541,83244.52783553538,88994.56941585979,2021-06-26,2021-06-06
31075.400930649255,33508.121275288104,36550.180077480945,42262.04173268736,49661.0356446736,58355.40263058464,67474.86485903831,73600.61881835051,79362.40201068952,2021-07-03,2021-06-06
68359.50802398565,71136.24252719413,74477.91024127915,80415.65453050117,87569.70661924819,95360.20768782777,102962.7911489249,107799.53009817301,112178.30173222619,2021-06-19,2021-06-13
55001.0237531053,58218.04064891013,62161.27273004319,69355.22337757034,78328.71183458593,88463.23029290109,98701.1177250286,105386.3549731205,111550.41631964539,2021-06-26,2021-06-13
48168.537101091264,51867.49207792153,56486.04246232789,65139.32004626051,76316.93459598339,89412.5775643856,103109.97641606732,112291.42325558532,120914.4984807034,2021-07-03,2021-06-13
44363.7020791077,48393.57325700866,53496.14025135413,63250.959947859745,76188.90526744864,91773.29941928702,108507.81492979449,119948.7637547323,130844.56467364808,2021-07-10,2021-06-13
68527.93533711856,68725.17850199295,68953.29194209634,69336.15036737526,69764.0274703253,70194.54502582797,70584.29542373975,70818.57966711815,71022.41596711367,2021-06-26,2021-06-20
60070.26058638931,60403.06323229066,60789.05235338205,61439.53529760639,62170.43553150124,62910.03073923209,63583.209550749154,63989.52052005019,64344.036740408585,2021-07-03,2021-06-20
50171.54028831394,54151.33954260129,59133.15783584603,68501.19326227684,80660.16066556146,94977.34577679298,110023.91478322618,120145.9017181988,129676.3360504121,2021-07-10,2021-06-20
45938.72270844475,50238.82617861427,55698.465384354946,66177.19034448243,80147.29704060889,97066.51475346544,115327.93908393581,127861.05312408743,139829.51297282733,2021-07-17,2021-06-20
81513.60679195076,81754.87080886873,82033.91916283409,82502.32378075717,83025.89261884357,83552.78408247132,84029.8612513297,84316.67467582815,84566.23521456588,2021-07-03,2021-06-27
79424.80120684172,79849.36625563959,80341.68002013693,81171.09758840657,82102.68657476627,83044.9672736356,83902.29257223361,84419.59478066882,84870.85948429976,2021-07-10,2021-06-27
39372.68475197135,42305.0869252947,45958.02773938421,52779.303641462335,61551.92570126808,71782.6741950068,82436.94831768668,89555.17723494273,96225.07536382144,2021-07-17,2021-06-27
35067.87119966019,38169.176079774545,42086.685873215385,49550.34069476659,59405.11236175165,71219.84077669644,83849.97063782178,92455.94841598642,100632.4950442539,2021-07-24,2021-06-27
62985.05715949256,65263.84560982023,67993.65388022957,72812.21575012132,78567.50367108961,84777.70617901288,90785.71720796362,94583.03560613123,98005.03343952844,2021-07-10,2021-07-04
61557.150828099235,65309.70988890414,69920.952744299,78364.08572942202,88945.90937308081,100956.6400292214,113147.4112364603,121136.27219692206,128520.80851332983,2021-07-17,2021-07-04
66376.1874418624,71350.35734956709,77549.62830691464,89133.48275914122,104044.13640096324,121449.11187498787,139590.38303291297,151718.68399181776,163088.34141617137,2021-07-24,2021-07-04
68698.44118807148,74512.86767917757,81829.88213518863,95694.61608069569,113871.04535202347,135499.942427569,158458.18949293904,174018.46652032793,188746.85866691917,2021-07-31,2021-07-04
168886.90021697083,169121.89413298544,169393.2329077753,169847.59991367286,170353.8641186662,170861.63734377752,171319.94308155702,171594.80840098314,171833.57017553237,2021-07-17,2021-07-11
212657.29012038154,213252.24330141005,213940.25232632997,215094.84213492295,216384.9843587551,217682.86487580335,218857.6527642815,219563.74634596438,220178.02178064676,2021-07-24,2021-07-11
82315.7513749818,88423.11996852768,96029.00166016688,110225.92862308459,128474.31073246508,149743.79190419646,171881.9130973907,186666.66053015122,200516.28324440646,2021-07-31,2021-07-11
94419.30835148091,102631.45142570588,112989.84542983283,132683.4570744466,158615.08778663154,189614.79168759263,222663.77989856192,245136.8047910055,266457.6399978069,2021-08-07,2021-07-11
138323.021653956,145546.68336311504,154344.53046359046,170248.04330470727,189846.98082239757,211702.14604389085,233515.7327514239,247631.0369605691,260563.10581145404,2021-07-24,2021-07-18
188390.32243812946,200650.71264107953,215779.67462758967,243647.70849759434,278851.77151084074,319142.383707261,360359.7540358508,387530.69675773755,412751.0875738921,2021-07-31,2021-07-18
268174.0527883274,288010.8272469994,312709.2111870743,358795.5470996846,418008.5421724077,486993.617232813,558765.5722254079,606682.543844962,651558.7153654221,2021-08-07,2021-07-18
368192.51010390493,398128.0086077818,435674.7092132027,506480.7413894063,598725.4729111167,707770.6270316603,822797.7992112862,900394.3057565469,973599.9024300587,2021-08-14,2021-07-18
497677.6173467203,498908.37821655284,500331.1446621073,502717.5849454786,505382.4450356175,508061.43130616605,510484.74290495744,511940.5223524163,513206.5555044639,2021-07-31,2021-07-25
675916.8746175924,679270.4706900236,683157.6080894613,689702.5462742652,697048.0107776718,704471.7058879717,711220.8421244465,715290.8160950111,718839.7679877412,2021-08-07,2021-07-25
605011.500043901,646359.9099803547,697551.22332062,792296.2167425699,912730.6808139778,1051472.0102088132,1194288.3444937128,1288875.2579417676,1376961.091877919,2021-08-14,2021-07-25
686965.1456393077,733280.2445200961,790567.1236594968,896451.55349463,1030808.8482899374,1185303.1851756305,1344056.5005970101,1449059.7416929407,1546755.15702325,2021-08-21,2021-07-25
447968.21984703385,455486.9755622374,464312.3742874154,479442.467399758,496832.00585304253,514852.2686751096,531629.2558835817,541929.9678882462,551025.789562139,2021-08-07,2021-08-01
582030.3363137436,601766.1341643465,625352.2288273157,666844.5227241144,716181.9769236842,769169.7338609159,820204.3591211905,852352.093197447,881254.1066481948,2021-08-14,2021-08-01
670005.1695973439,699003.8698887894,733998.6250766737,796426.4859903526,872034.5983637492,954820.5065001278,1036029.6528675229,1087897.182692867,1134982.796028922,2021-08-21,2021-08-01
874960.9541349817,922405.883295156,980308.5627413689,1085285.747319912,1215157.9580190156,1360571.5053232708,1506269.473774363,1600823.3356686546,1687628.29467833,2021-08-28,2021-08-01
900844.3512134982,901873.281038429,903061.0298874159,905049.1978081332,907263.3305238419,909482.879943631,911485.1861294832,912685.5936628423,913728.0483630792,2021-08-14,2021-08-08
1065261.605356454,1068217.6369333486,1071635.9339428905,1077372.1854892462,1083781.594675931,1090229.1341639876,1096064.9113702637,1099572.3196728982,1102623.5612474454,2021-08-21,2021-08-08
1261895.3361694952,1302521.9788244856,1350987.8648398279,1436029.9118295994,1536810.380434465,1644663.6145636055,1748191.9763144106,1813240.9155526229,1871618.0951903402,2021-08-28,2021-08-08
1644283.8397610716,1704056.8916534674,1775673.1000139427,1902120.0180600197,2053199.262852147,2216278.243723094,2374100.960893927,2473877.036397608,2563807.4832561547,2021-09-04,2021-08-08
969143.5994718497,970050.9726705177,971098.1702699555,972850.5148462303,974801.2055822625,976755.8077047713,978518.361475726,979574.6998620708,980491.8393130589,2021-08-21,2021-08-15
1060918.7739184073,1062514.2352669495,1064356.6780588087,1067442.4513797234,1070881.462651255,1074331.553488257,1077446.245878422,1079314.5813824967,1080937.7072426921,2021-08-28,2021-08-15
1045554.0681374067,1086289.898348113,1135229.3405028724,1221974.4977053967,1326149.8995712637,1439206.4314233074,1549179.0895343078,1618972.5770323672,1682049.3647601088,2021-09-04,2021-08-15
1031621.4190737695,1073666.6416778467,1124273.235626845,1214213.4112741235,1322606.264757383,1440675.3502581383,1555927.2213752836,1629264.860871359,1695667.9061065402,2021-09-11,2021-08-15
1069336.7003159008,1070403.198570962,1071634.1229395482,1073694.1031647897,1075987.5351139547,1078285.865879356,1080358.6326131884,1081601.0053653172,1082679.7353710805,2021-08-28,2021-08-22
1124346.1612420534,1126440.022040475,1128858.9494166607,1132912.4680623205,1137433.294100829,1141972.1602515671,1146072.765953277,1148533.852859301,1150672.7582009672,2021-09-04,2021-08-22
1174716.511064317,1203189.394198561,1236874.3751443399,1295278.1070410442,1363408.7216145885,1435122.9531866263,1502887.7463467538,1544963.2045775468,1582410.1599547116,2021-09-11,2021-08-22
1202570.011633972,1242219.0671975787,1289557.010859531,1372716.3653903285,1471416.4788023506,1577213.2602757139,1678922.6345627187,1742902.2877385505,1800366.2432504534,2021-09-18,2021-08-22
1074560.7676980626,1075087.2932239384,1075694.663637258,1076710.3187758545,1077839.910066335,1078970.6864262451,1079989.4347375534,1080599.5746150238,1081129.059104304,2021-09-04,2021-08-29
1102135.4057135945,1103033.3301046705,1104069.4873856106,1105803.033250868,1107732.3209483905,1109664.9746621996,1111407.306237001,1112451.329786442,1113357.658698227,2021-09-11,2021-08-29
974767.6032286152,1011321.7178443844,1055170.7854865391,1132724.2620312432,1225594.6142988217,1326079.2665504382,1423544.111776813,1485266.3915889603,1540964.383329007,2021-09-18,2021-08-29
921898.0793401032,962369.1138855394,1011239.5316584696,1098500.4856534938,1204312.2591560134,1320316.2278900973,1434247.7446216964,1507080.803640548,1573241.174980685,2021-09-25,2021-08-29
1146053.6174581149,1146937.4006303018,1147957.1919091267,1149663.2422385586,1151561.761717925,1153463.4163555545,1155177.6498263935,1156204.7678645176,1157096.3791311067,2021-09-11,2021-09-05
1168696.848059827,1170433.1731763366,1172438.2466730115,1175796.3045723606,1179538.63170801,1183292.869930925,1186682.0172744126,1188714.9267273806,1190480.9925699243,2021-09-18,2021-09-05
884161.9919604845,915882.3417727157,953868.8135729026,1020890.8113954844,1100894.0959156945,1187166.9299926027,1270581.230014609,1323278.9356722797,1370753.1215345433,2021-09-25,2021-09-05
788873.2260012188,823459.0349405016,865220.3183897355,939781.127064762,1030182.6612780617,1129280.3026515928,1226596.6171172382,1288802.8068993515,1345306.546880208,2021-10-02,2021-09-05
894119.2826525515,894760.431379647,895500.2054167701,896737.7005252625,898114.6531026079,899493.7200088137,900736.7337701701,901481.4489213515,902127.8768585296,2021-09-18,2021-09-12
837647.197646578,838609.7410666893,839720.8647976392,841580.7900447971,843652.1338079816,845728.5756734945,847601.8075962444,848724.8454488912,849700.1182341009,2021-09-25,2021-09-12
793714.466620023,817740.7981436925,846345.6486489675,896393.3992910988,955478.4441437486,1018458.0318700969,1078683.465414745,1116416.178935636,1150210.9330462944,2021-10-02,2021-09-12
775895.2708363597,798195.5854206574,824703.05094743,870974.8096630862,925437.0793209195,983304.8881325544,1038475.3479426943,1072962.320795954,1103800.7576188203,2021-10-09,2021-09-12
993229.443060888,993624.1815790323,994079.4845181896,994840.7413793865,995687.2367260274,996534.4523431016,997297.5891959188,997754.5753804275,998151.1123189054,2021-09-25,2021-09-19
987003.2584166481,988013.4037199761,989179.3197129567,991130.5852752654,993303.0974310479,995480.3716324551,997444.0667162588,998621.1114659652,999643.1470235476,2021-10-02,2021-09-19
659084.479667114,684382.6469371213,714757.3090835989,768550.1232749692,833078.8034075021,903025.4132671207,970987.3321571058,1014082.2473990046,1053006.5782119564,2021-10-09,2021-09-19
545954.848015593,572209.1357693792,604049.3826700787,661255.6856800943,731191.6291630343,808524.1611317407,885095.1824415721,934345.7927130539,979277.3166157916,2021-10-16,2021-09-19
788551.7011876676,798936.1441890446,811078.5792543733,831781.2681264026,855403.7761219429,879697.1610720177,902151.3314731442,915862.4572510767,927923.4565109866,2021-10-02,2021-09-26
635831.7891985269,652642.3696612335,672576.2382931247,707252.7734227647,747881.6233279185,790844.43855162,831618.619074429,857019.0176312516,879677.5059275354,2021-10-09,2021-09-26
516198.7042251469,535424.4724268784,558480.9294174629,599244.1081630648,648033.5803187647,700795.4112524737,751946.0362931162,784326.3482471993,813538.5032613161,2021-10-16,2021-09-26
415866.95013743965,434343.0720664677,456665.90724490164,496555.8541044075,544975.8773351518,598117.4210762008,650363.2133807251,683788.2908185733,714167.612451683,2021-10-23,2021-09-26
526537.076108825,544250.0730634648,565412.823097341,602627.0859994978,646854.2919262089,694327.3621519657,740026.5043357925,768801.871955955,794664.7899432586,2021-10-09,2021-10-03
423218.8641786369,441660.9095280771,463922.97943397047,503654.09093888453,551801.1955417804,604550.9505020295,656325.6680512741,689407.9888724713,719449.4035426973,2021-10-16,2021-10-03
352595.428514788,369835.4567335135,390760.86427244917,428401.6333156312,474490.38935041404,525537.5145127691,576160.8957567792,608760.2621295823,638525.3788860879,2021-10-23,2021-10-03
299140.3405179483,314053.5781186238,332172.63791930926,364811.508614034,404850.21999705874,449283.2511078342,493429.2651506174,521897.2559190438,547915.7386391779,2021-10-30,2021-10-03
579043.0312065255,579411.979613588,579837.64526818,580549.6118611146,581341.6837288365,582134.8362584532,582849.6235086116,583277.8146321105,583649.461312902,2021-10-16,2021-10-10
527863.9857372782,528529.6671815583,529298.1971996698,530584.8717309536,532018.1290757558,533455.2580473719,534752.0380057023,535529.6159147064,536204.9643715234,2021-10-23,2021-10-10
376223.28712656384,389690.7596914636,405817.29576806526,434267.0047652293,468221.7324864042,504831.3327214197,540222.3933251633,562578.3658461538,582716.6958403055,2021-10-30,2021-10-10
301556.8666059333,316113.2330948176,333769.9691042007,365501.7662348812,404308.29489760357,447235.04076847737,489754.0595450481,517109.6310098997,542070.8842177341,2021-11-06,2021-10-10
524028.01288444176,525209.2609125134,526574.4693315626,528863.5962894465,531418.6550735305,533986.0579203104,536307.4045702366,537701.4610700128,538913.5313696214,2021-10-23,2021-10-17
482932.37795904116,483656.48177305685,484492.6746770395,485893.14370284753,487453.9145879732,489019.6989329253,490433.2537236598,491281.16297763586,492017.78487358236,2021-10-30,2021-10-17
322253.38503297715,334702.70044134615,349654.02734659007,376142.27237287734,407932.4615610627,442409.44296285696,475924.42866478773,497184.1965297489,516391.4513364655,2021-11-06,2021-10-17
265512.5374092837,279317.9724562029,296127.9754429087,326504.54770439176,363923.0791769623,405629.90160109237,447239.09437990614,474154.979692215,498808.8654867821,2021-11-13,2021-10-17
437081.6006656558,437525.28551172774,438037.3847286134,438894.4179570608,439848.6107640788,440804.8780652706,441667.3259771028,442184.27322391694,442633.1378315829,2021-10-30,2021-10-24
386888.6286873609,387681.25981011376,388597.1283480007,390132.3353577896,391845.17579543986,393565.53630281764,395120.3716993426,396053.81459337065,396865.2227259818,2021-11-06,2021-10-24
227621.78389573167,243024.53675026775,262080.89199943945,297315.83971203765,342046.84734512743,393507.6109367611,446411.9642075667,481416.5982711702,513993.18543401855,2021-11-13,2021-10-24
195246.65550517917,210276.14991786404,229045.5974872859,264221.27184701274,309674.3257253635,362946.5082167371,418686.0130275228,456058.3216447386,491164.3058127297,2021-11-20,2021-10-24
475587.0712713818,476050.3723909709,476585.08908628125,477479.9178583931,478476.10812957585,479474.37680242385,480374.63045634277,480914.20431198005,481382.69494753995,2021-11-06,2021-10-31
460888.4987031695,461829.54780850554,462916.90211348515,464739.5394630893,466773.039252707,468815.4367603865,470661.2983420425,471769.4465568288,472732.71254601347,2021-11-13,2021-10-31
345109.7854069981,358890.38091648376,375462.8474581804,404879.99344026454,440275.3094972777,478764.94589383295,516275.71000753716,540115.752497786,561683.1406977338,2021-11-20,2021-10-31
305736.36919970403,322888.0403591046,343860.38050356525,381987.95801328437,429328.3987203759,482535.823659111,536039.87082743,570856.9253379737,602881.7390298899,2021-11-27,2021-10-31
508801.41381659993,509372.1504433701,510030.9678323544,511133.72485471563,512361.7644592414,513592.7545270157,514703.21262154204,515368.9251587234,515947.0287447194,2021-11-13,2021-11-07
510272.14519563253,511374.7032515264,512648.8391041459,514784.95244806306,517168.7697133953,519563.6257333132,521728.5517202371,523028.4851132172,524158.6061185534,2021-11-20,2021-11-07
364283.0102775856,380450.69322559354,399983.5520397075,434885.56325002684,477247.2491219715,523735.33646951907,569435.7571280288,598671.3675389013,625241.7224205185,2021-11-27,2021-11-07
337343.58861443866,355839.24424345617,378425.58650322433,419410.74460316997,470174.4330541435,527082.341934152,584167.6815262113,621246.8160103748,655308.1337806208,2021-12-04,2021-11-07
635703.2361823075,636210.0222323923,636794.8155314198,637773.1792560635,638861.9753403983,639952.6301998458,640935.8455521181,641524.9827465782,642036.4099244378,2021-11-20,2021-11-14
687327.1866988717,688573.9354664703,690014.163938538,692427.4479516341,695118.6815940099,697820.3751604388,700260.9609388162,701725.6341160523,702998.5003527692,2021-11-27,2021-11-14
432880.87480306835,461294.79081364337,496376.585273335,561051.0692886963,642838.0520304615,736547.4976497723,832514.6136995221,895827.9377259687,954629.2876217158,2021-12-04,2021-11-14
411351.64993835276,444256.0098089992,485472.3609547466,563051.9307156561,663870.9827483383,782742.5104023175,907826.5153313777,992051.141693563,1071406.1358482302,2021-12-11,2021-11-14
706460.9372837757,707124.4341042952,707890.1768676245,709171.5503249054,710597.9696493832,712027.2580569315,713316.1201702215,714088.5678903718,714759.2284596403,2021-11-27,2021-11-21
770830.6377006362,772404.7558350981,774223.6031788373,777272.3799856266,780673.8743425735,784090.2542971028,787177.8845009811,789031.519390537,790642.8056609422,2021-12-04,2021-11-21
537277.5354121606,562111.2942338496,592170.9508612319,646029.1689220594,711633.2936931598,783899.5033886352,855195.5207462531,900928.2501302904,942570.4804577111,2021-12-11,2021-11-21
489294.6055701282,515063.2180526794,546461.5445597793,603255.9606332198,673307.2946807907,751493.1350110571,829596.7348179473,880169.0689238817,926523.0147839629,2021-12-18,2021-11-21
399660.6574899277,400259.7322960758,400951.54175776645,402110.19435591594,403401.46865417797,404696.88955040433,405866.36529424344,406567.8652679776,407177.29369308497,2021-12-04,2021-11-28
323095.76956739253,324354.3442355211,325811.48604468856,328260.92862103,331004.0396753471,333770.0735255264,336279.3485628402,337790.0627156147,339105.87696056336,2021-12-11,2021-11-28
476379.97065109765,493629.63202511944,514294.00732969405,550771.6746652812,594343.1554735986,641361.5708777871,686851.8423779013,715604.9060692097,741516.8735484707,2021-12-18,2021-11-28
408667.1070314179,427356.66769887356,449967.78695237794,490451.0878959942,539716.4830751859,593930.5453530152,647366.079416428,681617.7308559053,712790.1342954257,2021-12-25,2021-11-28
677390.8765384556,688628.3022949396,701815.8960668485,724417.7673229718,750384.7505442629,777282.5284644562,802314.7908233503,817679.5405777696,831244.254021791,2021-12-11,2021-12-05
650510.8526608476,670592.7941565063,694516.6090593733,736412.0073836786,785931.2836182149,838780.4332038177,889378.2733379808,921107.3962503923,949542.9323633661,2021-12-18,2021-12-05
596050.5917192389,621593.3032662307,652403.8473506601,707332.5013286013,773802.5409429285,846518.9585450214,917790.9891262488,963283.177639507,1004563.0030206811,2021-12-25,2021-12-05
532739.9524442386,560305.9310190771,593862.6215952402,654478.8743930962,729110.9304647198,812253.4885730103,895161.1527513423,948772.3036525015,997865.3684299598,2022-01-01,2021-12-05
802257.4383112465,802935.5969846599,803718.1820015396,805027.5497191317,806484.8541648554,807944.7967019692,809261.0501575815,810049.8003076259,810734.5459662413,2021-12-18,2021-12-12
787974.4003232303,789385.2788637882,791015.0670081411,793745.8838836672,796791.0775625453,799847.9540793824,802609.2646813616,804266.3554571208,805706.4049578938,2021-12-25,2021-12-12
787843.6131514168,841516.4848254297,907951.5271154885,1030870.8892156704,1187054.3678571533,1366900.6342014822,1551952.9734427256,1674474.7104283513,1788550.4797230987,2022-01-01,2021-12-12
870006.0163027323,932664.632058002,1010527.0037368914,1155406.0910177536,1340862.7728418699,1556087.499945127,1779183.5041959023,1927716.4736331247,2066552.3478030472,2022-01-08,2021-12-12
865587.3777276026,867150.8022531534,868956.8356128049,871983.0358810954,875357.7255138762,878745.4756416999,881805.7655032448,883642.3210655458,885238.35644235,2021-12-25,2021-12-19
860334.132905221,863084.176169141,866265.7115409463,871608.1103321208,877582.5520616949,883597.9456290926,889047.2350719544,892324.4765087535,895176.7763559852,2022-01-01,2021-12-19
658086.529364246,706247.8540008528,766165.2673260572,877842.003842546,1021113.3821049085,1187767.8836848454,1360897.6856294824,1476354.9838870955,1584400.3677161024,2022-01-08,2021-12-19
614868.6703242569,669164.2859371647,737740.4551859483,868367.2260851382,1040799.7260094414,1247472.3102402312,1468353.8933598136,1618831.2682351489,1761781.2094573928,2022-01-15,2021-12-19
1412423.8561592824,1421275.2628684214,1431549.233850885,1448882.5863498421,1468387.4450576399,1488154.878191271,1506173.6179361446,1517061.2935676738,1526568.4443096432,2022-01-01,2021-12-26
1711200.1761483117,1737494.0671031307,1768311.0665663648,1821029.4701317607,1881448.703273869,1943872.562806354,2001824.9560154928,2037330.2505445688,2068635.3779010596,2022-01-08,2021-12-26
1297576.9971727554,1410592.0103319883,1553160.816972157,1824263.0735539093,2181319.427164018,2608261.117763918,3063529.797641333,3373161.345358329,3666953.447610842,2022-01-15,2021-12-26
1423014.8077101915,1580021.2895266376,1782657.6025792425,2180893.1466647564,2728519.5723259016,3413656.0371840755,4176247.331957616,4711847.3060549265,5231722.829747052,2022-01-22,2021-12-26
1065277.2546464244,1112048.3853527596,1168526.7422940447,1269372.9248813104,1391659.3107583977,1525726.2852062378,1657399.498977995,1741574.973472203,1818039.0398585508,2022-01-01,2021-12-27
1010751.2761573314,1062319.3465667483,1125047.7368881032,1238238.3749609592,1377405.739306645,1532214.3207964334,1686369.838779192,1785947.490089955,1877065.718766962,2022-01-08,2021-12-27
926084.3520843918,984072.8928880593,1055450.6731579837,1186459.2898741865,1351175.8807798636,1538760.1381542867,1729759.9094220921,1855224.6220737179,1971393.0558183866,2022-01-15,2021-12-27
868802.2328946455,934400.3988390762,1016201.2541773214,1169177.8614606776,1366299.334110384,1596655.1642179408,1837011.972497268,1997830.7722361935,2148675.267754349,2022-01-22,2021-12-27
3606863.868418618,3707629.5691196704,3827304.747282931,4035958.914747405,4281156.092052672,4541249.767818017,4788826.261491531,4943400.397163066,5081505.194859352,2022-01-08,2022-01-02
3886496.690885219,4061737.184967264,4273607.146790303,4652581.0857991595,5113188.598854046,5619396.45227273,6117711.981806049,6436826.524427556,6727060.313409423,2022-01-15,2022-01-02
3575363.6116090757,3801980.238439098,4081138.186492186,4594085.097000546,5239958.800652649,5976634.662353945,6727821.2542313095,7221807.192719571,7679545.695264313,2022-01-22,2022-01-02
3072213.007180205,3326170.4565928406,3645129.2077072216,4247801.583172745,5034964.767266568,5967997.730412057,6954724.719775111,7621638.9203287605,8251664.239545578,2022-01-29,2022-01-02
4454493.801763841,4528672.010548075,4615729.096696824,4764948.259552471,4936405.805705931,5114032.923601126,5279361.454736562,5380849.445897079,5470453.740211337,2022-01-15,2022-01-09
4200225.096564233,4260323.101280867,4330680.247627816,4450846.357991131,4588274.044437855,4729945.051701121,4861189.813862093,4941469.979244706,5012173.924698171,2022-01-22,2022-01-09
3765215.1340616406,3834348.8883530023,3915632.56996726,4055317.4192032493,4216369.114288675,4383816.769494771,4540203.451233451,4636450.4184604045,4721581.071716903,2022-01-29,2022-01-09
3338261.2529823743,3433930.727089344,3547639.2163985306,3746105.4331903635,3979663.6007343554,4227783.402647525,4464299.047603823,4612126.3454939425,4744302.849533016,2022-02-05,2022-01-09
5139062.308329773,5239277.894840955,5357247.902746241,5560327.93647494,5795005.512431125,6039587.8215767685,6268533.676011563,6409678.883835299,6534672.450784413,2022-01-22,2022-01-16
4780755.308052149,4939162.821966186,5128321.671413561,5460701.82195545,5855324.562198438,6278465.084989223,6685389.0854381835,6941424.481130224,7171424.496656197,2022-01-29,2022-01-16
4015864.2447135034,4204556.216861775,4433135.658411211,4843147.954822202,5343323.844877872,5895155.377777136,6440387.10096069,6790516.820001186,7109580.397003015,2022-02-05,2022-01-16
3206158.2980069346,3398270.9194421065,3634094.3070166055,4065227.3464392684,4604489.191742733,5215285.372771557,5834003.998173836,6238855.353050034,6612686.819005525,2022-02-12,2022-01-16
4140811.0606558076,4204309.71830308,4278729.054803689,4406031.658757873,4551920.922893818,4702640.764528638,4842555.773662829,4928272.529037511,5003846.77899236,2022-01-29,2022-01-23
3410053.152351014,3523463.989638309,3658908.4715591907,3896948.4605304534,4179633.309729783,4482824.132969109,4774466.139175773,4958000.040635012,5122892.173032186,2022-02-05,2022-01-23
2839444.5302791335,2962621.3254267797,3111282.604152312,3376521.5797135825,3697822.1180061665,4049696.734820073,4394936.158536825,4615469.516491724,4815691.333498735,2022-02-12,2022-01-23
2265597.736240619,2384335.6900200946,2528976.651175119,2790509.898179595,3112930.4582175324,3472604.0728326975,3831722.2237681346,4064165.9973712624,4277165.3072790895,2022-02-19,2022-01-23
2782968.98098073,2870233.0255552894,2974244.2803913676,3156521.4490597425,3372174.9199723336,3602561.8309287108,3823345.569111788,3961895.633435691,4086126.639788499,2022-02-05,2022-01-30
1967993.124668715,2069462.6156552534,2192960.4480848713,2415984.4509830703,2690478.6805760865,2996159.817042284,3300869.1684138803,3497852.764227131,3678201.635919318,2022-02-12,2022-01-30
1524059.674307914,1619606.7083113138,1737224.0478868026,1953125.7574926838,2224617.409022671,2533847.396943809,2848753.229352725,3055632.3279784056,3247197.403063684,2022-02-19,2022-01-30
1197545.9301303383,1277081.597945894,1375359.006978711,1556741.7323202565,1786458.0419213786,2050071.8065731258,2320435.8420978924,2499004.2458358062,2664976.9793783333,2022-02-26,2022-01-30
1625561.7388434485,1660660.2227036755,1702068.10224638,1773575.7001015693,1856554.5094983366,1943415.5793526138,2025062.711761973,2075556.8174728584,2120371.416462427,2022-02-12,2022-02-06
959207.3448677773,1002184.4982797096,1054129.6528930583,1147005.2824709592,1259824.3325721088,1383740.226131822,1505656.6757085402,1583697.76389994,1654655.1248098942,2022-02-19,2022-02-06
618322.02798647,660476.2036006035,712656.2408357962,809207.576278065,931898.809667887,1073192.3636389775,1218589.4709094702,1314862.498794243,1404503.4013884873,2022-02-26,2022-02-06
426755.95603445015,466006.5192207259,515760.9340015822,611033.248233853,737663.0087027736,890535.3611791905,1055036.7011836516,1167680.4764842587,1275077.0240322119,2022-03-05,2022-02-06
939856.4374167516,961861.0499445802,987871.1177396211,1032911.8122071737,1085367.701376875,1140487.5355959646,1192486.5764752722,1224733.0809995846,1253407.4357462334,2022-02-19,2022-02-13
624555.8722671147,653937.7903584607,689532.8522045854,753386.635890819,831290.9288913221,917250.9512859788,1002192.435425779,1056743.6515302102,1106457.6271591694,2022-02-26,2022-02-13
469850.83338052046,501687.4725226688,541079.5199499526,613924.5159835244,706417.7776831152,812845.9829093114,922278.6267587966,994695.1119139268,1062094.6929822776,2022-03-05,2022-02-13
360947.52710170794,392693.28592582175,432774.6119214764,509084.63980316365,609750.2180048353,730321.2457965693,859096.9019790922,946783.0026184223,1030053.679387529,2022-03-12,2022-02-13
499278.68763471884,518690.8217102172,542010.3307339213,583339.1946554976,632964.6804880658,686811.876205177,739182.0119053042,772414.451877831,802446.2022269969,2022-02-26,2022-02-20
357167.7955164613,379065.84172591317,405984.29595100484,455296.88353776524,517142.129072986,587388.1226335213,658734.794250307,705513.2703186504,748768.464064435,2022-03-05,2022-02-20
285996.3648595328,309149.5382141594,338179.41112819326,392896.9257872487,464135.1067546213,548289.8520788454,637003.2894772065,696819.4051543215,753231.2427394942,2022-03-12,2022-02-20
243091.22336335687,267361.487060595,298365.90523607226,358402.33709635324,439375.9227082313,538643.8130391141,647028.3570200966,722060.6212889455,794151.2605214434,2022-03-19,2022-02-20
349042.71976774686,367601.3290983773,390226.16851488705,431181.2337398873,481745.4071239459,538239.188361846,594728.5343990523,631332.4216053298,664900.380788465,2022-03-05,2022-02-27
268182.0798916927,288481.05593095405,313798.60481838643,361157.99616037635,422205.63394986384,493572.34017836634,568063.70264831,617917.8621062421,664688.6973618709,2022-03-12,2022-02-27
212328.72000359278,232245.38840565944,257537.5332272964,306094.4736569734,370853.6453768259,449313.65354673826,534028.6697857657,592185.8222177256,647733.5062677973,2022-03-19,2022-02-27
167605.28281362052,186817.868113069,211717.66732510953,260948.41687821544,329182.9662560705,415259.945124394,511820.419345295,580037.8002791516,646527.5047066665,2022-03-26,2022-02-27
250890.32741157693,263412.8149628721,278628.11192928575,306038.6413071913,339667.4688278113,376991.57494325575,414078.78257874225,437996.87344806694,459858.25986278505,2022-03-12,2022-03-06
205374.11202290488,221563.60634911162,241819.21611187726,279881.64391473075,329237.5131150408,387297.06788202655,448257.7595985044,489238.01985502057,527804.3029595052,2022-03-19,2022-03-06
179586.53393102714,197560.80405541413,220527.86955418662,265016.46347269934,325047.52315122547,398676.7120889853,479104.4892436391,534801.8945960093,588328.5900897511,2022-03-26,2022-03-06
149394.43636367685,167340.07896402347,190721.6469470669,237306.87990558642,302525.93276845984,385669.1387701826,479871.7998845081,546921.8167221196,612619.4671308318,2022-04-02,2022-03-06
209603.2722943159,222392.57713557658,238109.30661335998,266888.8217318988,302962.2319308468,343911.4211711844,385478.9016103507,412721.1220748833,437904.0125272381,2022-03-19,2022-03-13
183428.50023620584,197213.85257605588,214398.13622683458,246518.3721754221,287880.14867529424,336181.7590712299,386547.11024925736,420228.9997318957,451810.81399340427,2022-03-26,2022-03-13
167149.57036912537,182426.6291950174,201780.9507409835,238811.1278895775,287976.21945752826,347263.14349721646,410991.73469305394,454595.38083333464,496144.27838438965,2022-04-02,2022-03-13
165175.37315845682,184576.01111471144,209788.32270919275,259834.36535680696,329558.2670723806,417991.8666516961,517705.8951288873,588422.3564038976,657535.3778166407,2022-04-09,2022-03-13
904498.5982679178,907674.369262188,911349.6710515934,917524.1784091801,924433.5775118495,931395.0077185304,937705.3247248905,941502.2260967976,944807.9199545932,2020-11-14,2020-11-09
1212148.0749714286,1215845.564379185,1220122.5329920456,1227302.7598387583,1235330.0790564374,1243409.9019072305,1250727.171212346,1255126.8425285455,1258955.4326995518,2020-11-21,2020-11-09
1634914.6504673657,1639223.9742315116,1644206.4475285485,1652565.7599956165,1661903.4149780963,1671293.8314316673,1679790.8589078824,1684896.6365384464,1689337.703302322,2020-11-28,2020-11-09
1851822.4062753632,1856414.2237282998,1861722.4280663002,1870626.0969739242,1880568.6672464455,1890564.0833034792,1899605.6871390538,1905037.3925311358,1909761.1629736347,2020-12-05,2020-11-09
1260146.635113729,1269921.19091604,1281284.7626610936,1300500.1571730622,1322188.00510294,1344237.5313803633,1364397.0269398221,1376605.9920435422,1387283.885958492,2020-11-21,2020-11-16
1619507.8724827773,1629396.3794249685,1640872.1529204263,1660228.310693104,1682002.3045428162,1704061.8656275368,1724163.4258050222,1736306.639815768,1746908.3050211794,2020-11-28,2020-11-16
1965257.3887750744,1979746.763065163,1996584.7158952437,2025040.377759785,2057132.5598216748,2089733.3283595704,2119516.559947717,2137543.269486931,2153302.866509568,2020-12-05,2020-11-16
2466593.5139119416,2480940.010675831,2497584.195311751,2525645.4502540706,2557193.446451009,2589135.5106529957,2618225.3774855244,2635790.5851946166,2651121.1862391373,2020-12-12,2020-11-16
1371479.891484508,1380986.4302823876,1392028.6722862893,1410677.1541693627,1431690.107413059,1453016.0622551132,1472481.5691460562,1484255.3979659898,1494543.6505421558,2020-11-28,2020-11-23
1603988.6424417095,1614053.3784560994,1625735.7803523433,1645445.5566688057,1667624.913859638,1690103.2319510025,1710593.3737416102,1722974.525158187,1733785.8758725147,2020-12-05,2020-11-23
1864457.1390042643,1874161.7612703433,1885413.2776998742,1904365.0065713003,1925645.2483379974,1947163.285216496,1966735.7105761168,1978542.994033385,1988841.4406925268,2020-12-12,2020-11-23
2170000.505693455,2180153.468172463,2191918.154269035,2211718.269006514,2233927.4659441626,2256359.678821738,2276741.909080965,2289027.812011322,2299737.67748268,2020-12-19,2020-11-23
1035147.569100967,1043509.3105684196,1053233.727045014,1069685.4457067254,1088266.0525338727,1107169.4074655687,1124463.6120991225,1134942.438081874,1144110.3050903655,2020-12-05,2020-11-30
870862.375428657,879068.1115184822,888624.8060639851,904826.0302132263,923173.4112928731,941892.8267539826,959065.2224677535,969491.5970117087,978626.6709462847,2020-12-12,2020-11-30
739466.7317919012,747283.1055234831,756397.4801525564,771875.9443420105,789445.3898627871,807414.7512225923,823937.202236463,833986.50253043,842801.9771293701,2020-12-19,2020-11-30
659092.9372441001,666548.2155799847,675248.3958433634,690040.1663258077,706855.2116197769,724080.009507923,739941.4693462545,749599.6216256963,758078.6592604504,2020-12-26,2020-11-30
1623310.3518791334,1623961.2076159134,1624711.9264763128,1625967.119283846,1627362.8669148444,1628759.8126705931,1630018.132726443,1630771.6515600777,1631425.498856479,2020-12-12,2020-12-07
1956571.6417429466,1957285.4150452795,1958108.673126139,1959485.0740711181,1961015.4901465487,1962547.1015224154,1963926.6223437951,1964752.6737973196,1965469.4316069104,2020-12-19,2020-12-07
2028656.9486547897,2029384.8560063292,2030224.410723455,2031628.0449767117,2033188.7226641045,2034750.5992495192,2036157.3627692836,2036999.7192664573,2037730.6201078843,2020-12-26,2020-12-07
1894637.3780978231,1895340.1832792698,1896150.796205703,1897506.068582769,1899013.0106639748,1900521.1495131245,1901879.5455969798,1902692.955325629,1903398.7486785757,2021-01-02,2020-12-07
1576200.1740737197,1587521.3180990007,1600674.8286152668,1622897.4194662771,1647950.3444549725,1673390.0154221633,1696622.1303914874,1710679.602741501,1722966.6526240634,2020-12-19,2020-12-14
1758604.2892041462,1769602.1803705017,1782367.4322262332,1803903.4269819765,1828136.7913527,1852695.7030559138,1875081.4604612568,1888607.6006063763,1900418.5014297904,2020-12-26,2020-12-14
1920324.0087752794,1931784.06051447,1945081.6719303746,1967505.9752341956,1992724.32388648,2018265.9066822706,2041533.9305870398,2055587.01522327,2067854.2854553866,2021-01-02,2020-12-14
2047456.1653480704,2059225.6082852168,2072879.012813643,2095895.5657627678,2121768.474515746,2147960.7729455163,2171811.008563483,2186210.8946856745,2198777.944866793,2021-01-09,2020-12-14
1574630.8418906834,1582926.4005349523,1592544.9028154728,1608747.5990973962,1626943.3733299018,1645344.9512572233,1662084.840020853,1672184.3410581448,1680993.8365260607,2020-12-26,2020-12-21
1660715.5840927828,1669448.1849679956,1679573.319715213,1696629.1964021546,1715782.7155117665,1735152.4617705164,1752772.738345295,1763403.2330900813,1772675.8001474002,2021-01-02,2020-12-21
1706601.9765446438,1714995.9236638034,1724724.85963783,1741104.8011886785,1759486.6096450838,1778062.485042145,1794948.9811206341,1805131.4797919195,1814010.0457333364,2021-01-09,2020-12-21
1718798.4216624817,1726810.9131611125,1736095.1708410364,1751720.2835682635,1769245.898780516,1786946.8543090562,1803029.6396915053,1812723.6899501944,1821174.031172316,2021-01-16,2020-12-21
1189461.1076724078,1203757.2871677666,1220453.2503112336,1248869.8302206404,1281219.3368176965,1314406.7934970986,1345010.9527890277,1363666.08662266,1380056.0425618168,2021-01-02,2020-12-28
1048866.7352636023,1062908.2514291704,1079330.6786656794,1107340.0027831576,1139313.6546998501,1172210.522985788,1202630.1386987567,1221211.334129931,1237560.0828443717,2021-01-09,2020-12-28
945043.731724345,958851.8119036304,975022.2222721194,1002653.1056907733,1034272.2935092563,1066888.608881253,1097122.8682645848,1115625.1298072424,1131925.5831357846,2021-01-16,2020-12-28
884697.1587841385,898719.8940944534,915163.2846261762,943313.5797102449,975607.2570070513,1009006.4856451948,1040043.3845131971,1059072.494310212,1075859.1349303282,2021-01-23,2020-12-28
313989.04247734573,325030.1909424537,338242.6448120136,361529.45557565516,389287.7281216166,419177.2839775617,448036.1586290054,466248.79623234924,482644.0249965844,2020-08-15,2020-08-09
312584.9792634885,325097.8834628439,340147.3808150958,366865.11281676084,399018.69327705743,433990.3469209253,468079.21084972355,489747.6288944451,509352.4262095842,2020-08-22,2020-08-09
291265.686820372,306140.21204248513,324234.779799736,356887.99687313696,397038.79148552235,441706.6511775131,486190.2910034837,514926.807205606,541223.388395568,2020-08-29,2020-08-09
268839.6999428011,286022.71252912865,307201.0572351207,346146.07934364764,395233.5162279235,451282.1079646152,508492.8214629519,546143.8043455371,581050.8358070767,2020-09-05,2020-08-09
303827.52542281913,306443.0706510509,309486.5840012935,314639.76425373746,320466.01274857647,326400.14707152784,331834.95064374595,335130.6495812866,338015.67249067145,2020-08-22,2020-08-16
292155.1706391302,294849.50225976063,297986.7471447184,303303.6129499398,309322.3677736704,315460.5587270134,321089.2032008467,324505.6426136206,327498.31877284846,2020-08-29,2020-08-16
268726.5842083689,271439.7160570892,274601.7975348177,279967.91151469544,286053.12162625097,292270.59611732577,297981.9838278651,301453.26402755664,304496.81274806464,2020-09-05,2020-08-16
241258.4640119835,243956.97881175994,247105.67534320772,252457.95877051784,258540.80273289751,264770.2096749149,270505.10509291856,273996.4521750703,277061.14664831344,2020-09-12,2020-08-16
237627.18481713423,239772.35885450293,242269.65268232944,246500.69820926705,251288.4114499486,256169.11508879744,260642.90359897952,263357.56978291395,265735.02428870875,2020-08-29,2020-08-23
211642.58414325965,213664.29326412364,216019.17453581863,220012.13776927782,224535.2281508875,229151.30588677517,233387.00737610448,235959.26071956567,238213.2541277457,2020-09-05,2020-08-23
191968.3866197518,193878.02678672335,196103.30804752655,199878.79746227473,204158.9474405896,208530.75138155316,212545.5008130096,214985.0424561042,217123.6449604085,2020-09-12,2020-08-23
175019.33549001804,176830.66995525267,178942.3006143444,182527.16341486777,186594.49473852923,190752.46015624516,194573.92325454415,196897.43569674678,198935.19404153363,2020-09-19,2020-08-23
206904.29318247535,209174.80876516138,211823.50837411822,216324.4251748719,221437.51973752375,226671.46859568794,231487.88122658414,234419.1226322902,236991.57902084276,2020-09-05,2020-08-30
187770.74537703177,190073.8772099228,192764.32290497777,197345.19059126618,202562.6476116376,207918.04494703707,212859.02696663846,215871.9904583207,218519.8025658766,2020-09-12,2020-08-30
167279.54679201965,169537.53683110912,172178.7081794658,176684.12747307285,181828.37178416233,187122.39327054567,192018.84562415665,195010.24612982912,197642.55355608612,2020-09-19,2020-08-30
139782.94036854888,141941.9068337731,144472.47447061448,148802.01914053576,153764.79038269256,158893.0775133046,163654.77817189644,166572.44705837438,169145.181086441,2020-09-26,2020-08-30
209754.31008826144,209754.3206218574,209754.33276641957,209754.35305945206,209754.37560648675,209754.39815352389,209754.4184465627,209754.43059113054,209754.44112473255,2020-09-12,2020-09-06
204614.71293069905,205850.9490754941,207285.5228701859,209704.97728521863,212426.30039978016,215182.93788593987,217694.57160690115,219211.6835224716,220536.11128551152,2020-09-19,2020-09-06
176317.16892728704,177629.55635178473,179154.78331266725,181732.65184205858,184640.3759867291,187594.62374515756,190293.93362622094,191927.90403080996,193356.48735705492,2020-09-26,2020-09-06
146875.67323234797,148157.02909699158,149648.23032146104,152173.53036334118,155029.33013637128,157938.72393672113,160603.92529135887,162220.4045870681,163635.62919307675,2020-10-03,2020-09-06
227101.08742165836,228243.49049903994,229567.7421481655,231797.67610358796,234300.70695888496,236830.76640035197,239131.25061796478,240518.67223641233,241728.57076420073,2020-09-19,2020-09-13
205104.38756831785,206112.94889502213,207281.91216601484,209250.0117259624,211458.63625718612,213690.57272172678,215719.5212090494,216942.9678604189,218009.74312582653,2020-09-26,2020-09-13
180527.4188223745,182177.9305257266,184099.60191225118,187355.97109116957,191041.628458157,194799.7898939911,198245.42489418475,200336.58137746013,202168.2027141524,2020-10-03,2020-09-13
162026.4725247231,163904.00825204325,166095.70466322874,169823.52793121946,174063.61368600884,178409.56420186508,182413.7576035686,184852.9632224807,186995.0085150995,2020-10-10,2020-09-13
218706.30390759493,221399.03644675028,224544.75673120972,229901.17327122,236002.52417958982,242265.7989371396,248044.94315496285,251569.25844405772,254666.60276363298,2020-09-26,2020-09-20
170651.592651365,175089.3561009354,180349.22877277827,189493.21696484982,200197.57773474752,211506.6215710232,222230.33834736183,228906.37685454462,234859.04531075992,2020-10-03,2020-09-20
147974.313658815,154130.0380420821,161545.68002959507,174741.6079367092,190671.15219854846,208052.84276593046,225047.72813523535,235875.42533919238,245687.83177158053,2020-10-10,2020-09-20
131937.10231983024,139063.53580800336,147758.8893675303,163518.61083709932,183007.74158855504,204819.7040684782,226665.43870695267,240838.35699089008,253846.96868781763,2020-10-17,2020-09-20
251041.56862145217,252383.58835534312,253939.75744698825,256561.48913413737,259506.1794669061,262484.66755001206,265194.61882831994,266829.7793067826,268256.1997652981,2020-10-03,2020-09-27
205364.80291673684,208824.18385521384,212885.0135163484,219847.4651360931,227850.62684091885,236145.1296227679,243868.3085026687,248610.61201510558,252798.47088913503,2020-10-10,2020-09-27
181972.42622829686,186966.5574077514,192894.8138180908,203223.09849961064,215348.40528536393,228197.16853711003,240415.66873168075,248038.66692486213,254845.9490272929,2020-10-17,2020-09-27
161968.11774310446,168172.08592737414,175620.36312717648,188809.51185009844,204628.43844979085,221772.71373723965,238427.91961475115,248987.80074882813,258524.939388465,2020-10-24,2020-09-27
296103.8285333634,297546.42189852183,299218.36450737895,302033.0983900991,305191.5357709653,308383.00173956575,311283.94695822033,313033.08207149745,314558.1533598632,2020-10-10,2020-10-04
297371.2086392607,299734.801748256,302483.19859450276,307132.00164049637,312380.9977094535,317719.7010039187,322602.67077104043,325560.7529082044,328148.40473789664,2020-10-17,2020-10-04
299731.25117745757,302546.2451428342,305824.5803161394,311381.9980310443,317675.20947217284,324095.6103799153,329985.04766643554,333560.7046306095,336693.4155739406,2020-10-24,2020-10-04
304844.79119246855,307987.7937793446,311651.71324269404,317871.48635198077,324927.79074244964,332140.7352651379,338769.4169823216,342799.52429676394,346333.8467545301,2020-10-31,2020-10-04
307587.5169109467,310460.1072432556,313805.3312022165,319475.68267940666,325896.0991576811,332445.54501123936,338452.7185669525,342099.5643829224,345294.466150077,2020-10-17,2020-10-11
315145.604491085,318834.35071222024,323140.8569149511,330467.0352825486,338801.90944096324,347347.00162362715,355221.9763750082,360019.9714504699,364233.967426602,2020-10-24,2020-10-11
344506.359691073,345393.12349812436,346418.33860647323,348138.2233641513,350059.1561689402,351990.6881627662,353738.23831225035,354788.22385523235,355701.45331307163,2020-10-31,2020-10-11
320116.860766151,325774.75898096064,332422.17503179895,343833.7792670084,356972.9092588354,370614.1328416707,383336.8153990541,391158.7820472125,398072.3090927896,2020-11-07,2020-10-11
1445749.713158446,1462675.1999873393,1482435.2696798474,1516050.982106607,1554295.199170849,1593504.1728007472,1629638.4844427526,1651654.1513703524,1670990.174978363,2021-01-09,2021-01-04
1451669.842618475,1471228.680384014,1494106.04952274,1533129.7290371633,1577684.3571109793,1623533.797257902,1665937.924197395,1691842.9907327476,1714637.76238745,2021-01-16,2021-01-04
1443436.138178423,1462887.0364548496,1485638.2022775516,1524446.7297243427,1568755.896170503,1614352.941158348,1656523.8144771045,1682286.465353932,1704955.9704632491,2021-01-23,2021-01-04
1448433.4927770337,1465115.576366957,1484587.546066505,1517703.5653263105,1555364.9143379356,1593960.818187396,1629516.5772898672,1651173.501787646,1670190.608555508,2021-01-30,2021-01-04
1648196.212336385,1669937.1229351603,1695359.159527484,1738704.8241256678,1788165.934132171,1839034.0692812577,1886053.1056333636,1914765.151379255,1940022.300778219,2021-01-16,2021-01-11
1731163.2381683886,1754324.0598515878,1781411.836202561,1827610.879316858,1880347.8441726263,1934606.5703035507,1984778.557788029,2015424.6846410788,2042388.5726833625,2021-01-23,2021-01-11
1765288.7622411486,1789205.5486323738,1817182.5061035836,1864910.3933452007,1919411.1119700358,1975504.5764668568,2027390.7570536807,2059092.103514947,2086989.446461323,2021-01-30,2021-01-11
1807989.2559399998,1833086.1152196438,1862453.8554112844,1912579.7478841138,1969856.9951652824,2028849.5607539557,2083453.8102124971,2116832.6731538447,2146216.6153106657,2021-02-06,2021-01-11
1378208.278723291,1395169.5284636524,1414983.989305006,1448723.0475838147,1487153.893492762,1526604.2095618206,1563004.7545746155,1585202.8429592378,1604711.5208010727,2021-01-23,2021-01-18
1135167.050034993,1154139.731215475,1176407.9053198642,1214579.9446377452,1258446.1922260728,1303896.7304870528,1346205.522392931,1372179.4475097498,1395113.4493196243,2021-01-30,2021-01-18
1144834.0102212997,1167889.0825938522,1195046.9247545528,1241843.062271278,1295989.1280600962,1352496.036800394,1405457.631209698,1438139.8414305288,1467101.6104118878,2021-02-06,2021-01-18
1083433.475683627,1100301.7134719132,1120075.9135532528,1153913.9444891333,1192710.6728025884,1232811.8191231373,1270055.6558745862,1292880.6086545424,1313009.7795063923,2021-02-13,2021-01-18
1072538.3207572193,1088361.571948535,1106894.708714316,1138569.6954005756,1174827.0462473098,1212238.999658765,1246928.5269213498,1268161.816962281,1286871.1186186196,2021-01-30,2021-01-25
1026280.3661022515,1044577.5888269475,1066078.3467645363,1102997.280906442,1145518.2301794393,1189678.3776248842,1230877.6551516077,1256213.066132348,1278609.6850484766,2021-02-06,2021-01-25
968425.9201643724,988339.4550517186,1011807.2181478628,1052270.8928271695,1099129.5498904458,1148074.869006945,1193988.0896024874,1222338.9051883556,1247473.598432107,2021-02-13,2021-01-25
1003178.2643634437,1025246.8322706085,1051293.6772642077,1096301.8568105488,1148572.583557533,1203335.5334615652,1254852.9571042827,1286733.046302966,1315039.4367217703,2021-02-20,2021-01-25
930718.5236766612,945332.9110892877,962467.3970670758,991794.2185579499,1025427.6166504605,1060201.579434802,1092506.4061324906,1112308.4626111449,1129774.2230762173,2021-02-06,2021-02-01
863146.677691423,870862.683776973,879844.3900846218,895059.6179023054,912273.6166759817,929818.6791551958,945898.1168284,955653.7065908,964196.6692254418,2021-02-13,2021-02-01
683827.8860555566,690043.4767630668,697279.8043644909,709541.1282085545,723417.3749869923,737564.994652781,750534.713837069,758405.3991611924,765298.8553183298,2021-02-20,2021-02-01
556099.4416380876,562571.1235415869,570126.087050562,582977.1857057543,597595.6946304872,612580.7715932537,626388.8328429059,634800.8265918312,642188.4064276952,2021-02-27,2021-02-01
755529.2953816428,765854.3080627264,777933.6282529009,798544.2889380883,822085.262058248,846320.2197489832,868742.7224494177,882444.8344528028,894504.2663792372,2021-02-13,2021-02-08
605513.7655793517,620594.506513939,638448.3758345422,669434.961449465,705630.1945140356,743782.4435279404,779881.3345857005,802317.7230601738,822300.0032600659,2021-02-20,2021-02-08
447086.5317076967,456672.03842540155,467978.8527718667,487500.2053010655,510146.31952319044,533844.4261009798,556113.3067906491,569882.203036544,582100.4411137283,2021-02-27,2021-02-08
356031.5140533257,366459.2643901745,378861.4074616245,400528.5479388422,426058.5965820463,453215.95340859593,479135.44147367385,495350.9035268641,509859.1572831226,2021-03-06,2021-02-08
516310.42253583466,531703.2021187971,550020.4982926836,582046.8869695638,619822.2046871829,660049.1713365515,698482.2685987345,722545.1415232285,744086.4035562171,2021-02-20,2021-02-15
475863.8783224056,488475.89815201267,503432.1583628343,529452.2849583193,559942.7432159914,592189.1067198485,622796.6777090105,641865.6004654665,658877.2335180774,2021-02-27,2021-02-15
370477.0172051673,378583.8105385666,388150.8309679275,404679.44765175687,423870.67499435524,443972.0133125726,462877.66194429697,474574.83420799254,484959.5002560509,2021-03-06,2021-02-15
259518.4651378214,270959.8906907851,284778.5502536434,309459.425324654,339398.15731694485,372233.31966473674,404493.6287776607,425122.363669654,443864.79061890097,2021-03-13,2021-02-15
422033.7025746114,423844.20178172475,425941.2330519569,429468.4588673651,433421.72898138233,437411.38906600553,441033.5994174485,443215.67775027355,445117.0463572161,2021-02-27,2021-02-22
603206.1849884719,606470.8542365424,610256.7438440187,616635.6114759907,623801.2237407209,631050.1039811776,637646.3196281889,641626.8218367654,645099.4310475409,2021-03-06,2021-02-22
829603.8335031511,836041.3557034028,843525.4283371242,856180.7877083707,870464.6064443304,884986.7247083932,898264.1253222025,906305.2035682916,913337.9095811578,2021-03-13,2021-02-22
1195999.3537745082,1205280.3075378728,1216070.0723024006,1234315.2722536367,1254908.2281534418,1275844.7509216345,1294986.7749854515,1306579.5991508197,1316718.6555053275,2021-03-20,2021-02-22
378111.3894963747,383660.6720920079,390159.7937522638,401266.1472122354,413977.2803844824,427091.07126320456,439248.71659981995,446689.4866759588,453245.2431618052,2021-03-06,2021-03-01
276576.8448257303,283563.5968839436,291838.2040779956,306207.0410441435,323003.04992791225,340720.3502145882,357495.93029585073,367927.94071318605,377222.36049251264,2021-03-13,2021-03-01
217254.77128118626,230042.71655092546,245723.36457918672,274346.38278925006,310075.2888752921,350457.27154695056,391280.18996383087,417951.4405526135,442552.69610008295,2021-03-20,2021-03-01
170295.95628694372,184844.28574621252,203166.6886260487,237924.60582913895,283559.5871239057,337947.5576713656,395763.8921697262,434993.37361326785,472154.71936631337,2021-03-27,2021-03-01
331385.824711822,339234.7050884045,348514.9600386869,364591.8455886206,383325.66032470035,403022.0742489192,421613.3558429074,433147.1976756488,443406.29835674923,2021-03-13,2021-03-08
239637.57489750566,251258.7321467983,265358.3333691903,290705.8152464304,321718.1141406899,356038.78401435894,390048.21763875027,411936.1109637791,431912.8375861364,2021-03-20,2021-03-08
209837.89802210176,220553.1315027302,233587.94585353692,257110.25190120714,286033.32897497196,318210.0467776812,350253.79835226503,370953.9951986206,389896.5156231556,2021-03-27,2021-03-08
147952.67991184245,162563.6660593206,181208.81200647738,217257.4285416136,265779.7924960915,325139.16128642415,389820.4359771446,434530.66611753707,477442.5048695002,2021-04-03,2021-03-08
289663.6241175073,297271.2146277289,306290.58370054,321976.35002352827,340348.23383948713,359768.4123979711,378192.88754535094,389667.4638434809,399901.5086225217,2021-03-20,2021-03-15
235247.62014497994,245123.19543485594,257024.7170201226,278215.088372893,303814.1586639803,331768.6454193599,359121.27080554573,376557.7665587861,392365.4698305431,2021-03-27,2021-03-15
177359.11187820803,187853.92012076563,200726.7875118013,224235.27156095166,253597.49278046066,286804.5151721574,320394.14938952646,342349.46123664465,362607.1852947619,2021-04-03,2021-03-15
190942.75552943602,205642.3703490614,223999.98764881006,258404.22381982897,302861.07274148986,354966.4476308278,409485.8680346596,446040.5179459391,480378.6827512582,2021-04-10,2021-03-15
338965.0181546622,342633.3283487225,346911.952298757,354180.906567147,362436.0045951944,370883.50893930555,378654.746705879,383383.18709391117,387532.1947440346,2021-03-27,2021-03-22
231630.9544206604,237576.33299237944,244620.61530388024,256860.478094973,271179.42038797494,286296.58633107267,300621.7523842176,309535.3696039953,317480.35674198635,2021-04-03,2021-03-22
372875.29858587304,376571.69146428525,380878.89640266536,388186.2653098593,396469.81751798827,404930.13341746014,412698.9383958079,417419.3646673915,421557.33243495214,2021-04-10,2021-03-22
498091.00491782895,503105.4809472957,508949.53673777793,518866.57654456224,530111.9140780813,541600.9705597062,552154.233696285,558568.0380949097,564191.359958181,2021-04-17,2021-03-22
396817.41136070574,400989.8234919635,405854.82559186796,414116.10262348386,423492.343838016,433080.87793069537,441896.34810396074,447257.6479063956,451960.4234966183,2021-04-03,2021-03-29
280774.52612705994,290593.4919563025,302341.05218844634,323040.0297058966,347704.190225528,374251.46354295086,399873.5964742077,416038.9246383054,430588.2216881727,2021-04-10,2021-03-29
439051.42958085024,444070.87184309383,449929.22869166237,459891.25951039087,471218.6925979671,482825.1280316417,493515.51776136516,500026.16774241976,505742.70186460693,2021-04-17,2021-03-29
537942.4668115446,545322.1414230983,553956.1661506068,568689.3746871176,585519.041129898,602846.7609655893,618880.2805608046,628678.9431124203,637303.3710420533,2021-04-24,2021-03-29
424447.2394367779,426945.9365593112,429845.035963536,434733.30001903075,440229.73846690747,445795.66971786594,450865.3268409085,453926.8465521952,456599.0884704738,2021-04-10,2021-04-05
255453.831039983,261634.24942753877,268945.6830782476,281621.5561349184,296407.2406075529,311969.20253680216,326672.8481342547,335801.8014721593,343926.1487169969,2021-04-17,2021-04-05
440590.7475006952,447437.3552380195,455463.2046949152,469196.5903965401,484941.561002338,501214.8903056446,516327.8068640212,525589.3698510795,533756.8229051684,2021-04-24,2021-04-05
537038.8780557497,544938.7672912346,554191.1671335684,570003.4113715284,588101.6245668269,606774.475236793,624087.0322907594,634683.2737508271,644019.5206542143,2021-05-01,2021-04-05
497639.3898775589,500255.82058048504,503289.4751927477,508399.68740759656,514138.3791189286,519941.8477830665,525221.1419318952,528406.1914088421,531184.3842346924,2021-04-17,2021-04-12
350400.652532127,358045.30486595724,367066.3221535036,382650.093527592,400741.92191185104,419689.1381813396,437507.00700470473,448530.0764877404,458315.6076254162,2021-04-24,2021-04-12
509781.439427829,515656.9056595919,522515.0352427939,534178.8150651499,547443.720627283,561038.0247252806,573561.7294055191,581189.9810997284,587888.4637122438,2021-05-01,2021-04-12
590478.7243623656,599054.967198829,609097.5353128783,626255.3186789415,645886.2769626372,666132.5985201318,684897.0133401821,696378.6390409749,706492.9955251829,2021-05-08,2021-04-12
484134.41269126104,485990.67174313264,488139.6544618573,491751.7363952897,495796.3765686682,499874.2837605874,503573.198308617,505799.92849851266,507739.25706326414,2021-04-24,2021-04-19
359589.5224607705,368590.6917554487,379248.4570580859,397749.23758809303,419365.2930633899,442156.0933531444,463725.6810228946,477134.2656228191,489077.79020543955,2021-05-01,2021-04-19
505617.67532343644,512537.55653543334,520633.35698732606,534447.4530886656,550226.1981119316,566470.7864899939,581501.0986629511,590686.2145579776,598770.3434122361,2021-05-08,2021-04-19
590678.1841069255,598678.8211979739,608037.6304705986,624003.404775141,642234.6746599098,660998.6006152509,678355.017297675,688959.3597284179,698291.1988854747,2021-05-15,2021-04-19
387200.755365732,389459.1492446293,392079.2857881998,396496.814003372,401463.4042925978,406492.20698361314,411072.12451225234,413837.6651281724,416251.42191152327,2021-05-01,2021-04-26
280427.65054748894,288449.7529141259,297983.95038791664,314623.59504100424,334203.3835947617,355001.6698259102,374825.2261935131,387214.41248534934,398291.32893324655,2021-05-08,2021-04-26
458772.2340827895,464806.0863463925,471861.2888755247,483890.0062913393,497614.7388940596,511728.75063577254,524773.7718741419,532739.2124122622,539745.8912474591,2021-05-15,2021-04-26
532268.2070934694,539643.4448607301,548273.5426995703,563003.1406314359,579833.3399565527,597166.6547865057,613209.786614485,623016.3737316194,631649.0401729582,2021-05-22,2021-04-26
278040.8871751376,288583.4132465018,301235.3423155586,323626.03592107946,350460.8497926827,379520.78511804674,407730.402061344,425605.913575139,441743.68915764306,2021-05-08,2021-05-03
249389.9466168607,260738.4259687217,274464.8869011212,299032.6592444692,328916.6743363718,361787.16709352157,394171.2904626451,414922.26646131906,433803.2872780793,2021-05-15,2021-05-03
254953.5086882099,264883.2850611547,276812.60774050286,297956.9030081766,323349.1764721571,350905.41239231837,377709.2769677481,394719.8476532154,410093.15958497045,2021-05-22,2021-05-03
224166.5580427085,235855.2966845639,250090.0862309768,275818.70698435826,307520.853601619,342866.79258934903,378140.0407552614,400962.2710587092,421869.68576218653,2021-05-29,2021-05-03
254879.30728359616,257374.7445595738,260282.16152666416,265213.80377684376,270802.87872686284,276509.7369836031,281748.84785273066,284931.60528336733,287721.27446642553,2021-05-15,2021-05-10
190883.81197858628,196122.36858092467,202340.7639985963,213174.52042835203,225893.22736209366,239370.77501348467,252187.19727882682,260183.2240620085,267323.61240662425,2021-05-22,2021-05-10
341819.5502280729,345453.13170048065,349690.3822713137,356886.9394639021,365056.66139528604,373413.4015362362,381098.1736571621,385772.63831152313,389873.4462091269,2021-05-29,2021-05-10
405365.2527338461,409894.8020419219,415179.93392758665,424163.66477350245,434373.4016267844,444828.8896729908,454454.1694390565,460313.84418855485,465457.38878291834,2021-06-05,2021-05-10
197422.09774483222,199652.99994220102,202256.39283395105,206682.52286730777,211713.96191824778,216867.88534073567,221613.76974580975,224503.52203121086,227040.44878023062,2021-05-22,2021-05-17
146282.31151065335,149419.43473479123,153119.92607495183,159508.92483494213,166920.68845936266,174676.84811103452,181965.31927600966,186471.83537537517,190470.8501527777,2021-05-29,2021-05-17
276986.48739588546,280162.0123239073,283868.39892191853,290171.3511334498,297338.6523879069,304682.98768473754,311448.1024996899,315568.38655785227,319186.2355274225,2021-06-05,2021-05-17
346351.55693513475,349690.4904213614,353580.03537316393,360176.0762329129,367649.16514687863,375277.3089398361,382278.11276319495,386530.12402575766,390256.3910186519,2021-06-12,2021-05-17
170806.6839412578,175068.734656299,180114.7624707351,188873.09913329704,199104.6068992664,209890.36909133173,220096.58700214818,226440.45817969274,232090.7096477847,2021-05-29,2021-05-24
156045.97240455452,161873.4321786003,168862.72263054363,181221.43076158175,196016.46816626686,212019.382205002,227536.6356400753,237361.09919498302,246225.2322204483,2021-06-05,2021-05-24
148040.08489044567,153209.29018531012,159393.46235608854,170288.9866433639,183270.33967020066,197241.27828168997,210723.93375704676,219229.63915703318,226884.61322949736,2021-06-12,2021-05-24
140247.37186607398,146555.5464822658,154181.41063556017,167819.63433167132,184392.04992775223,202601.01395145294,220522.22726724012,231996.87007869701,242431.83757501427,2021-06-19,2021-05-24
85415.89806318482,90210.40889793617,96073.12494532901,106732.00237894441,119967.22379925959,134843.668865158,149803.96228697224,159539.62477195796,168494.8014648903,2021-06-05,2021-05-31
65906.0830123481,72041.32553194986,79827.0005238286,94759.15489598278,114647.4171485229,138709.87213062038,164656.4467232348,182451.25505079902,199435.76765690607,2021-06-12,2021-05-31
54578.7226335369,60880.46348094829,69054.19151396405,85233.742185307,107693.00446851896,136070.32747948178,167951.90787384944,190500.9020682934,212496.4207998883,2021-06-19,2021-05-31
42712.93774014288,48404.37617813485,55913.68124426563,71150.15487888856,92994.70547884026,121545.97922965666,154667.24877792166,178661.8469220704,202468.284895529,2021-06-26,2021-05-31
72804.3866347662,76752.29103305195,81570.39233318767,90305.59168182158,101112.33822511949,113212.31333462357,125335.97852012965,133203.90575635468,140427.0458679868,2021-06-12,2021-06-07
54424.25364759847,58583.04462589224,63773.78659504097,73493.81658190192,86040.40089665639,100728.89027619705,116081.40243366073,126366.7778575207,136023.0061103284,2021-06-19,2021-06-07
59023.99443657166,64290.176103004334,70947.48544222066,83645.23750881485,100435.57920968412,120596.29300618212,142179.88852331907,156902.75221867595,170901.77761562285,2021-06-26,2021-06-07
59247.809218874805,64539.19880058025,71228.9608748229,83990.2238525456,100867.34078952328,121135.7699892767,142838.2544542508,157644.0462080597,171723.15013984658,2021-07-03,2021-06-07
59018.379243762,63115.18475279088,68192.7173850659,77604.88142388785,89593.58708215311,103434.35488810024,117710.67577379246,127180.3430139275,136008.66287929745,2021-06-19,2021-06-14
54181.90010001924,58664.791716702945,64295.51645839541,74935.91554853074,88835.53261581014,105313.34404026507,122741.86894884484,134522.79679513015,145652.91805135243,2021-06-26,2021-06-14
49412.01717272197,54072.10337296302,59992.91453456508,71368.19182845854,86553.53822695764,104969.94231845069,124873.32942107956,138546.7646400325,151613.21897502147,2021-07-03,2021-06-14
43869.98323717378,48734.99319155128,55017.323947464065,67373.57537632398,84382.62290720578,105685.75304082656,129421.54466653032,146105.01781980522,162307.49417442462,2021-07-10,2021-06-14
53778.06744651652,57183.19128346182,61377.52159359055,69083.7879218127,78785.87819117722,89850.52483485972,101131.72446837954,108549.63605625535,115422.79031369483,2021-06-26,2021-06-21
45062.57185993081,49309.700196332175,54705.50752739704,65071.22525198135,78907.28827736617,95685.30666475781,113815.96524205808,126270.49279343431,138171.4333269954,2021-07-03,2021-06-21
44284.302368633245,48885.436873317914,54786.64266848433,66279.46205228401,81897.27327689127,101195.19927453423,122423.33246764292,137201.66575519822,151456.90484988916,2021-07-10,2021-06-21
46756.1202640526,51849.48215921387,58414.15717412092,71290.17543950948,88950.89394150258,110986.7030655028,135451.09466199388,152600.58931150573,169224.08207328542,2021-07-17,2021-06-21
49385.63406021157,52992.257414102314,57478.55606607734,65838.45368480141,76560.32445752286,89028.26468408198,101976.87071858264,110610.1828279788,118688.02319911052,2021-07-03,2021-06-28
36543.342160126835,40375.20866711899,45294.39037679903,54887.652438523546,67947.22227846815,84114.09142576455,101929.289189074,114348.01621519384,126338.33531507326,2021-07-10,2021-06-28
33697.059210107924,37548.92108245392,42539.43814372622,52402.01976537487,66063.65916962922,83287.00081451361,102596.7256110693,116232.55574500003,129518.93029204654,2021-07-17,2021-06-28
31729.698694214087,35515.24872798324,40443.60143234551,50251.63164194321,63962.39221179574,81414.02545108252,101157.84629861344,115195.24046672526,128938.74779219432,2021-07-24,2021-06-28
69547.08338827059,73457.66103988585,78239.98333501215,86935.86928854354,97735.66534079929,109877.08937382785,122089.24225747,130037.63180564722,137349.54528977047,2021-07-10,2021-07-05
51038.70854284065,56536.36949447137,63613.72571394492,77471.52011084226,96436.2169823196,120043.39055894536,146193.9831614416,164494.89114737825,182213.54362943722,2021-07-17,2021-07-05
46961.891261609475,52753.02674026309,60321.58275679223,75468.32795046792,96797.29100751453,124154.27505619408,155329.4048030996,177614.74791819163,199517.42348275127,2021-07-24,2021-07-05
48465.55717163069,54571.8765281605,62572.89146954914,78644.79551871277,101386.80958440076,130705.21818901139,164276.9722844902,188362.3179495973,212094.64530246882,2021-07-31,2021-07-05
111886.23598105503,115985.63554431446,120898.73661133689,129577.11567916133,139951.9219381518,151157.40423393642,162007.81747743976,168870.39815114977,175057.6403115303,2021-07-17,2021-07-12
99476.91913217843,106999.8818486025,116382.14863434611,133931.09044453915,156549.36698079857,182987.4170421795,210579.5827768053,229044.21835498346,246365.7350457799,2021-07-24,2021-07-12
89367.28867427625,98533.2492580614,110273.75344876175,133095.72980146777,164032.47045412275,202160.13994902733,243998.6898222769,273071.79623005586,301079.4191300954,2021-07-31,2021-07-12
85029.82392004412,94868.25755111303,107632.29941186013,132906.81979362885,168006.73062562477,212376.32184217175,262247.1292516209,297531.1475527366,331957.1914208969,2021-08-07,2021-07-12
208880.64478503237,215380.57815094377,223126.01083130875,236694.83890053318,252740.6628924442,269874.2523327923,286285.95313168596,296581.25736177113,305810.2522857081,2021-07-24,2021-07-19
198934.38177134938,212420.95423344235,229108.7238963294,259969.837680586,299157.6496269858,344252.62610773137,390623.70829160814,421311.0691141633,449873.4634680003,2021-07-31,2021-07-19
160476.6226044841,174577.35137990303,192379.0738005439,226267.3717876755,270964.6685515478,324491.5562644519,381651.9653243209,420569.16904114693,457523.6592821874,2021-08-07,2021-07-19
138739.2161082921,153591.1620008314,172698.2499380206,210075.73039914184,261164.87530069638,324678.5907217149,394949.5267920029,444082.14120067057,491620.85532896215,2021-08-14,2021-07-19
308662.3519043235,325773.97832210804,346683.22577074904,384659.18868510274,431751.2220095907,484608.51369230327,537692.9249817281,572203.8287614961,603925.6700945387,2021-07-31,2021-07-26
377108.23049017135,400766.03259127657,429889.7754037924,483353.4446900152,550588.2906412508,627175.5567722691,705174.868386926,756420.0584344957,803873.9048395164,2021-08-07,2021-07-26
488398.2987061617,521263.7273086998,561909.5469924808,637022.0462185735,732309.4597285762,841850.2122357523,954383.4015248285,1028801.9609129031,1098032.3769117042,2021-08-14,2021-07-26
492416.0669767789,528435.852579868,573246.4333696967,656762.1774244353,763898.4113989683,888511.5541005825,1017957.9827608481,1104279.318083685,1185056.341724499,2021-08-21,2021-07-26
583634.8278063573,594034.572232493,606255.0104357925,627238.4046795091,651405.3115327992,676503.3466181911,699918.1410280205,714316.8086975745,727045.1653613963,2021-08-07,2021-08-02
614006.4377528077,639958.6584081306,671244.2038823537,726971.1555057504,794330.0470575778,867930.2044928283,939986.1034317098,985939.0374184166,1027611.7396549372,2021-08-14,2021-08-02
639836.6304866709,677816.0784102447,724410.2266859629,809523.7578677144,915868.9288352812,1036184.4067619788,1157929.3940165732,1237527.290254387,1310984.4839109434,2021-08-21,2021-08-02
875411.9477800131,934872.972843751,1008457.3885190766,1144564.5142641668,1317437.666711789,1516421.2973934773,1721086.1117491536,1856553.837888185,1982657.4335345505,2021-08-28,2021-08-02
756208.9764614605,770618.5416279376,787572.9509400376,816739.5056018603,850414.1503141393,885477.2202081567,918269.5091182495,938472.3932631377,956354.9885887621,2021-08-14,2021-08-09
717508.4393146167,749645.3571268327,788487.6432253045,857934.355166954,942291.0270356555,1034942.0958426622,1126095.4908562794,1184443.2453167106,1237493.9874993917,2021-08-21,2021-08-09
681540.6850804272,725416.4588915104,779519.381827386,879076.7100306897,1004672.7067421436,1148212.9331322485,1294858.4361127485,1391431.411985017,1481008.0597807183,2021-08-28,2021-08-09
642185.8800604569,692485.6474467883,755386.914065014,873499.2905435825,1026510.9129942474,1206325.713030111,1394946.927033465,1521655.5872044307,1640840.5840332133,2021-09-04,2021-08-09
715432.5085404228,740520.3028289389,770538.7094764013,823438.1276317359,886483.0367151886,954354.8543761836,1019873.7126623879,1061216.2440133868,1098429.5024376584,2021-08-21,2021-08-16
640202.768362471,675895.8013214408,719524.2858931144,798800.2000920547,897165.9013594895,1007644.532975113,1118665.0268004357,1190873.8787672832,1257268.313008078,2021-08-28,2021-08-16
658700.7491286956,701067.3773159545,753306.2680358286,849425.252446072,970669.959779333,1109220.8150214255,1250753.127641836,1343950.9543650958,1430391.831289578,2021-09-04,2021-08-16
655838.9378950346,705473.9898459334,767379.8807856892,883180.4321609706,1032448.105183753,1206943.735482626,1389076.149359219,1510968.6611271258,1625321.444497893,2021-09-11,2021-08-16
917071.0731700473,938957.0394795452,964839.1800778501,1009688.9441342184,1061969.465444976,1116957.0114531945,1168877.8491007078,1201097.7053461415,1229761.9874096392,2021-08-28,2021-08-23
795231.6896142851,829986.8221584618,871946.5960091947,946846.4988545066,1037634.7860211761,1137128.2995330128,1234807.2165073953,1297232.5829959384,1353927.3688696208,2021-09-04,2021-08-23
759089.1846578234,797280.6094724322,843703.6918792976,927384.7695476194,1030129.2565836585,1144256.7530920748,1257747.5901591931,1330982.1820096495,1397946.7850644526,2021-09-11,2021-08-23
713828.7618785559,756394.8340676608,808630.4564681007,904087.3599732752,1023418.6148317065,1158500.5028883598,1295258.733833465,1384707.5812926008,1467278.5927365606,2021-09-18,2021-08-23
948173.0117852113,974668.6994323928,1006136.7335465571,1061001.9361536484,1125476.9106506086,1193869.9009350361,1258972.2988669947,1299619.3241306623,1335935.805663473,2021-09-04,2021-08-30
883986.7455815676,922396.9108452669,968757.2652752384,1051481.285867482,1151703.8431325983,1261479.172396384,1369199.2719244694,1438016.2451659655,1500499.5820539761,2021-09-11,2021-08-30
790430.4753139507,838564.3386218321,897708.595080453,1005990.7895571606,1141684.5485315674,1295681.4534350834,1451967.3928697472,1554375.1961810335,1649030.0526912438,2021-09-18,2021-08-30
766174.9225988177,816823.0150574964,879386.1545465752,994801.744150358,1140885.7566894616,1308421.821202752,1480146.4670410017,1593515.7137134094,1698855.2762884356,2021-09-25,2021-08-30
1031908.9878435568,1052175.6823814102,1076036.380111302,1117120.1523376626,1164609.409676646,1214117.4557357945,1260473.2536711195,1289057.6163456002,1314374.7104497661,2021-09-11,2021-09-06
840431.2287483213,879215.2422614043,926157.2137684321,1010254.4836991328,1112677.776372741,1225485.1168792194,1336762.0697962176,1408132.814951467,1473114.9815525701,2021-09-18,2021-09-06
730381.948500575,773938.7054018986,827390.3306630782,925070.0996160951,1047181.3318854002,1185411.5080623252,1325358.4205781864,1416893.5268327652,1501390.8053183728,2021-09-25,2021-09-06
623976.9290349226,670974.4479367286,729569.4515385224,839119.296655357,980232.7791687043,1145077.1126187611,1317018.2760949484,1432031.1366721499,1539890.7501963503,2021-10-02,2021-09-06
754539.8430540239,789532.3538615889,831895.2623575773,907814.7109542027,1000319.2021724862,1102249.7147939252,1202841.9339703973,1267381.2559306708,1326157.2804225727,2021-09-18,2021-09-13
670372.1664390331,712634.3974778402,764677.2345955804,860257.4341426918,980528.2300250035,1117613.834786683,1257309.0532562365,1349128.8285812256,1434181.8739030296,2021-09-25,2021-09-13
575259.9382040997,625189.9894344661,688158.0776466853,807843.6380136851,965386.9014134292,1153653.7834377724,1354299.1061119474,1490701.842912847,1620088.254937653,2021-10-02,2021-09-13
463000.00019490416,510806.8897477112,572083.1534713497,691312.2189728767,853141.6595417364,1052853.7920637922,1272281.2878321877,1424903.8254067306,1572031.7298903505,2021-10-09,2021-09-13
711347.7564624186,744254.1334660918,784086.7194459132,855459.1883191103,942403.6216710659,1038184.636117844,1132686.6838993886,1193308.234651819,1248509.7170411365,2021-09-25,2021-09-20
553687.074484371,590484.734299134,635955.386337586,719882.2654584959,826182.2751298007,948178.8682541269,1073309.8050628337,1155960.7083641663,1232785.0571088612,2021-10-02,2021-09-20
490401.0056016703,537073.1102877381,596422.0513763007,710585.0880001631,863230.8145430497,1048667.4316144472,1249396.1909307546,1387459.965697094,1519506.3441242643,2021-10-09,2021-09-20
451317.821644171,497713.5537044285,557154.6619691704,672738.7437316101,829489.1302434982,1022762.8832190679,1234939.3519571552,1382426.1205486897,1524540.322129337,2021-10-16,2021-09-20
543978.4118295104,572142.2090112653,606427.690431935,668363.1532019438,744623.8748701141,829586.0003207772,914312.9902786259,969102.9717677516,1019277.0576350731,2021-10-02,2021-09-27
466960.91671232326,493700.6158053307,526435.6307967275,586049.3909282638,660234.0479452286,743809.318487118,828038.5531777578,882941.9776094103,933502.1036347015,2021-10-09,2021-09-27
292121.4351724459,327036.53430435446,372501.48050420196,463009.6553475383,589582.0286386458,750755.3341036586,933169.3608926202,1062899.4990821502,1189939.9586629465,2021-10-16,2021-09-27
243183.01735375178,278201.5403334594,324878.7442779465,420997.8306618906,561488.1436714836,748861.1876882701,970420.3215397919,1133239.3598747125,1296426.6128215499,2021-10-23,2021-09-27
606639.394987226,615931.1075261625,626820.625598047,645447.8516356813,666793.9470579991,688845.9953913445,709316.4290964118,721856.9778346518,732913.4433192356,2021-10-09,2021-10-04
440627.18589816865,458905.8563365906,480923.0405994063,520095.21427168424,567371.3569815573,618944.8544991536,669359.18961561,701473.4117644042,730572.8448573053,2021-10-16,2021-10-04
324553.9983226777,346008.8906203558,372511.0988045574,421402.04107280314,483284.44194837566,554254.2016045941,626998.3701932465,675022.6891875484,719645.584514227,2021-10-23,2021-10-04
255508.48425955643,277173.58309181966,304441.67235779867,356122.4424764634,423894.8142715921,504564.7006035665,590217.5355125776,648282.6089051295,703251.8473391045,2021-10-30,2021-10-04
428873.3502490553,450814.90373325703,477508.8998967979,525687.0893304234,584938.1816745099,650867.5661342333,716536.7524136828,758964.8734930255,797794.2116990646,2021-10-16,2021-10-11
303041.37643901294,325996.65000143653,354628.90272678365,408193.3651489693,477247.19108506694,557982.8111989623,642262.6008406965,698672.4599703179,751596.643583831,2021-10-23,2021-10-11
222311.6953874027,245271.43732444322,274700.63393201755,331964.69744805153,409692.38330530346,505619.57409536256,611020.9741267595,684335.0810406504,755011.3305819841,2021-10-30,2021-10-11
170317.93139256578,189609.2432004125,214578.06199695636,263851.03231953055,331973.6784283055,417684.63894337526,513596.41402103443,581229.6980307773,647063.5373982141,2021-11-06,2021-10-11
470117.8719271274,471435.1425681077,472958.452794804,475514.82922873116,478371.3570275945,481245.04465106083,483846.2107446584,485409.6238516249,486769.7419933324,2020-07-25,2020-07-20
536021.8107864555,539671.8885966724,543911.0533159752,551068.949644287,559132.4194138254,567313.8772223672,574779.7558692779,579294.695620515,583239.4431503935,2020-08-01,2020-07-20
752378.7780389544,758861.3091876764,766404.6028970117,779176.8128663287,793617.4447523151,808325.7076121998,821796.5370177054,829965.424498179,837116.4458636345,2020-08-08,2020-07-20
1466315.1284483194,1474815.840048217,1484677.7972665722,1501304.0754967066,1519995.5282089703,1538919.6922088384,1556153.4024613956,1566559.2564423038,1575641.1162586575,2020-08-15,2020-07-20
387316.225986865,393514.2689861115,400783.41335498344,413230.71656477527,427514.4656759941,442291.9474176629,456028.3990603878,464452.3280772858,471884.74455606454,2020-08-01,2020-07-27
400737.40959446144,407776.0894383793,416044.8099479594,430237.33283799613,446574.76703984383,463532.58384433336,479345.0556002278,489065.0229918087,497655.1172462515,2020-08-08,2020-07-27
512578.0602821365,520721.35319511936,530270.7413419171,546619.7443418026,565376.4976780061,584776.8717384094,602806.3764516447,613861.1028053466,623613.4725522669,2020-08-15,2020-07-27
857896.3918617738,865543.1109425664,874443.917208537,889521.4981729499,906578.8718461002,923963.3359799344,939894.7544874337,949560.1553372936,958023.9043716269,2020-08-22,2020-07-27
381502.8568262923,383900.4718145221,386683.4754373352,391378.84595878044,396662.6386137086,402017.764875725,406899.33464065974,409849.06355626346,412424.82475991244,2020-08-08,2020-08-03
365406.9988600772,368247.47824358335,371549.78382109746,377134.00812631164,383436.9706197522,389845.2732186663,395704.47041047196,399253.0000186486,402356.5801878676,2020-08-15,2020-08-03
374838.1158939977,378367.73138212896,382478.4211238222,389447.10452103405,397338.8230480913,405390.4585974792,412776.59491836146,417261.11189380166,421190.198133131,2020-08-22,2020-08-03
417797.45372162573,423238.01569935906,429598.62160528835,440440.9427037437,452808.76717239904,465523.8869700228,477272.8992053728,484445.564960384,490754.01920663967,2020-08-29,2020-08-03
352908.90033040365,357246.5886196324,362313.8766517974,370941.99381889973,380769.6396014381,390857.65660976485,400165.51334451843,405841.57570942683,410829.872260148,2020-08-15,2020-08-10
395975.12886769767,401355.3150316381,407649.11403034825,418386.7888173584,430649.1498404956,443270.9043767186,454946.8743467814,462081.0621225292,468359.4416363122,2020-08-22,2020-08-10
478541.36896586063,484198.6356525362,490804.15593693126,502043.3944234153,514833.1020175243,527948.6312879261,540038.4648883172,547405.7616370284,553877.1360682416,2020-08-29,2020-08-10
485918.66730214807,491661.3574095277,498366.5932350217,509775.43283542694,522758.04209239344,536071.2834910102,548343.2763788805,555821.5354001235,562390.3524627249,2020-09-05,2020-08-10
253365.70524090866,255473.1243784837,257924.60794642134,262073.5366656945,266761.61403877113,271533.55363515957,275901.3934000153,278548.90371616575,280865.7890652853,2020-08-22,2020-08-17
218441.04327231424,220491.7106233361,222879.90270735748,226928.32956164074,231512.72518058773,236189.73454781206,240479.9233554808,243084.61197483988,245366.62669993527,2020-08-29,2020-08-17
189892.6550044295,191783.3026691883,193986.47267651724,197724.49713837492,201962.2487589257,206290.8264483622,210265.94979011553,212681.44492286537,214798.9869477086,2020-09-05,2020-08-17
167295.95419366795,169021.61542341358,171033.29573768956,174448.29647848525,178322.6371492945,182283.02346191564,185922.6461299582,188135.48101655414,190076.10239675787,2020-09-12,2020-08-17
228281.74029044062,230069.12719940598,232147.24565376004,235661.66249501475,239628.86588084817,243662.85443036899,247351.60308119497,249585.82693093203,251540.01932123036,2020-08-29,2020-08-24
199428.8709421626,201077.2795730234,202994.70643904866,206239.53113871271,209905.63220916767,213636.90166409567,217051.83945946873,219121.59606838803,220932.77781183718,2020-09-05,2020-08-24
176746.78993567117,178276.91621549983,180057.50134712437,183072.55513747374,186481.7452937168,189954.42163177833,193135.19885377472,195064.18478629264,196752.8877918946,2020-09-12,2020-08-24
158033.08288351068,159466.7292339145,161135.78055313605,163963.76592840877,167164.10803640308,170426.9163213006,173417.96415223554,175233.035441623,176822.71652071862,2020-09-19,2020-08-24
221868.34153883712,227854.30567866913,234956.4506836748,247321.25480329467,261824.05711657542,277177.2969513114,291764.012801147,300858.20270457724,308975.2977352293,2020-09-05,2020-08-31
200404.44233154602,207641.4227616143,216310.14020082462,231610.30427541255,249882.37275233853,269595.95086964936,288665.15529215406,300716.49183421925,311575.9285866373,2020-09-12,2020-08-31
182963.91680413234,190811.4212695711,200277.73457022358,217155.10526408177,237580.1855550897,259926.39915027109,281830.35268256307,295812.19086801115,308499.8701072627,2020-09-19,2020-08-31
163890.0485075584,171890.85993797184,181601.2316905457,199066.34311705,220448.0983556786,244126.47214833266,267604.81532111194,282722.2115601242,296524.19113411696,2020-09-26,2020-08-31
184251.90766574608,185785.7915419859,187570.11630489051,190589.96852133088,194002.29693797475,197475.71978321514,200655.0508079459,202582.18297982455,204268.66507937456,2020-09-12,2020-09-07
159313.30328545245,160758.655970381,162441.33684774247,165292.41822229227,168518.90111928832,171808.36447235473,174823.85078541137,176653.75380896928,178256.4258527032,2020-09-19,2020-09-07
133138.76334322113,134474.88549235713,136031.99881839173,138674.20573956077,141670.1203142613,144730.75856335415,147541.92516609348,149250.34452621243,150748.15542726137,2020-09-26,2020-09-07
108736.21505521549,109953.13869927039,111373.08614872706,113786.79443428646,116529.99720550906,119339.33385001158,121925.68885612366,123500.25119206584,124882.40685792224,2020-10-03,2020-09-07
164329.2559300278,165741.043135778,167383.8031853543,170165.1982484533,173309.76684694772,176512.44551596433,179445.5300509714,181224.12358619663,182781.05815395992,2020-09-19,2020-09-14
139958.47067266813,141258.2633856818,142771.82971918283,145337.20953994268,148241.6286407583,151204.08965898716,153920.98360921865,155570.22955934185,157015.0084982031,2020-09-26,2020-09-14
117845.18701224764,119039.59649790514,120431.706418086,122794.28531814455,125473.67730161405,128211.53406935654,130726.73437786025,132255.51966539666,133595.98380503518,2020-10-03,2020-09-14
97394.37321669057,98494.2493513662,99777.76053221621,101959.88428165055,104440.3953976397,106981.25314348133,109320.91613033763,110745.513191365,111996.16395237544,2020-10-10,2020-09-14
184773.32037169693,186504.22190963465,188519.97400248575,191936.94169645983,195806.12343171588,199753.30248821777,203373.87683307668,205571.95746449605,207497.69445193763,2020-09-26,2020-09-21
169759.86342472315,171667.71471557286,173893.9712241679,177678.56126243804,181980.19116562084,186385.96430191226,190442.4273224793,192912.1619143434,195080.21100264922,2020-10-03,2020-09-21
149386.3953955759,151349.01945948895,153643.82212248704,157556.24462129505,162020.17972495133,166610.5884993755,170853.19979333907,173443.73113122096,175722.41815323263,2020-10-10,2020-09-21
124736.31359330872,126550.29572324855,128674.4651972277,132303.72159645002,136456.26252819793,140739.13687749274,144708.67669528615,147137.63785969358,149277.39201812784,2020-10-17,2020-09-21
256384.47809938402,262838.034282274,270480.4389118772,283749.6556540476,299257.5225546957,315612.9462048097,331096.27138231363,340723.38522132166,349299.8697481966,2020-10-03,2020-09-28
244507.9546317482,252618.9226657684,262304.8426411853,279325.41354187764,299534.8332888206,321206.42091132235,342049.02757397335,355163.8784877114,366945.5927865002,2020-10-10,2020-09-28
240911.71866807566,249725.02466927038,260287.0956092478,278942.1188928116,301241.3311745426,325323.1887963156,348639.4106300301,363385.04612420255,376678.81043528364,2020-10-17,2020-09-28
223302.28496905373,233101.34600132768,244933.90015386726,266061.07043744746,291678.80986268556,319763.15807131457,347344.84719945944,364976.56312301214,380992.6447223904,2020-10-24,2020-09-28
257284.94841084137,259025.0209551699,261045.8240293647,264457.73970100854,268300.9502034445,272200.01184861024,275757.71475269285,277909.0591890345,279788.61695835576,2020-10-10,2020-10-05
227720.0302871181,229553.48295091474,231685.6647592735,235292.73312580775,239366.34631715546,243510.48580233418,247301.65247278663,249598.68616533265,251608.29144885985,2020-10-17,2020-10-05
175387.35249054118,177066.63296685345,179022.70065627492,182339.54365708167,186096.91674031777,189931.71599345357,193450.6757707036,195587.73914640272,197460.4321718153,2020-10-24,2020-10-05
119924.95135744296,121240.75098284478,122775.71113321469,125384.0507118492,128347.14396723408,131380.26145289594,134171.40257222627,135870.07034356619,137360.81756203723,2020-10-31,2020-10-05
313671.1691828668,315481.74966102303,317582.2076257863,321123.2344875349,325103.8954152977,329133.90083053464,332803.72853488236,335019.5151629682,336953.32309162035,2020-10-17,2020-10-12
288016.3709653829,289864.7482804207,292010.53587842244,295631.55855454906,299707.46159368224,303839.5595318501,307607.26582936256,309884.3963186255,311873.1141353234,2020-10-24,2020-10-12
228737.32097141625,230418.2586086727,232371.6088553874,235672.59409897306,239395.25175094538,243176.71208231605,246631.19063122934,248721.98456386308,250549.78486899464,2020-10-31,2020-10-12
169145.42823633796,170563.50457940347,172213.21728432973,175005.49859518904,178161.0543074114,181373.50841387204,184314.31554711828,186097.02790875547,187657.22256221945,2020-11-07,2020-10-12
413906.86153391795,415840.40559038747,418080.8708829623,421851.55974214245,426080.965928857,430352.7753644849,434234.1450434109,436573.7121411281,438613.1431937881,2020-10-24,2020-10-19
420873.1954423442,422814.0671442233,425062.8788522415,428847.26696568186,433091.524162422,437377.78633515164,441271.81561420567,443618.7981355633,445664.5619928174,2020-10-31,2020-10-19
404266.7539591459,406163.5552513419,408361.4937146806,412060.72652036726,416210.1560355509,420401.3700844048,424209.66877002583,426505.263082846,428506.4064522207,2020-11-07,2020-10-19
376876.82706910913,378706.6908189275,380827.43592722615,384397.6430195772,388403.66901803354,392451.44408699474,396130.62472604547,398348.9432955389,400283.06139132014,2020-11-14,2020-10-19
581523.1706183634,582734.9425749328,584135.1722377028,586482.4067312424,589101.4178398002,591732.1244725682,594109.885852998,595537.4478959405,596778.42265827,2020-10-31,2020-10-26
631002.2542225114,632266.2006684513,633726.5924854134,636174.3743917046,638905.1275362473,641647.6023298166,644125.9792984053,645613.7645196706,646906.9789537775,2020-11-07,2020-10-26
630568.8635441571,631832.9919268725,633293.5965707795,635741.7414652383,638472.9087911343,641215.8093012393,643694.5793666362,645182.6043730755,646476.029547351,2020-11-14,2020-10-26
608866.1610654015,610108.376265583,611543.7165784487,613949.6466419303,616633.9120265922,619329.9133584849,621766.4758107972,623229.2429561727,624500.76186838,2020-11-21,2020-10-26
626718.1965355664,634384.1305979611,643338.9101914702,658584.9152999462,675948.4324275516,693769.7367288935,710210.8640767275,720235.9915128885,729045.822870622,2020-11-07,2020-11-02
680360.8526367111,688646.502589887,698324.6372826173,714800.8499643543,733563.418232104,752818.4788745055,770580.4146654924,781410.0362734799,790926.2951901548,2020-11-14,2020-11-02
677120.5830742575,685491.5092195701,695271.1678486263,711924.8896509307,730896.6219678428,750373.9225439025,768347.5120318974,779309.2471884881,788943.4841554932,2020-11-21,2020-11-02
649816.239029671,658062.5499651486,667699.9800131997,684119.6947003969,702837.1682152398,722066.7506746034,739823.4234109933,750658.2543725953,760184.2726529058,2020-11-28,2020-11-02
330818.2433422016,354330.60856167256,383520.2676917653,437759.12441854086,507064.10673529835,587341.2888441355,670405.2692879017,725633.0729737517,777206.2560446669,2021-10-23,2021-10-18
238176.19229025475,260409.2202416025,288630.25927657814,342775.18562040216,414925.7665691299,502263.2879663528,596484.2085320152,661126.3287960781,722840.4741359378,2021-10-30,2021-10-18
169329.3661800582,188523.7658043513,213369.29302647294,262405.0764402709,330210.85393310915,415537.7233338427,511035.1471319941,578384.4153017465,643947.4174803507,2021-11-06,2021-10-18
112121.29803839304,127116.81697757893,146911.2957863057,187101.99830414978,244774.89141437865,320225.0537673279,407829.4126142055,471336.1213055602,534374.3652201082,2021-11-13,2021-10-18
444601.6379499259,450715.38731832564,457868.56164405774,470075.4364401394,484020.2013516197,498378.6370345596,511665.5191945365,519786.0155393391,526933.6307367544,2021-10-30,2021-10-25
359673.271991057,371399.6861252407,385394.7655336232,409966.63966618007,439109.3795117354,470323.7495913929,500310.49827104935,519163.19366559957,536089.4517065353,2021-11-06,2021-10-25
282264.0295751227,297816.7004367745,316814.444042128,351301.53546313033,394039.2771980751,441976.2975703731,490087.9833437614,521350.7225990642,550077.0048826153,2021-11-13,2021-10-25
232807.3128798014,250673.28945754998,272979.7904964568,314770.02130852785,368746.1548772903,431978.0078532616,498109.1328757228,542434.0464475887,584061.2352541945,2021-11-20,2021-10-25
331716.5033503294,350506.1479864539,373494.0938853345,415319.4228397633,467305.64322166966,525799.0649550497,584680.1000656815,623026.3447340671,658316.8518335387,2021-11-06,2021-11-01
288736.18087351846,308279.3303075489,332458.6169518394,377166.89931828406,433926.20766456705,499227.1433110489,566362.079661269,610783.5822476554,652124.5558090784,2021-11-13,2021-11-01
239280.30170972424,262277.7806679604,291548.7922548297,347929.5044491626,423447.3564715552,515356.3046819668,615017.686459917,683655.5626103493,749362.4106186143,2021-11-20,2021-11-01
213392.47155134162,237015.87621213568,267515.78198838315,327487.60397486784,410012.9245248358,513334.2338365573,628413.7594719883,709279.9054817114,787800.043062727,2021-11-27,2021-11-01
406292.541609783,419404.8947910638,435048.6613439748,462501.65878245985,495040.3031593657,529868.1574402403,563304.5760790288,584315.7883843998,603173.5182268869,2021-11-13,2021-11-08
304364.8382270569,326202.00394276675,353330.3481692485,403788.20000400697,468344.5618616313,543221.9877232339,620797.5900227351,672425.7545145199,720670.0678799507,2021-11-20,2021-11-08
276562.1203447263,298830.5148298452,326738.84513334266,379309.28681927227,447695.65192613815,528411.5198821074,613429.9601621395,670719.310133692,724724.6893527509,2021-11-27,2021-11-08
251397.2092273352,273837.12957626395,302205.9530540936,356318.0201226848,427876.1812430843,513805.1295079847,605805.493323272,668565.3868723352,728242.0796867703,2021-12-04,2021-11-08
445799.421364732,468115.73825318966,495234.99812296114,544101.2428583988,604070.2750876988,670648.8949143841,736823.7273770531,779509.9959813021,818531.5632026886,2021-11-20,2021-11-15
436594.0836365759,461819.48142829805,492716.87168168015,549026.5967712883,619169.1308260912,698272.9339934699,778074.4573642563,830130.4470358492,878093.466990399,2021-11-27,2021-11-15
302133.3750455586,338136.9708241632,385003.12733712775,478254.12919069245,608577.1252593364,774412.7960079637,961982.1011599399,1095313.87971626,1225836.4946708407,2021-12-04,2021-11-15
301674.93117512244,336201.8614549839,380941.5174538148,469376.5302581505,591908.5526146251,746427.8933283044,919710.0305582139,1042099.3302717082,1161368.4083513014,2021-12-11,2021-11-15
521662.93319303443,545144.9758508947,573533.1110488678,624305.5555906472,686005.621379694,753803.4995048349,820534.5140473369,863263.4132415763,902122.1992600332,2021-11-27,2021-11-22
411797.86001029174,446689.154081441,490601.2270172706,573819.5614323685,682936.2954694512,812802.5167097909,950674.3114059088,1044130.9787980713,1132599.3380778646,2021-12-04,2021-11-22
308892.7152184416,346012.9171171653,394379.5180531691,490751.3347527176,625683.4283408856,797715.1049373407,992647.2714225133,1131402.1330823405,1267364.794354437,2021-12-11,2021-11-22
294998.29544111656,335262.7704187684,388552.0141887905,497160.96719120076,653785.0238866764,859751.4400081953,1100071.1406705487,1274924.910167042,1448940.0924142648,2021-12-18,2021-11-22
405781.8716099771,429386.29698952375,458309.8016248809,511052.51048317604,576801.457980789,651009.2702885107,725928.0092837145,774826.5938185753,819898.4360951025,2021-12-04,2021-11-29
364559.78929650603,394185.82208326395,431342.9395272599,501410.3899403219,592686.2482590803,700577.8019821915,814379.8279401865,891145.6708892585,963564.8230796002,2021-12-11,2021-11-29
433370.17407328833,467623.6350689656,510489.13166289584,591062.3531859323,695583.8852675251,818588.662999593,947790.8763067846,1034671.6999719416,1116451.8704557703,2021-12-18,2021-11-29
341938.609496353,377936.76968780934,424168.5181354352,514381.75996164815,637286.4718665923,789557.6376083979,957482.7688991573,1074608.4525187945,1187739.6583625649,2021-12-25,2021-11-29
611890.7089151841,641594.9429530727,677636.0609863816,742433.5993182006,821720.2489991769,909474.1512713705,996440.7245865847,1052415.040098993,1103504.5274872181,2021-12-11,2021-12-06
579991.5822985009,614460.4659338763,656750.8605887732,734010.8619250221,830556.7906328279,939801.6000160602,1050359.6171124612,1122650.8794473633,1189369.9900480194,2021-12-18,2021-12-06
566046.8844455228,607006.7979686571,657922.8321959801,752709.4168816824,874122.2998017973,1015119.2184844018,1161366.8923153866,1258782.928902613,1349870.1538817852,2021-12-25,2021-12-06
475816.96419377543,517728.3306900516,570651.3894746023,671429.5307345595,804405.4542352696,963717.1217291304,1133911.43303656,1249821.762585425,1359909.7625698212,2022-01-01,2021-12-06
760180.7063559713,779120.9121908207,801544.1744365654,840461.8166055611,885922.1423447346,933841.4033686288,979182.5171062963,1007363.5940405338,1032462.4602208165,2021-12-18,2021-12-13
691418.59339642,726422.0131936574,768983.6394731143,845739.6215298478,940038.6864213418,1044851.9963748385,1149143.7354561007,1216472.9536261763,1278057.518858354,2021-12-25,2021-12-13
628007.3361654084,670181.2482460677,722331.9671225266,818686.0178192854,940888.3671178726,1081331.4263456115,1225573.5031419026,1320942.5385962084,1409650.6018276329,2022-01-01,2021-12-13
556639.1123173459,601054.7746653265,656679.289659441,761348.7720588137,897321.789025154,1057578.894994399,1226148.6021233879,1339622.3222877465,1446514.2230254516,2022-01-08,2021-12-13
776182.2567796013,795109.0031950927,817503.8268471853,856341.0130263955,901659.5339829752,949376.36158428,994478.4214133923,1022488.6298047815,1047421.4118157125,2021-12-25,2021-12-20
660199.2656438408,692501.8278065495,731711.0324670194,802244.3504601042,888613.644299382,984281.4204701554,1079161.2724120298,1140262.9958914896,1196054.3580201655,2022-01-01,2021-12-20
580781.9943139831,621585.8665079456,672200.5939223621,766139.1571518199,885984.9095783508,1024577.9146946893,1167760.43802666,1262849.273601565,1351572.995866995,2022-01-08,2021-12-20
453169.68065591255,492928.91316903563,543117.1144377494,638639.9872452993,764599.6344384634,915402.43745947,1076402.4654031384,1185997.7886567102,1290052.32683985,2022-01-15,2021-12-20
2495266.0016131513,2580380.396816424,2682121.32347382,2861156.418356244,3074127.203499005,3302950.5142266424,3523426.7669341904,3662350.742918364,3787274.806446754,2022-01-08,2022-01-03
2285955.849217302,2408628.251044331,2558253.966755562,2829300.4101238656,3164260.82268779,3538877.143681771,3913820.3962974623,4156949.7284006258,4380026.218540067,2022-01-15,2022-01-03
2027121.376658438,2170419.712979298,2348250.291972948,2678503.3128526374,3100184.537298115,3588251.737148813,4092895.9737197594,4428242.20026516,4741277.101593984,2022-01-22,2022-01-03
2410974.3956965557,2606939.6565069007,2852724.0109520224,3316211.5803582165,3920007.5819246494,4633739.15384701,5386591.686876356,5894443.856416919,6373547.338277396,2022-01-29,2022-01-03
4245462.160877763,4512790.0867909705,4841959.770060059,5446436.01247979,6206953.1924909055,7073665.759681227,7956750.936262978,8537128.293766692,9074693.513652142,2022-01-15,2022-01-10
4491028.22400768,4910212.101468123,5442289.896771348,6463122.161005594,7823405.030336263,9469984.435381273,11246307.607575472,12464974.018208014,13628430.554389246,2022-01-22,2022-01-10
3788005.9828983992,4232471.206593778,4810013.950293386,5956235.12004036,7552795.041570499,9577310.463792669,11859573.283876332,13477873.836708395,15059298.53266072,2022-01-29,2022-01-10
7780331.701977251,8206623.233859098,8727178.340017905,9671726.629755713,10841549.643339517,12152866.098115096,13468178.84195478,14322480.186984694,15107222.053158019,2022-02-05,2022-01-10
4483841.622818136,4567147.709030524,4665117.024431739,4833531.525948031,5027792.088776729,5229860.021034578,5418662.201950889,5534897.248447394,5637731.082945336,2022-01-22,2022-01-17
3233133.702701061,3481660.1633347995,3791996.4961925265,4373504.421005429,5124759.074966449,6005059.798342061,6925944.051589005,7543285.198546095,8123126.969512555,2022-01-29,2022-01-17
2208374.554754353,2451172.7329537054,2764415.242046338,3379685.2219836814,4225157.11230829,5282134.711117047,6457768.121143243,7283025.134739245,8083752.181103659,2022-02-05,2022-01-17
1527554.1446713477,1721623.4870726995,1976166.2496527364,2488222.350005281,3214174.521860946,4151927.1205638484,5227757.461597905,6000683.619010009,6763045.28583681,2022-02-12,2022-01-17
3188082.505148445,3310411.9816927095,3457286.915232522,3717393.963167821,4029404.7572554387,4367603.449798734,4696197.653211201,4904556.528789137,5092748.594671884,2022-01-29,2022-01-24
2662329.1438757014,2862283.3728555813,3111526.3258503065,3577369.2836831515,4177187.6866400554,4877577.791312737,5607825.594934964,6096145.872520391,6553996.905136966,2022-02-05,2022-01-24
2489435.2930320776,2735000.083134525,3048332.0592079107,3654033.677671075,4469154.540836114,5466107.888366868,6552220.008166041,7302867.167369529,8023242.205082168,2022-02-12,2022-01-24
1783472.8268992656,2005642.3365299234,2296350.7524848953,2879154.3033581153,3701706.26525562,4759254.916713072,5967132.529473126,6832040.301831884,7683116.371364071,2022-02-19,2022-01-24
1618881.1060907312,1748164.0962341973,1910084.100400728,2214800.7528265016,2610699.1246537846,3077364.819733721,3568298.3372502397,3898804.4281141367,4210160.890645445,2022-02-05,2022-01-31
1225685.3794740164,1371811.958416074,1562036.2702405998,1940560.7452771014,2469621.6396690747,3142921.9919888987,3904538.684100042,4445967.252074292,4976016.802728831,2022-02-12,2022-01-31
825864.6175842927,962067.2079243087,1147205.1564558838,1539436.422757519,2134365.0052454555,2959208.908060236,3970967.1369417505,4735130.7040649485,5516054.179608282,2022-02-19,2022-01-31
501683.78309749044,592092.5177429253,716727.8490891901,986244.6651251183,1406089.9107695653,2004663.6570826406,2758493.1151767396,3339155.246725099,3940906.4111282276,2022-02-26,2022-01-31
816763.245802232,884954.8123905321,970670.8441313533,1132823.7908772684,1344945.3571974663,1596786.745135543,1863533.889766487,2044034.3264089273,2214690.760319809,2022-02-12,2022-02-07
551651.4283290129,622849.00946146,716412.7258251895,905158.9813588716,1173727.1388369463,1521981.6903039361,1922963.3237678115,2211828.830928899,2497293.2647257145,2022-02-19,2022-02-07
233985.98746935028,276887.9156103375,336201.72449644795,465001.9217684237,666737.1725379481,955992.7312844158,1322237.2904532626,1605481.6125290685,1899850.764790466,2022-02-26,2022-02-07
149289.90494265265,182733.5613570291,230691.77903407282,340530.4402601475,524885.7523574899,809046.7707304426,1194256.051002132,1507687.2085341776,1845436.5895250523,2022-03-05,2022-02-07
466646.3957809956,505147.20582302834,553494.851200669,644827.0431207131,764082.5968112124,905393.5019913127,1054792.4944257552,1155746.6972395766,1251101.9479163885,2022-02-19,2022-02-14
202760.9659558438,234058.5870380854,276184.2247471382,364164.5405525616,495149.2513091929,673247.265370878,887714.6451667303,1047484.6668717194,1209171.4986475585,2022-02-26,2022-02-14
63226.37754624651,79108.51801760888,102431.29919301272,157735.60026334945,254831.17025681285,411694.7932238324,633975.4142148623,820884.1090917902,1027085.9703603542,2022-03-05,2022-02-14
38114.99394197839,47735.72975330759,61878.5911178643,95466.70058542969,154553.78923359216,250211.57764938293,386028.080713129,500398.21093981504,626705.4325870831,2022-03-12,2022-02-14
460221.69433403184,474569.8365894813,491668.37814483175,521625.074250842,557054.4818975775,594890.2978788842,631136.1673757469,653875.724660956,674261.3388775927,2022-02-26,2022-02-21
285968.5460778321,307930.46042048756,335352.49214270327,386730.6592407263,453097.68948081427,530853.9969805236,612184.2569325285,666700.9036147736,717902.4372735611,2022-03-05,2022-02-21
258858.8197860313,288757.53663240676,327539.44952810626,404310.9690299987,510887.45030552824,645557.5209989361,796868.8573413707,903893.245259079,1008294.74188064,2022-03-12,2022-02-21
206942.2770698663,239408.24671281615,283209.80664150143,375004.5957768789,512280.45493048633,699808.1289113801,926631.9821897348,1096166.352275188,1268137.5126416818,2022-03-19,2022-02-21
316610.0052749655,325284.45331877226,335580.90749759314,353518.26705052407,374574.612832016,396885.1220867816,418099.29421941563,431333.68086533627,443151.3162586361,2022-03-05,2022-02-28
138701.44129972387,154921.9124686487,175991.02714265446,217783.10990237922,275953.44467800506,349661.20037403726,432694.23939398356,491539.91463323304,549023.1602215398,2022-03-12,2022-02-28
133340.40902542233,153896.86892278344,181560.26226839866,239320.79875899458,325285.20857976755,442128.17051199207,582784.2810910043,687541.3883428157,793536.3907621531,2022-03-19,2022-02-28
151124.20768320913,169136.56253281454,192583.93699027778,239239.47887665164,304445.8749759391,387424.7311734588,481282.5630132604,548002.6873070844,613318.621885905,2022-03-26,2022-02-28
150619.3692405553,163051.9225307118,178664.76705390142,208160.14821764384,246675.99555224375,292318.42551375047,340576.64409756294,373188.15894507035,403992.176361515,2022-03-12,2022-03-07
251695.57424872692,277524.89518484665,310611.0006425514,374931.0960828172,462130.43164988304,569610.0912625656,687562.6922907201,769532.8943901107,848503.341762623,2022-03-19,2022-03-07
163985.62863329504,185394.28691782252,213568.37691734525,270521.3189532733,351778.4765813138,457443.0476115074,579430.805122252,667486.0301424619,754627.6927876141,2022-03-26,2022-03-07
83448.87405029047,93587.3188196871,106814.25321669511,133217.86912575492,170275.16708291825,217640.7167851209,271439.73441724165,309803.0041973656,347441.8661136482,2022-04-02,2022-03-07
158118.0321267004,164546.28584475294,172282.66497928218,186030.00604515587,202594.5402942769,220634.01829426625,238239.56845562602,249440.74274501897,259581.70111907469,2022-03-19,2022-03-14
122422.33916258767,137627.2572104387,157515.78379908224,197367.16350604472,253574.38049381872,325788.57242813165,408212.8463065083,467203.7192785597,525230.6636407912,2022-03-26,2022-03-14
368490.34424744954,409275.98741941137,461932.7897383039,565468.5661590038,707935.3767229083,886295.9457146585,1084946.7904188668,1224534.3314075798,1360069.5525396385,2022-04-02,2022-03-14
408513.06661760324,446044.74833644,493615.5732153307,584693.5988281851,705725.8859542232,851812.0039351197,1008981.5903936414,1116589.8219032672,1219175.264648467,2022-04-09,2022-03-14
386537.30073519,417878.7851442206,457180.2730863701,531271.9224859799,627756.8245962748,741764.4602469986,861976.4544231528,943045.3156199147,1019509.9672856008,2020-08-15,2020-08-06
364641.7861601281,401259.0812586354,448063.0113082944,538767.8254011342,661236.7274753834,811544.3965808764,975831.5208516757,1089655.113576186,1199078.1812656776,2020-08-22,2020-08-06
347707.7212127678,386389.61987041315,436357.790219347,534685.1195258632,670125.6083296257,839874.3756650012,1029128.7127323076,1162216.3428969926,1291510.9545823368,2020-08-29,2020-08-06
338695.8466958277,378999.06591299886,431453.5096012149,535799.0392739256,681582.175055827,867030.7844959201,1076719.162125281,1225739.8583153042,1371597.1597698207,2020-09-05,2020-08-06
186564.4373398113,207248.1438448706,233956.8501155609,286486.02798201604,358791.31823374506,449345.5089125307,550234.8402122994,621145.2978621917,690009.3708933152,2020-08-22,2020-08-13
137024.03217667583,159964.3115807746,191218.8873137334,257657.46563817817,358872.2711092245,499846.9834829016,673517.7093661657,805112.7510779803,939903.0587936175,2020-08-29,2020-08-13
113509.19050859344,136275.55460504774,168246.48747528612,239268.40863150315,353844.2055254848,523285.6376655668,744180.301549256,918768.7560460223,1103044.795077475,2020-09-05,2020-08-13
100607.77219386116,122876.81097447276,154735.17287172994,227448.8222067459,348947.5807987855,535348.6246442015,786921.3694953724,990947.0564842457,1210288.345424218,2020-09-12,2020-08-13
168795.13811715404,185437.40991820864,206671.35263179554,247715.84800986008,302946.384532404,370491.0793499256,444069.82744610804,494919.0777725771,543715.375484078,2020-08-29,2020-08-20
111279.50087396281,128975.76763443976,152898.48797627518,203178.9031418506,278656.23722854955,382172.0530313245,507848.701279651,602045.6398170671,697786.1864632254,2020-09-05,2020-08-20
84847.01548699013,101837.6472774173,125690.84640542443,178657.46966649996,264059.28305445233,390284.85681226425,554752.4498508124,684690.8469643475,821800.3257630538,2020-09-12,2020-08-20
72342.95400454015,88587.34971394054,111892.70994610274,165305.38978925205,255033.5993216633,393466.5219681279,581290.2092932833,734214.7269671316,899080.4657891177,2020-09-19,2020-08-20
152868.17437603057,167793.63960127914,186819.17770832437,223544.92411906648,272876.1263667985,333093.58570489706,398574.6070309948,443767.5976150726,487095.3724990933,2020-09-12,2020-09-03
109847.37753687665,126987.50811536454,150093.84603427546,198462.0407973948,270686.5919104135,369195.1909074422,488169.45515102946,576995.5811205454,667027.5857562189,2020-09-19,2020-09-03
91084.93137010904,108229.57962726164,132038.3913751689,184074.82458084513,266265.9881143362,385156.28950316244,536946.6841280891,655066.5416115652,778367.7866366596,2020-09-26,2020-09-03
79921.32357524984,96892.37059552124,120977.90449053988,175312.85470596777,264737.8986687201,399777.61533275474,579330.2114685747,723340.2853162223,876939.3680716503,2020-10-03,2020-09-03
158601.54200501725,173258.78385158014,191846.55341057398,227461.77028673072,274838.2264866213,332082.40067371813,393731.6016131674,435972.41686180996,476263.0286149539,2020-10-03,2020-09-24
152810.83062264897,172575.01663266486,198554.78968261805,250983.79482515625,325622.4451086763,422457.4611775909,534008.6579026253,614399.3425435579,693864.278641239,2020-10-10,2020-09-24
153516.8214158441,177086.0952836509,208785.02261148507,274914.45022667345,373223.32204868697,506687.2549122295,667172.6083545007,786598.4503071147,907364.0714833189,2020-10-17,2020-09-24
151099.80764172066,177137.1760520933,212772.30990821734,289022.8820843217,406185.02106769354,570841.5546545838,775412.3241456186,931403.9831550813,1091902.5901804504,2020-10-24,2020-09-24
180362.20770908732,197285.1145483925,218776.04265540812,260036.78639204113,315067.89685732685,381745.140783425,453741.54512180656,503169.13091661315,550380.1538635616,2020-10-17,2020-10-08
130384.93916254048,149222.6961597835,174343.40490036958,226106.52823414185,301829.45410071214,402911.9374580612,522537.8006973912,610503.7752781617,698708.1479492468,2020-10-24,2020-10-08
109038.9346666902,127897.09751624921,153721.65146447255,209026.61272587036,294098.3582357797,413793.4552401423,562665.3336922487,676276.8350235,793238.163793282,2020-10-31,2020-10-08
99084.65587722084,118149.8394504922,144726.56727319496,203135.00660499698,296056.9264107803,431484.9771129604,605622.7638588641,741852.0760032483,884594.1170185612,2020-11-07,2020-10-08
226802.9621978526,246566.55076514368,271499.4444769708,318913.5981698886,381365.6377120896,456047.50146173284,535690.7816431472,589860.0161953074,641260.3619377498,2020-10-24,2020-10-15
169694.6773941083,192979.73331461733,223818.3343805156,286733.49581480917,377581.49165519286,497213.56214566535,636979.9115660458,738770.7527200815,840142.9262831453,2020-10-31,2020-10-15
146979.6169996585,170672.56753667825,202766.81852365026,270420.63280919107,372367.3609453293,512747.3079882404,683827.1296406245,812417.9151848233,943378.7781452124,2020-11-07,2020-10-15
136204.16315669168,160176.13785554975,193095.91304507447,263884.2007049606,373352.9761614742,528233.3858421481,721881.9011259542,870244.7610163839,1023408.1071976542,2020-11-14,2020-10-15
245835.4778927143,267391.2296847836,294599.71235627617,346381.5693391505,414656.1688857143,496388.2423739115,583638.514171533,643026.8434670449,699409.7836033849,2020-10-31,2020-10-22
180752.30972260775,205452.37994247864,238147.43861286112,304798.0966157472,400942.256334135,527413.7033636646,675021.7170113444,782442.5930685952,889364.529620728,2020-11-07,2020-10-22
153751.92227386244,178789.25153564324,212756.45850152048,284517.53010022326,392966.5538275753,542752.8924939148,725819.1526346403,863713.6242853783,1004362.8082389978,2020-11-14,2020-10-22
141228.96898467556,166690.40568799764,201793.32243954318,277708.88886043854,395983.0999168242,564629.4436709157,777045.6104498466,940681.7073397279,1110272.3226475713,2020-11-21,2020-10-22
501884.3097915847,520392.78972436016,542580.5805716985,581786.5176574512,628678.3335897623,679349.6155885669,728438.2472899297,759496.3937424035,787505.0871570953,2020-11-07,2020-10-29
470063.1126148069,501965.4551876248,541443.15062656,614458.1202774943,707186.524295071,813908.6516078395,923666.2788435143,996309.1582818397,1063926.87858994,2020-11-14,2020-10-29
377811.591058683,418794.7455220255,471593.02795086656,575085.1515716919,716914.6895708721,893722.7308301097,1089852.1429711385,1227251.9596248586,1360378.2527748568,2020-11-21,2020-10-29
324566.96548928996,368542.2524074438,426687.3001669409,545029.5001738745,715382.7484193706,938981.241515895,1199408.7392238348,1388639.900562228,1576785.474654043,2020-11-28,2020-10-29
655408.441207887,676116.4199354149,700804.7180053517,744085.8588272063,795316.2649078568,850073.8909672946,902573.7769393184,935531.1342496395,965089.738638802,2020-11-14,2020-11-05
691973.7884698554,728058.6294348369,772003.7080521338,851432.6256536345,949303.7728251163,1058425.0896049193,1167322.9593336915,1237781.7069478983,1302329.175058425,2020-11-21,2020-11-05
606829.6940720581,658451.870483816,723442.3523468982,846666.6257323839,1008342.6936810478,1200891.7760522773,1405440.2325237473,1544159.9203793919,1675519.5037954364,2020-11-28,2020-11-05
489773.7563924098,547202.5233966124,621820.3535098388,769894.3667304094,976115.3325967202,1237573.8590954568,1532277.1876995661,1741222.1285387152,1945390.3564547368,2020-12-05,2020-11-05
933227.9410305556,950815.7665162352,971505.1762809206,1007085.7728187282,1048148.7133485562,1090885.955244232,1130838.776896602,1155445.4227442336,1177221.2093018154,2020-11-21,2020-11-12
847036.2151938585,865889.7071756037,888147.9845086758,926624.7134856692,971333.1678462448,1018198.7478070998,1062309.5918864913,1089616.9744709532,1113869.8747872165,2020-11-28,2020-11-12
698455.69926931,714893.9245325098,734326.8691180049,767984.4107551869,807192.6408815341,848402.5852199299,887288.7359765136,911407.8846304079,932857.9610345155,2020-12-05,2020-11-12
558521.9532918409,571556.1874095841,586961.7890097423,613636.0643005836,644697.1335696712,677330.4540154211,708111.5020011155,727197.7859546848,744168.4101820287,2020-12-12,2020-11-12
1140274.6093496808,1187547.5063715877,1244487.5484203156,1345789.3113647113,1468042.2841099543,1601400.8505902917,1731755.492990186,1814788.9969636446,1890025.5519711091,2020-11-28,2020-11-19
1182445.6246728983,1258754.54517176,1352865.5754199428,1526083.4728274664,1744671.4538445375,1994568.800499776,2249948.950704258,2418166.824926672,2574222.7958279643,2020-12-05,2020-11-19
965120.6681400918,1061649.332584899,1184982.7662080303,1423863.4679072879,1746157.452578432,2141403.2440038226,2573088.770693496,2872008.4453605283,3159258.681166915,2020-12-12,2020-11-19
798933.7381194471,894356.5979072952,1018601.9985509204,1265911.0805790878,1611710.3143431402,2051968.876180303,2550171.8444058285,2904445.65784857,3251346.154781737,2020-12-19,2020-11-19
762116.3904696611,807301.0252176032,862730.7486694581,963973.8954084024,1090455.2751424655,1233532.062175037,1378289.4708689842,1472923.5687091034,1560250.7989012557,2020-12-12,2020-12-03
684581.1768133575,738915.7740252753,806933.6105130139,934845.7537370683,1100879.7743543996,1296402.3987249765,1501903.3310709372,1640154.8325061717,1770332.4581958423,2020-12-19,2020-12-03
617506.6395419334,676605.6536886736,751796.417224157,896542.6214376631,1090273.428717607,1325866.8589135192,1581141.0138886347,1756852.226828422,1924993.308977895,2020-12-26,2020-12-03
560121.311083896,619909.3672744429,696803.8376043637,847160.2873166995,1052557.2227831823,1307753.3541405026,1589940.5936711903,1787159.1650631924,1977922.7915631041,2021-01-02,2020-12-03
1220359.3041115324,1281621.7706952568,1356080.0086565597,1490274.4111989383,1655003.9469331587,1837942.088907475,2019820.3991502256,2137165.681009347,2244452.1503922623,2020-12-19,2020-12-10
1179345.3179929915,1263557.3561324293,1368138.2130238086,1562559.1461909178,1811142.2739118268,2099271.7903490574,2397591.3435680196,2596032.7961611827,2781404.4676353186,2020-12-26,2020-12-10
1062013.0986305526,1155361.209992246,1273213.686843534,1497573.354799658,1793511.0760788454,2147929.495211818,2526427.4278986743,2784135.3441657308,3028853.3956552446,2021-01-02,2020-12-10
961711.1472601156,1050042.1190860595,1161997.3620378727,1376336.3395539643,1661154.4204198301,2004912.556021448,2374733.4534744015,2627926.973902828,2869296.0628998433,2021-01-09,2020-12-10
1085275.9394943381,1140786.4828792587,1208319.5223237718,1330203.1605322985,1480096.0680591746,1646879.541172942,1813000.891081548,1920328.1276221883,2018550.574064079,2020-12-26,2020-12-17
1029375.6713136376,1096552.408141914,1179461.6334529477,1332223.1472254838,1525264.325269041,1746277.4661913791,1972451.8339165044,2121586.934344992,2260041.0392151074,2021-01-02,2020-12-17
1002251.7485981414,1075827.9988989567,1167384.9597478043,1338088.994243547,1557181.6496351925,1812147.548027165,2077133.74214143,2253905.542932724,2419366.8839712073,2021-01-09,2020-12-17
948643.8502555774,1023411.7476229029,1116956.8913417025,1292734.6092664634,1520661.1376546286,1788774.1838096224,2070277.1194646317,2259511.189845286,2437595.832145093,2021-01-16,2020-12-17
984627.2436305967,1036865.7536617826,1100542.2745941689,1215788.6681945636,1358042.9148999155,1516941.7242953917,1675792.562707278,1778707.1780475145,1873074.8825408074,2021-01-02,2020-12-24
838687.9805742037,904156.6273938458,986005.2961348579,1139637.280829129,1338563.9210810936,1572213.7218224593,1817184.3273496274,1981684.717596516,2136376.593346761,2021-01-09,2020-12-24
709300.5798753735,783426.4926364385,878553.3165243503,1063974.9205982566,1316230.1064453768,1628291.8512205826,1971948.270558023,2211390.231753605,2442492.9885403547,2021-01-16,2020-12-24
601009.6045670897,678193.5891657695,779562.3288853032,983872.7975030992,1274251.5813299061,1650332.336296402,2082857.3064113047,2394179.35890409,2701649.158654191,2021-01-23,2020-12-24
356484.2903381177,363756.93041994533,372326.1501830099,387097.787037915,404198.4535333371,422054.56943813286,438799.12748120615,449136.1570764539,458298.98895062745,2020-07-11,2020-07-05
360182.87032554316,370333.22929799894,382391.4646026751,403422.7567691651,428149.3395811481,454391.46381289215,479382.7110504258,494991.6520622735,508941.07434396027,2020-07-18,2020-07-05
363561.4586265586,377247.068357116,393666.2938509869,422712.2763689196,457504.61607299733,495160.6220809784,531695.187008645,554836.5813407983,575722.3951043152,2020-07-25,2020-07-05
360909.2750247172,378111.0821323953,398963.6634520797,436405.1923294575,482140.3539183188,532668.5496926676,582657.8763216186,614791.0808789419,644093.507601215,2020-08-01,2020-07-05
408670.2818936786,409928.6079975454,411384.1867725978,413827.937844932,416560.15124193305,419310.4035129783,421801.23879827367,423298.9750345533,424602.3439694263,2020-07-18,2020-07-12
399440.84848068474,401006.2673264881,402818.7105563425,405865.5223355243,409277.78594184376,412718.7377275681,415840.4306346842,417719.9203948528,419356.975388454,2020-07-25,2020-07-12
394402.40477461915,396154.7738929554,398184.80857686355,401600.1477903132,405429.2041883922,409294.7687226867,412805.401080748,414920.75936272333,416764.29357159656,2020-08-01,2020-07-12
391274.84525822726,393146.19697228406,395314.8563385822,398965.3190024779,403060.7953143256,407198.3126894488,410958.5109553117,413225.42598795536,415201.76082927146,2020-08-08,2020-07-12
403047.30618432956,415579.073742935,430511.7480348866,456670.54229679704,487603.0865363544,520630.8442931224,552265.4633353067,572109.5815975778,589897.926004358,2020-07-25,2020-07-19
375046.1085911631,393350.4367419195,415565.6241350252,455521.1992951824,504435.82466144854,558602.9840007202,612311.2365983337,646892.6367782985,678464.5817489524,2020-08-01,2020-07-19
358115.291153103,378224.09729313746,402813.60799847945,447520.60550292867,503035.8607100223,565437.8235297077,628193.9639964402,669034.7837994937,706602.2686311097,2020-08-08,2020-07-19
345304.8865552763,365799.8033665832,390943.35991454986,436872.7630205139,494258.74840510276,559182.7439320305,624877.502532271,667828.982210151,707466.7051833699,2020-08-15,2020-07-19
469326.97437177465,473020.4823007864,477314.9500542249,484577.99817526096,492777.4576750445,501115.6587940137,508740.86966078443,513359.6363767366,517399.6724090361,2020-08-01,2020-07-26
468194.64977862505,472001.04573503445,476427.9991563707,483918.0934080716,492378.31176782836,500986.43799809006,508862.62421316165,513635.3067222492,517811.1326431585,2020-08-08,2020-07-26
465453.544159291,469286.3630912409,473744.54543793626,481288.6837006189,489811.7452061438,498485.7401948091,506423.8692608206,511234.854900829,515444.6641398495,2020-08-15,2020-07-26
464547.09978638374,468375.789213043,472829.202422266,480365.35304934694,488879.513750595,497544.58236388635,505474.65710794536,510280.8139732996,514486.4300625724,2020-08-22,2020-07-26
413898.0270960192,420104.26814743684,427375.2514873739,439806.6532637587,454043.37565103965,468740.9466017255,482375.585051119,490724.3334653297,498082.5553071932,2020-08-08,2020-08-02
372219.263481943,381701.1178065557,392933.2498337375,412444.061694719,435260.23729461594,459338.5910111435,482146.7113051092,496334.6066641033,508978.15550310985,2020-08-15,2020-08-02
354357.59525979793,365120.4748302509,377935.7253009789,400361.040384837,426841.11716481426,455072.59929032536,482074.93260239507,498995.13136646384,514151.07715958875,2020-08-22,2020-08-02
343815.7776998089,355371.0176760418,369176.279781654,393451.39811934164,422299.30375779566,453262.3414397575,483066.52328745124,501832.43169506773,518698.4237530473,2020-08-29,2020-08-02
251660.42224773718,259292.62431173623,268379.7763536858,284280.2321506984,303053.98847302253,323067.55638471944,342208.05001481465,354201.050543534,364943.0415363322,2020-07-11,2020-07-06
250385.31477905327,259288.88806053976,269947.7847424034,288745.07619908574,311169.19326212176,335334.78080380947,358685.16916260583,373430.0669791615,386709.0484952833,2020-07-18,2020-07-06
242909.93201672356,252160.5060890811,263263.8859760767,282918.8790778569,306482.64103880385,332008.98280199635,356796.4094652012,372507.2205594993,386693.1602107295,2020-07-25,2020-07-06
234969.9402936547,244123.90614064978,255121.31555590837,274614.13665566366,298023.6354838342,323428.67846737814,348140.59779155266,363823.80042628647,377997.6587473295,2020-08-01,2020-07-06
322661.4269729411,325188.42860122566,328126.4718012822,333095.1684153277,338704.0391321277,344407.3556220906,349622.58757926157,352781.3908320153,355544.28430033114,2020-07-18,2020-07-13
314970.7482042546,317466.3233247599,320368.1116668429,325276.1819282549,330817.6377793752,336453.49873808096,341607.99867539573,344730.45304390055,347461.8201527565,2020-07-25,2020-07-13
307493.7950133839,309940.4059750911,312785.3616651533,317597.5513987697,323031.1198289809,328557.6476216171,333612.4933163414,336674.73606636364,339353.5286571345,2020-08-01,2020-07-13
299891.6142886667,302282.05674966384,305061.74163321906,309763.63055766205,315072.80978291796,320472.9854366285,325412.40646248544,328404.7903204337,331022.511916414,2020-08-08,2020-07-13
127460.5970034232,142036.67226594107,160922.50053318817,198248.45205801897,249956.96421388158,315152.4428585947,388252.00796661933,439875.7233768378,490178.81155335944,2021-03-27,2021-03-20
78777.20671548632,88458.74272658811,101106.66177779566,126403.88182034584,161999.22715580216,207618.22517742508,259564.9894638363,296677.8499236919,333138.869646137,2021-04-03,2021-03-20
50724.03317766464,58208.39737694707,68217.96717570527,88930.26673740837,119396.20345309465,160299.23131914146,208969.1908041731,244903.7259469115,281039.4305413767,2021-04-10,2021-03-20
28912.301592304626,34558.70382369708,42450.31375534909,59859.969124926094,87694.08043700684,128470.69345530203,181158.89055644942,222527.2042297772,265985.4567143517,2021-04-17,2021-03-20
127548.76591979791,141778.92950240974,160166.72814573935,196366.3931131042,246258.58302657344,308827.23236315756,378626.0131322347,427731.32740591763,475451.7950600007,2021-03-27,2021-03-18
81458.70130242896,90935.30785223011,103237.4298659138,127618.79097156425,161517.4125296978,204420.32361912457,252697.8304687735,286883.8866491921,320258.9058403105,2021-04-03,2021-03-18
53398.56891828907,60929.39129742572,70939.29466677771,91468.2297901105,121314.93070284248,160900.8116283311,207463.47254461615,241547.01200924814,275612.4875547887,2021-04-10,2021-03-18
29307.09809455252,34999.87724425404,42948.75940303016,60460.54552500217,88407.71415935575,129273.12936086959,181982.5306136995,223312.89530923974,266690.4753812913,2021-04-17,2021-03-18
544141.0331373765,579064.4943389895,622119.811610246,701325.2286979243,801208.8052228736,915317.919987675,1031851.964182155,1108573.493699425,1179722.738175855,2020-07-25,2020-07-17
494695.0756978141,533093.6034987026,581078.1655139925,671089.2144656797,787540.8229342516,924199.8446984087,1067361.6470158405,1163436.4841698338,1253743.120270762,2020-08-01,2020-07-17
442225.0362582419,481947.70097534335,532193.6212607239,628112.3491825818,755089.8547420183,907736.7917958035,1071340.7037530015,1183034.3574218892,1289299.8857743796,2020-08-08,2020-07-17
388689.37255905307,428508.2106041586,479505.35118514317,578620.0115241414,712946.5378003705,878456.9417546457,1060035.6482054705,1186191.4268687812,1307709.4503897473,2020-08-15,2020-07-17
386374.6161787085,395998.90898907965,407393.0112214633,427168.3437979676,450267.94568949303,474616.68416919064,497655.1323439956,511974.1956688753,524727.0768472613,2020-08-01,2020-07-23
351297.8407425584,361690.2103648226,374054.07632303465,395663.8791365011,421141.17208696285,448258.9798539406,474155.73857725353,490364.07882835675,504870.4155194495,2020-08-08,2020-07-23
313140.0371704524,323647.4633510467,336200.17902560136,358271.04906307504,384496.7066278185,412642.09819423984,439731.2274969997,456786.2694702643,472113.7505874594,2020-08-15,2020-07-23
274753.05744465743,284980.433857,297245.3230854699,318928.6287322559,344880.31927447143,372943.7369597661,400149.05327429035,417370.52966431127,432906.6825646499,2020-08-22,2020-07-23
384617.1887316672,393088.4101038904,403087.0078832436,420364.97948812705,440431.9908360702,461456.94341148867,481236.8911875516,493477.63395149866,504346.51449537,2020-08-08,2020-07-30
337235.6636678131,346419.6984806207,357319.1438891435,376302.2686961561,398578.95290019276,422174.39253147104,444603.05139514495,458591.651663542,471080.6086378245,2020-08-15,2020-07-30
292066.1776387269,301610.44862926856,313002.11102741765,333005.2940174413,356733.0048427312,382151.3922762408,406573.73308570695,421929.8015784152,435717.81495883176,2020-08-22,2020-07-30
251754.47306234558,261235.09838278327,272609.597507366,292731.7957707191,316835.61178639025,342924.1590642997,368236.50309429684,384269.9756560432,398740.89892018103,2020-08-29,2020-07-30
701282.5555696173,710393.887351418,721045.6850826816,739201.9746029837,759911.6031026957,781201.4366442387,800872.4779538643,812880.931004475,823442.1916584847,2021-10-09,2021-10-01
659296.0848396989,669779.7783294829,682073.8697757863,703122.3949793713,727271.4755459845,752249.9680277592,775464.0993895619,789698.071300447,802255.331565386,2021-10-16,2021-10-01
632328.3643690805,643422.7374683807,656455.6389660245,678824.8083645736,704573.6422216446,731299.1676150729,756218.6808165525,771536.3297024757,785073.1444077984,2021-10-23,2021-10-01
619569.1599468814,631499.4758612376,645539.760008456,669700.5121658833,697606.826356335,726675.9922357865,753873.4471949226,770634.502135189,785473.7059873687,2021-10-30,2021-10-01
483687.3118025404,493295.64962136693,504610.57196939515,524099.43545006565,546636.9682261104,570143.668967763,592163.524963874,605746.2198598126,617779.2299695886,2021-10-30,2021-10-21
457060.3336551334,470667.243663297,486858.6473748645,515166.26849030977,548552.469770015,584102.3189903267,618064.0186084503,639326.0124684736,658359.0610114709,2021-11-06,2021-10-21
440792.4578029416,457998.55634525954,478671.29139583104,515317.721918305,559334.085260933,607110.1489971319,653589.6857786978,683090.840790426,709754.9275095534,2021-11-13,2021-10-21
440481.4736333026,459741.1688605246,482993.8196228042,524501.9646871082,574817.1011499825,629958.93632463,684097.158908799,718697.2195537916,750121.6726529953,2021-11-20,2021-10-21
426668.9995951933,438170.8968343763,451817.1905060673,475574.5296464799,503438.51422318857,532935.0539265737,560957.7123866607,578428.05041215,594020.9807689692,2021-11-13,2021-11-04
395353.13681816525,411426.15590041975,430769.97506096127,465143.4331623382,506560.925485736,551666.3311452338,595686.7611134029,623693.8696018951,649050.044965206,2021-11-20,2021-11-04
383201.04278905067,402173.1537689752,425215.4594705512,466701.7708946383,517559.8305109322,573960.0637148177,629958.7002129125,666051.8626073668,699027.7902400289,2021-11-27,2021-11-04
394244.39135169715,414306.59096514055,438707.3364928402,482728.85800546507,536839.2867049522,597015.1047953698,656921.8150163881,695611.4771877488,731009.5617639057,2021-12-04,2021-11-04
555380.2831344919,570421.5699817599,588269.479748801,619347.4322186747,655806.5190883868,694411.8407630312,731097.235679263,753972.5233261762,774392.2561519474,2021-11-27,2021-11-19
544580.7687906626,565985.6910952776,591710.4409655542,637330.9425965064,692155.2350910757,751695.6065434384,809650.8634902916,846450.4968966333,879720.505973542,2021-12-04,2021-11-19
531353.2302395487,556768.9702190547,587584.122063033,642927.6716392736,710552.6154500786,785290.5413693599,859255.7224832324,906812.4236957848,950187.1647516496,2021-12-11,2021-11-19
510470.4822127693,538084.9178656982,571781.6416975096,632861.9834421877,708408.4874234628,792973.1887575801,877682.2277184774,932645.7003183546,983098.1467884862,2021-12-18,2021-11-19
789871.1520772524,857663.4260114427,943075.8326296236,1105196.9526228497,1318210.824437349,1572280.6451283996,1842566.3319338167,2026062.5846491577,2199953.4646808365,2022-01-01,2021-12-22
813535.7637193033,901055.9853022217,1013709.3549477591,1234247.8403696818,1535984.2925350138,1911486.2264678099,2327341.39760984,2618314.2728062286,2899992.6642786227,2022-01-08,2021-12-22
830485.5065037883,940684.9497834889,1086005.5016736598,1380636.5083789157,1802626.3002810804,2353596.7350888285,2992122.5753067187,3454356.9334376627,3912725.210756261,2022-01-15,2021-12-22
882205.8362737864,1018137.2128000958,1201049.416958555,1582922.3447499839,2151175.320621861,2923425.3186207125,3852926.6112721916,4545119.4611832285,5245437.141515845,2022-01-22,2021-12-22
3780403.2757497625,4054592.492711738,4395486.342082951,5030257.240420522,5843599.588455986,6788451.26961107,7768800.422212424,8421969.954214754,9032807.787796266,2022-01-22,2022-01-14
2425840.3257632316,2703631.2646398703,3063611.818331286,3775232.6784036495,4761339.017178196,6005020.396806258,7399876.544689566,8385148.349556153,9345359.212532159,2022-01-29,2022-01-14
1502480.2580208513,1707830.2779033387,1979654.3943108292,2533799.863502768,3333191.958516997,4384785.393809078,5612175.87486533,6505429.009000854,7394552.156683436,2022-02-05,2022-01-14
970488.5570732987,1104053.9312530053,1281015.9922758203,1642247.480304334,2164240.9952059505,2852151.7868074523,3656425.1450199895,4242491.197883945,4826372.2958830055,2022-02-12,2022-01-14
249277.54290390102,262811.90503093356,279330.6617872141,309282.10677517235,346341.3997806493,387841.2703946594,429427.8488245437,456419.0697065296,481200.0463606236,2022-02-26,2022-02-18
159586.59317393193,175021.12451246384,194677.76895230837,232572.19778484406,283386.1627764457,345302.31049995066,412516.1166852684,458845.8534754709,503223.45791059977,2022-03-05,2022-02-18
89546.08911786458,101637.41058838558,117617.81425215512,150121.9956274991,196872.95191111794,258183.0799156893,329533.06810398557,381345.40195208834,432838.10131764726,2022-03-12,2022-02-18
61789.88064085881,71962.90091381487,85787.29977730976,115064.38171731387,159449.28055813484,220955.19648267666,296361.7357872746,353294.16612812044,411460.1421271401,2022-03-19,2022-02-18
210673.1326292842,229019.58740926508,252163.42344279494,296171.91482418124,354132.1728643893,423435.1387845183,497334.6020823824,547593.318441985,595280.4436545478,2020-07-11,2020-07-03
128467.382728423,148091.31049971096,174464.88864586237,229426.78825827737,311021.7452503775,421635.70676712674,554464.1490297073,653208.6568224371,752988.9997298785,2020-07-18,2020-07-03
80873.2342180908,98195.49454292496,122819.91338171976,178503.8835049411,270434.6875692446,409710.5273267095,595464.6785442219,744788.959830584,904315.5123913062,2020-07-25,2020-07-03
52494.620265846104,66396.10598600631,87051.07555217475,136877.25071155443,226318.74047470174,374205.1511393461,588392.1820053353,771433.3774461194,975722.3126991567,2020-08-01,2020-07-03
221147.31540342284,241988.61110010618,268466.44085952075,319331.60510542244,387224.9514877673,469553.1562095217,558517.3423339113,619629.0080473042,678023.890008221,2020-07-18,2020-07-09
134466.58984231384,155554.59559797024,184004.0249173792,243620.78894082166,332766.55929967086,454532.56870882167,601799.7869223923,711863.1407993338,823502.5750113563,2020-07-25,2020-07-09
85245.42913921516,103541.65360803907,129560.79818222982,188432.33518166095,285697.695934218,433169.67538204556,629999.0012975706,788312.4386935959,957507.9190324827,2020-08-01,2020-07-09
57389.22943481262,72313.86344167673,94398.73092995695,147356.8375539471,241688.6910901207,396407.9602310326,618794.5836284395,807776.2771998473,1017846.4491705106,2020-08-08,2020-07-09
246624.78015168317,269985.64196428406,299678.5195410039,356758.9706989478,433016.58257801825,525574.3406261002,625681.6840750921,694493.8235358092,760277.862882328,2020-07-25,2020-07-16
151671.9854303436,174963.2773080717,206289.35570808873,271644.0333087469,368807.114531649,500724.0029254162,659358.7306639084,777412.7795380852,896795.062998818,2020-08-01,2020-07-16
95902.22583180401,116150.17211360214,144855.1531412825,209508.76256540854,315698.0100897295,475709.1414899628,688033.7455265248,858072.1987836235,1039237.9604349389,2020-08-08,2020-07-16
61748.19421652105,78170.00950974651,102593.33371333836,161593.51809595828,267697.2358648526,443469.5830257743,698503.5722683183,916743.0135817936,1160549.0816200906,2020-08-15,2020-07-16
156756.9141214074,170924.63238561543,188855.4938737451,223112.41960434525,268509.0156903845,323142.4392907934,381757.978167254,421806.3277407793,459929.2599698685,2020-09-05,2020-08-27
97591.77806757901,111247.05580023171,129378.49623616922,166507.0645404267,220380.67935710773,291685.18445719435,375391.9333336841,436574.6444662237,497661.2251112882,2020-09-12,2020-08-27
61848.382232094154,73261.4853820089,89057.6299886909,123412.89834263852,177332.27366036616,254809.1464009504,353105.45862884854,429239.66279937694,508448.79278405366,2020-09-19,2020-08-27
41328.66523647404,50588.15406392258,63866.581819979634,94279.21186414351,145326.6577009608,224013.72498707293,330686.82927266386,417485.8290311491,511021.5226571896,2020-09-26,2020-08-27
114046.91342802116,124989.75656212901,138915.5189377681,165732.6688495152,201641.54415510167,245330.70402777597,292690.9292796043,325301.15625149786,356513.9213952973,2020-09-19,2020-09-10
67618.36504633067,77854.78621932336,91594.37553632176,120174.05686191747,162499.77132775297,219732.74740914552,288294.7290917512,339172.15580277384,390517.8077505874,2020-09-26,2020-09-10
42817.404370446755,51283.504865368646,63142.05593527726,89387.04948585399,131521.74077566038,193517.61128884234,273953.2002947608,337300.82103536534,403993.856026437,2020-10-03,2020-09-10
28746.218070205792,35484.32850873027,45235.496178937334,67868.71070720414,106519.65423033046,167182.146516668,250830.38091295023,319759.0940619763,394710.59148157097,2020-10-10,2020-09-10
125790.44362802382,137608.47801574395,152618.38749589413,181441.17032884742,219892.07997775442,266491.48453632713,316819.7989134433,351377.52799948177,384389.50879231235,2020-09-26,2020-09-17
76405.85086380785,87575.55260424112,102494.73825049691,133308.88519645596,178523.9123789763,239074.74167328564,310950.47253259254,363923.33640328003,417124.9574578463,2020-10-03,2020-09-17
48710.32857421413,58015.63231878458,70970.93160120743,99391.31770219891,144498.30460616303,210076.2975757744,294201.5775047294,359898.86172963283,428651.59495369584,2020-10-10,2020-09-17
32419.153737205255,39832.025748033906,50505.68744336839,75098.11821082812,116695.57391761051,181334.19713301136,269630.16763666645,341882.10908737587,420055.9052944127,2020-10-17,2020-09-17
151459.81063253718,165162.60989012642,182506.6306943881,215646.71840686546,259570.8072072489,312441.5917477635,369175.64966199646,407943.44433673564,444850.7077411371,2020-10-10,2020-10-01
92260.45983719155,105381.89702813211,122842.46480426089,158710.2501300895,210969.16019665523,280435.4886820496,362317.59615863865,422349.45288753323,482416.69977174926,2020-10-17,2020-10-01
56359.0690415937,67262.76141483469,82476.97441465776,115960.29266244064,169325.36812450128,247249.11978239942,347625.2674637695,426254.8799278779,508721.6800784671,2020-10-24,2020-10-01
35857.91864705484,44387.09692027811,56767.69166461619,85631.52902685221,135206.08194225995,213480.76814609583,322026.20994666277,411846.8172633661,509808.8590727106,2020-10-31,2020-10-01
675892.5972417593,692901.7757135119,713044.1926210946,748016.3950512905,788888.2810060671,831993.4215693682,872799.6474117782,898171.633732431,920774.5763874695,2020-11-14,2020-11-04
725549.7089583944,755892.0350073465,792452.9634114136,857533.3683821638,936129.34159164,1021928.9143722898,1105855.091280457,1159343.0061480675,1207826.4705624045,2020-11-21,2020-11-04
668653.7285213333,716346.6377862063,775570.5792046335,885658.1779552378,1026393.0612363693,1189491.3211171294,1358332.4901707044,1470632.5968246914,1575528.0666479587,2020-11-28,2020-11-04
563376.8397942159,623757.8338959891,701447.8841788919,853453.2684000443,1061269.6097835351,1319689.3448677529,1605669.088258103,1805657.7784607108,1999182.6164907608,2020-12-05,2020-11-04
975224.1641134347,1013716.4454389946,1059984.9416032394,1142058.0487269026,1240721.0062615082,1347907.5053098982,1452274.0417899017,1518559.3785172638,1578497.2030281983,2020-12-05,2020-11-26
904383.3052732307,953466.9421078138,1013372.4618400634,1121988.4249655295,1256374.7658235142,1406857.2518888377,1557647.9642360904,1655513.665432989,1745363.4349444378,2020-12-12,2020-11-26
787886.373361251,848283.0926649461,923684.7922264154,1064929.1995181649,1247330.7360977575,1460974.0872145512,1684377.5910438553,1834097.5774094495,1974693.3286544012,2020-12-19,2020-11-26
669140.7850712015,738339.5190557863,827048.5369377497,999694.1882944676,1234095.1044833912,1523456.6177764589,1841476.8407050634,2062724.1094415805,2276039.3042666116,2020-12-26,2020-11-26
793811.6695635272,855167.9723677142,931816.5056165147,1075528.507438949,1261340.4840305008,1479253.9720241749,1707396.0453208147,1860429.609225579,2004228.3045915524,2021-01-16,2021-01-06
734783.6437695724,802154.809803495,887531.0718365456,1050947.30549521,1268033.5753711313,1529961.7210692044,1811665.1904268418,2004487.3241642548,2188275.6399143985,2021-01-23,2021-01-06
669309.9686931963,742323.9635663279,836443.5076604993,1021090.4594576494,1274423.512724233,1590608.6231057737,1941739.3702141037,2187933.260272894,2426611.5338988276,2021-01-30,2021-01-06
589479.5322272708,667435.8725346401,770193.5008903954,978401.5273994444,1276370.494482644,1665084.9304334335,2115210.836370983,2440866.165912166,2763661.0774770197,2021-02-06,2021-01-06
1059003.8375476229,1133589.7955903918,1226125.3258579576,1397910.185911894,1617143.7967264203,1870759.7137829047,2132860.3236058583,2306966.8317971467,2469447.1979882126,2021-01-23,2021-01-14
1087432.1202401211,1170565.8616487342,1274331.8512182175,1468650.8798407335,1719494.0436558991,2013180.8088309912,2320164.6912785317,2525838.0267503094,2718937.312165508,2021-01-30,2021-01-14
1096164.7891156063,1189597.7869673688,1307246.2069066304,1530365.4318948432,1823200.6363831426,2172069.8149801805,2542796.1029420034,2794272.6499028667,3032446.0277453098,2021-02-06,2021-01-14
1075505.6116330822,1180265.617965027,1313773.2306650055,1571403.7969204853,1917312.9876518033,2339366.3040794455,2798115.387659042,3114628.6366932117,3418010.145978125,2021-02-13,2021-01-14
795752.3270273958,856256.4641266094,931745.1491314416,1073025.3887262875,1255258.1041040435,1468439.5397104698,1691098.5899821378,1840188.0440413146,1980104.6813208137,2021-01-30,2021-01-21
735394.2835105653,799552.822561114,880500.8159805665,1034460.1241988561,1237288.7096222916,1479886.2857516112,1738650.6896690754,1914674.43771269,2081717.7741045107,2021-02-06,2021-01-21
647793.0352416616,717470.6978846677,807156.0560513856,982726.1196345148,1222929.4912434956,1521844.7039031452,1852871.6093258974,2084484.4883037757,2308694.998542477,2021-02-13,2021-01-21
562716.5086053937,637027.817122099,734963.218481543,933348.9145992623,1217164.8093748474,1587284.401371585,2015733.7618082624,2325628.698403529,2632746.9525501463,2021-02-20,2021-01-21
437985.59682832204,478289.810768917,529382.2426764121,627223.2906901063,757278.7891078608,914301.4504478982,1083283.7186478982,1199003.5152760907,1309337.9521734645,2021-02-06,2021-01-28
331761.4380257253,374842.234647232,431499.3996881958,545919.4262146374,708961.7174685587,920697.6207480705,1164837.5807687559,1340902.0392512484,1515024.5303584493,2021-02-13,2021-01-28
312423.70386439667,358494.9457976961,420105.4812428777,547577.9762035095,735049.6556896424,986705.1265930716,1286100.8019485865,1507128.629462909,1729375.8112667755,2021-02-20,2021-01-28
305254.1602027164,355075.16302439454,422688.6392869369,565603.9378623659,781725.0919982047,1080427.6253258784,1445731.1189874872,1721027.4981064154,2001919.0534660679,2021-02-27,2021-01-28
439650.0286716711,468696.8442568416,504575.6250613654,570760.7147004536,654526.6768623618,750586.29595648,849040.5589298629,914034.6814234671,974423.1611194046,2021-02-13,2021-02-04
364686.4042049615,396838.6199664774,437441.6945832619,514768.6085907532,616816.3340205909,739093.9998384265,869744.23020434,958733.2753720902,1043259.0453818322,2021-02-20,2021-02-04
333410.51957538904,371820.5358288231,421628.13856936706,520184.57263545017,656928.7470313457,829619.7184198532,1023545.0132443508,1160655.0394377653,1294366.414190458,2021-02-27,2021-02-04
348112.08099989465,393551.2454784038,453348.570241667,574223.1401837256,746673.1909250955,970913.247884581,1229784.0792771573,1416641.0612385115,1601555.603714979,2021-03-06,2021-02-04
297640.5159684143,317994.69186792005,343195.2033512073,389839.20628337207,449135.16025669844,517450.2434015814,587777.422904068,634357.7340674481,677738.349977249,2021-02-20,2021-02-11
212818.0974298155,234914.7310105569,263252.89635713556,318436.9873370593,393417.8349999328,486054.0673693955,587942.6021055401,658867.1226798405,727276.4617542821,2021-02-27,2021-02-11
177964.64946920908,202914.47997515957,236051.36620204762,303932.7092083057,402476.8508551836,532971.9723035293,686238.8389468283,798304.8597327104,910223.5525844267,2021-03-06,2021-02-11
183623.91010609816,212935.68007627028,252583.14511168178,335981.7364207458,461307.0848813619,633380.3403386425,842511.5874919005,999382.6609308347,1158913.490289916,2021-03-13,2021-02-11
176797.0642516032,191729.00993057695,210516.38820367333,246106.7487040093,292749.4149788225,348231.89701927366,407104.7423040834,446996.623001781,484749.1123974683,2021-02-27,2021-02-18
97050.53734408203,111638.66719828252,131199.56698185042,171828.85733254784,231885.43948554722,312932.6347165326,409840.202085757,481650.83294932585,554050.070374847,2021-03-06,2021-02-18
68840.69456687967,82979.76811526086,102921.57451139219,147502.02287069146,220013.45482979636,328171.2302249453,470318.49770997127,583346.0541719742,703158.5112656851,2021-03-13,2021-02-18
76831.89221064726,93372.04610337493,116907.43381715762,170203.95321467554,258354.5745016821,392159.4352262675,570939.6227988133,714850.8461734629,868741.9279346534,2021-03-20,2021-02-18
156672.61041245714,171583.07689511977,190543.41512884546,227015.24478884923,275781.0378817414,335022.350264938,399148.8281224622,443255.72329967737,485440.18418348435,2021-03-06,2021-02-25
118697.01159336673,134320.6155168708,154902.58459003177,196570.1504792851,256134.40933407794,333747.7001719574,423523.18277030723,488419.7067774525,552708.4023788788,2021-03-13,2021-02-25
114894.09215631608,132989.27320406152,157416.35543459986,208650.479628423,285351.93636658543,390249.4148739439,517263.45311042934,612272.8971021477,708702.475993093,2021-03-20,2021-02-25
125962.0702284915,147252.34668735758,176301.96321402682,238186.66165097253,332728.88510708266,464797.2737735803,627948.2597150914,751828.5003610546,878903.552345402,2021-03-27,2021-02-25
230740.89649142863,246723.9310622099,266530.1715348089,303236.9118203361,349978.8347660523,403925.7096008635,459554.66909759294,496446.3084585007,530834.3108944873,2021-03-13,2021-03-04
235075.97106063447,253768.29511441695,277171.3983613405,321191.83695239085,378347.63076903933,445674.24585501995,516456.35355899425,564085.1614028632,608939.0126208289,2021-03-20,2021-03-04
232752.90005646594,256416.75747991222,286700.7726465722,345494.3321625173,425060.9530321562,522951.59999214177,630192.9782914558,704621.7086914032,776260.2044862713,2021-03-27,2021-03-04
243727.5417979238,271565.41228720517,307629.28872410563,378891.922915791,477588.3381379532,601993.8851429811,741446.3742102685,839910.4245431125,935842.6177148392,2021-04-03,2021-03-04
167457.73444607685,180755.0268595151,197401.64291444176,228708.43300252338,269348.5379037169,317210.14358079917,367517.8878947538,401364.4108899701,433235.4973680325,2021-03-20,2021-03-11
140543.11569092493,155193.78095793867,173990.36425561784,210615.1688399606,260416.90491693967,321994.68224461196,389774.25362984557,436982.48697799584,482534.94333836954,2021-03-27,2021-03-11
130643.04153967611,147347.3458053717,169273.9693716334,213433.07057399277,276130.95554671,357246.90839185327,450443.1773779665,517473.21401943703,583638.4679392405,2021-04-03,2021-03-11
129336.03460358256,148263.3020432002,173547.7780536536,225781.33942219007,302446.9339010742,405144.85413301864,527083.3706547418,616970.9332354371,707259.5669608301,2021-04-10,2021-03-11
318976.76508070505,341060.84947962034,368426.59221334994,419140.7777318776,483715.40651236364,558238.6800052596,635080.6359871189,686037.6817052476,733534.9157429107,2021-04-10,2021-04-01
307311.54507662106,334661.1227688538,369227.7360362042,435136.8406891827,522252.3109679816,626808.5135687701,738697.1500013567,814995.9996990166,887527.5943290513,2021-04-17,2021-04-01
276160.01457179216,307516.671207667,348112.6820131285,428255.35926340206,539113.7509317389,678669.0000648098,834912.51959826,945131.3169535979,1052446.4843122014,2021-04-24,2021-04-01
251284.33831061574,284636.56981627934,328619.75953804964,417797.956165464,545532.6922816858,712320.1872013015,905623.930729113,1045564.5897510505,1184339.3040286894,2021-05-01,2021-04-01
251975.7892239087,271871.2923981599,296766.90660976735,343557.0703469314,404245.02844976407,475653.2673343952,550647.7959189408,601071.343667385,648530.7319789318,2021-04-17,2021-04-08
253781.85932077657,276016.4763483251,304079.8847312824,357483.403562659,427886.85734811355,512155.69972370396,602102.1839476173,663319.6869747513,721435.1852463392,2021-04-24,2021-04-08
243373.55499624362,268634.74181155115,301030.2981130832,364112.5931955992,449819.8525969148,555701.4604040773,672151.2786540216,753208.2351889218,831388.1916769188,2021-05-01,2021-04-08
226200.79419000883,254315.11395089404,291092.6898987561,364794.3729679196,468761.511926736,602359.4971492704,754870.7428560487,864035.7690509448,971426.0988812437,2021-05-08,2021-04-08
270978.3932382279,292620.077921914,319725.2752757503,370734.84994461323,437008.9361881478,515130.450608644,597315.3362479295,652644.2466441382,704767.668101129,2021-04-24,2021-04-15
246335.95542227442,269705.33378734667,299413.29989888007,356534.5914740912,432867.4768377545,525542.9823209738,625804.7072964536,694736.9185202025,760645.1611283579,2021-05-01,2021-04-15
202430.4716393671,226980.5455021029,259002.67562711387,322906.0116348624,412558.5976659157,527102.5944866331,657153.8154806957,749864.2499583294,840805.2163771512,2021-05-08,2021-04-15
156250.1658172573,180665.31085166856,213585.77545488454,282518.40765186626,385490.4770631219,525993.7189277575,695752.8308702492,822531.4932115582,951057.601309378,2021-05-15,2021-04-15
175518.65913099554,192876.04392176014,215028.87288721642,257867.61469784213,315544.3864627357,386121.6149411162,463046.0016426179,516229.2724571538,567280.1987043048,2021-05-01,2021-04-22
154547.4466818982,172635.2108346845,196131.87521080408,242745.1532800472,307636.98200822365,389876.01367243135,482535.0932754187,548210.9486329291,612371.8943990367,2021-05-08,2021-04-22
140794.71149644506,160047.20097248693,185533.571982254,237495.3726919886,312462.8629949061,411094.49689192575,526228.4324494754,610026.5431555853,693442.5285813281,2021-05-15,2021-04-22
128432.43052832819,148651.05560455399,175942.88202219032,233180.3132722122,318858.85464926343,436018.66624799714,577863.4976288335,683957.263369244,791630.0327728722,2021-05-22,2021-04-22
113369.70350734689,127541.8521864401,146093.86393840436,183308.97388961926,235874.98004796988,303514.9072741653,380830.54765453865,436225.4840967829,490757.27016455185,2021-05-08,2021-04-29
94282.10069977255,108580.86598949066,127777.97579867308,167724.7373533655,226913.57498141783,306989.7221085996,402962.79690621165,474206.6665394906,546124.5573516558,2021-05-15,2021-04-29
86550.92722019315,101570.54940114554,122149.67822870555,166255.83504683172,234170.60245237692,329828.24956166337,448923.581691618,539879.6341677627,633567.6903079487,2021-05-22,2021-04-29
77619.32615896383,93128.39294073117,114892.96977869718,163193.78541216656,241014.05539995478,355943.5474434547,505581.62968734396,623738.6157549256,748367.4205231968,2021-05-29,2021-04-29
117219.81078124033,128835.55311062385,143663.39299404327,172345.40602025582,210976.4555749128,258266.61606356804,309828.85674152715,345487.4352014773,379723.0562845835,2021-05-15,2021-05-06
94686.24296070945,106206.48912646741,121238.69269640508,151253.29180888218,193391.97940976275,247270.37178988394,308486.15131211386,352148.51754953293,394993.57594688394,2021-05-22,2021-05-06
81757.2668580339,93882.07276676915,110109.23440118048,143721.76456568285,193228.9993273173,259789.78405857694,339094.59441883187,397705.81412058976,456686.57497896045,2021-05-29,2021-05-06
74037.59497238576,86902.87501658223,104533.99584106871,142333.57175567193,200560.96167383707,282608.6555080875,384800.1697810454,462869.6040247105,543300.9994792128,2021-06-05,2021-05-06
76192.16024732727,84817.51557471864,95980.68369863907,118007.9675864485,148458.5067960278,186766.44205367364,229628.78978136246,259851.14148610618,289267.6643969989,2021-05-22,2021-05-13
57145.41055140674,65433.33779604825,76491.31649731158,99294.40724036007,132685.47099437955,177305.39616781435,230162.52065185874,269059.0883178755,308081.3322211217,2021-05-29,2021-05-13
53029.46724089954,62033.394489288345,74327.58708536487,100545.12321675725,140652.00626689172,196757.29895176695,266159.411904238,318908.66249980533,373056.48908431624,2021-06-05,2021-05-13
57076.19956449104,67498.88658187179,81898.93685362363,113137.85159313337,162003.4904225224,231974.80365336183,320457.5287221092,388823.16787917155,459826.1816543274,2021-06-12,2021-05-13
56844.78740310844,63729.864489935644,72709.13414115101,90624.26386185375,115750.99105009231,147844.42221238566,184272.47260390015,210235.6883434835,235699.5696732237,2021-05-29,2021-05-20
38373.56050901777,44428.7192832174,52605.004943363805,69761.18925949417,95458.96502664624,130622.9739011841,173223.32758582916,205101.8834432306,237465.9500730211,2021-06-05,2021-05-20
29969.333434808043,35861.517239216024,44106.42266356706,62326.96361396158,91523.01882321028,134395.4925575314,189914.8121444195,233578.04185021197,279501.14381872816,2021-06-12,2021-05-20
29180.271081309806,35457.87566128757,44389.27609404406,64610.85442030162,98048.46200460108,148790.80284143414,216572.59922645133,271124.5589922237,329452.07653074973,2021-06-19,2021-05-20
42966.16373680416,48456.472995969794,55662.68285327229,70174.0119248867,90774.47241151807,117422.45619944665,148034.63324450675,170049.6204557601,191778.92846251925,2021-06-05,2021-05-27
30351.180111056765,35225.67324931735,41824.95566596737,55724.86536840136,76648.50991407225,105428.59158488037,140466.23549270292,166781.59791201388,193567.23694270468,2021-06-12,2021-05-27
26413.6350953498,31422.320778079138,38386.74212918453,53636.34700367135,77781.00076380222,112794.4839234576,157603.47829098575,192534.60374700022,229043.9789138944,2021-06-19,2021-05-27
26900.540871111567,32521.327510133502,40474.22577387885,58335.98968835149,87564.53721254383,131437.69769244228,189442.73869706574,235769.83980305836,285033.234609834,2021-06-26,2021-05-27
20842.27373491243,24664.824753641948,29949.917376104775,41427.30026448038,59405.51507935214,85185.73982164364,117830.54949790018,143078.86867600982,169320.0687567863,2021-06-12,2021-06-03
15021.848004492595,18273.625472766067,22905.571557473955,33410.99105388275,50821.53039598524,77304.73925854696,112759.81240237986,141341.84569117628,171938.0964990195,2021-06-19,2021-06-03
13277.446237136472,16549.83515125286,21335.6348858468,32616.091467478396,52267.51694110441,83759.06505881049,128043.68568384455,165070.72742545258,205754.4258434007,2021-06-26,2021-06-03
14260.879377733838,17942.264987124574,23380.870477108885,36390.909680081095,59492.98710293705,97260.97933648432,151380.82724060724,197266.9290621963,248190.55127529398,2021-07-03,2021-06-03
350868.6571064123,356467.21056784404,363032.94386801554,374274.9726819541,387174.428603408,400518.4666508779,412921.30837270425,420526.86395918933,427236.9022660015,2021-07-31,2021-07-22
447883.00014030264,463237.7678781324,481595.28874283226,513907.644476935,552357.798327647,593684.7615565271,633517.6952619358,658623.1920831428,681202.7633953311,2021-08-07,2021-07-22
536023.1329597353,566841.9540960664,604579.5998201903,673327.0496508843,758916.1347081929,855384.7640890889,952651.561004903,1016074.5783873528,1074494.1106183343,2021-08-14,2021-07-22
606605.4394489134,658952.5081078649,724935.9610270421,850263.0468436611,1015077.3793800776,1211839.194886925,1421342.217137839,1563666.6883441939,1698603.4399315696,2021-08-21,2021-07-22
99001.66443420963,112200.38917343106,129615.9911797941,164955.86164055884,215629.03512950506,281868.6182379897,358720.25023814803,414400.35220387176,469647.4655916477,2020-07-18,2020-07-07
94063.1295048074,102082.27537410382,112179.94290977043,131330.53733101796,156465.72019073705,186411.49341451688,218234.3916371683,239821.4724846981,260266.92630458155,2020-07-25,2020-07-07
118751.46546835134,121618.40943412275,125009.81989047889,130889.07048939391,137746.1800575032,144962.5247508468,151780.15724730442,156012.64815678893,159779.16605577292,2020-08-01,2020-07-07
130596.11696019192,131089.22780167163,131660.06428038972,132619.45940895093,133693.61817678626,134776.47715395482,135758.58130476836,136349.75078381223,136864.58646123935,2020-08-08,2020-07-07
437573.8829069119,440973.63370186527,444926.12462733075,451609.77731646,459153.614484744,466823.4663721063,473836.05957278644,478083.0997186967,481797.5887725788,2020-08-08,2020-08-01
656324.5762824431,660161.9222675387,664613.9898681348,672120.3006304457,680559.8241529935,689105.319117292,696888.2408615092,701587.987171807,705689.9756437525,2020-08-15,2020-08-01
3234984.165895419,3239478.6106833196,3244668.167954822,3253358.2491153274,3263040.858520553,3272752.285202487,3281517.5830710093,3286774.4856412653,3291340.884021736,2020-08-22,2020-08-01
16184746.329809004,16189485.380085142,16194950.923769841,16204087.725454891,16214245.420985606,16224409.48397003,16233562.905466016,16239043.329650916,16243798.27861381,2020-08-29,2020-08-01
213378.9284627166,234441.1834607583,261317.6026792846,313277.19610779744,383210.13979627955,468754.23129155434,561959.8899463092,626383.1681572467,688212.3380254155,2020-08-01,2020-07-21
90213.593112776,112929.07481523817,146303.92687734854,225504.57550194953,364691.1343148095,589786.8065505067,909063.9348273984,1177727.026148238,1474274.761249777,2020-08-08,2020-07-21
42322.28690915436,59555.00538687637,88298.90690469863,170510.35304325487,354233.98216515424,735918.4464813746,1421101.5574180975,2106988.5445469883,2964908.6399780754,2020-08-15,2020-07-21
26863.6768458117,40453.388449203,64853.699447375875,142707.59792632193,342770.29187671567,823302.1556000693,1811638.7190615817,2904366.667350545,4373618.4613748,2020-08-22,2020-07-21
390547.33283987874,396066.21049795987,402525.98332364426,413555.9455474816,426165.8538587076,439160.2561890125,451194.0657731279,458552.96458332136,465032.8391042501,2020-08-01,2020-07-22
364127.10153054877,370313.074436435,377575.64512177487,390030.31784377736,404350.75814390683,419196.9909299212,433024.5812301287,441517.0484066105,449017.7603488141,2020-08-08,2020-07-22
330648.06704991905,337158.8990386132,344824.7461991369,358024.95921028295,373284.8108771463,389195.07270929066,404093.82321742334,413281.54300215805,421419.52098740084,2020-08-15,2020-07-22
294712.27079448313,301224.5208308348,308911.5236795661,322196.4110259298,337627.9768266324,353798.63597199135,369013.9149819791,378430.84760042606,386793.02503674,2020-08-22,2020-07-22
417425.05596145603,423301.18937948253,430178.7306567278,441921.0608506109,455343.9223536362,469174.4883697313,481981.262318255,489812.20187056705,496707.33623508055,2020-08-01,2020-07-24
390282.0572330377,396851.0025356333,404561.9135940104,417782.29646181985,432978.3726557223,448727.17866524064,463390.80592675216,472394.6014745536,480345.6057311364,2020-08-08,2020-07-24
355797.87210134364,362817.39014888875,371082.4939615622,385315.41247976635,401770.3454555476,418927.9879790599,434996.0267977243,444905.3845551027,453682.90016499086,2020-08-15,2020-07-24
318142.91975651734,325248.9765917814,333639.0170088909,348144.15028905,365001.1605959173,382674.38107391604,399311.3528230314,409611.88758351665,418761.00005094457,2020-08-22,2020-07-24
335367.6080570499,340513.8960221643,346545.3235504419,356862.91807212203,368687.1662153386,380903.1974132578,392243.7190589046,399191.4224935153,405317.1005971854,2020-08-08,2020-07-28
301387.84836569347,306864.8760046899,313303.18153156026,324364.1576824344,337112.2699370864,350361.40661816817,362730.7006159052,370341.1221960708,377071.2162364374,2020-08-15,2020-07-28
269426.9825426236,275060.7944733591,281702.58157238783,293160.53013179766,306438.5194407697,320317.9028051076,333346.4878912398,341395.6771878155,348534.3795593865,2020-08-22,2020-07-28
240053.53617246982,245581.1013073345,252112.18127383437,263415.223744987,276569.0106483316,290379.6392764587,303398.3414229242,311467.03571164625,318638.9955782253,2020-08-29,2020-07-28
336873.5491372888,342310.72644108895,348688.4476344121,359611.60600686754,372149.79518393526,385125.13985102053,397189.72909780114,404589.9218389809,411120.0490810954,2020-08-08,2020-07-29
300472.6974452637,306250.2908473019,313049.4987087643,324749.2006919912,338261.9277091567,352336.9156681547,365504.9192203398,373619.6671714044,380803.7559164873,2020-08-15,2020-07-29
266368.2754001954,272174.3501708559,279025.624754407,290860.82161483326,304600.23914426443,318988.6667156806,332518.94254661165,340889.2337889303,348319.65461107244,2020-08-22,2020-07-29
234720.14170249662,240288.12074421253,246871.76847387775,258277.75041784288,271569.700953364,285545.7055692421,298738.5027126068,306923.63087897626,314204.4050458031,2020-08-29,2020-07-29
403546.8650947103,408899.4604485503,415158.8327389371,425832.51978123933,438013.8983887449,450543.73790021247,462127.166886872,469201.3410123979,475424.7691570547,2020-08-08,2020-07-31
366952.76480189647,372799.5541276125,379656.2408508444,391396.03966555005,404866.03446212667,418799.6025743016,431749.7994863354,439690.723999573,446696.47318117385,2020-08-15,2020-07-31
329458.7019867314,335409.42787265853,342403.75281127874,354417.9538804496,368261.6276505196,382646.0395557598,396072.25471783074,404331.58739741246,411634.6770687871,2020-08-22,2020-07-31
291932.1691055318,297646.45851622673,304373.6251602088,315955.4231503654,329341.20893250406,343294.0976914447,356356.8684508449,364410.96071435395,371543.95225938107,2020-08-29,2020-07-31
5103878.536895958,5199610.718917113,5312214.463687283,5505838.419842655,5729256.491140895,5961740.508581459,6179038.923533259,6312853.349166913,6431261.971458079,2022-01-29,2022-01-19
3535365.8376979646,3747696.5262525184,4008375.0254001156,4485045.326100276,5081424.770823469,5757105.184930087,6441732.008087468,6889799.513024536,7303594.277629688,2022-02-05,2022-01-19
2251813.8055970576,2469792.8089065393,2747423.3630841956,3282709.730311709,4000608.523131012,4875505.259439664,5825410.371913629,6480247.451378072,7107545.266650003,2022-02-12,2022-01-19
1376150.6747431725,1554806.6179781863,1789756.5842215472,2264220.8175596073,2940267.595430851,3818167.144165093,4830362.748183954,5560288.612600956,6282141.695242887,2022-02-19,2022-01-19
4522542.549227197,4591359.06801514,4672000.709783176,4809922.42612188,4967943.702485043,5131156.481240808,5282632.894164563,5375415.920526173,5457210.045547972,2022-01-29,2022-01-20
3177571.035768621,3348080.86024879,3556054.0789400516,3932795.108511644,4398370.596954967,4919062.238022186,5440205.204619478,5778135.211083417,6088192.424462504,2022-02-05,2022-01-20
1975540.0058437851,2164454.266875214,2404788.2125388766,2867391.676113269,3486456.764825545,4239176.975457482,5054657.49940809,5615910.189937308,6152940.834931886,2022-02-12,2022-01-20
1279316.5544846,1442205.3251630722,1655908.5361952172,2085975.3437160002,2695997.965587151,3484415.6007625517,4389375.905477652,5039785.184282416,5681475.007081641,2022-02-19,2022-01-20
3589087.712352964,3633068.0413856013,3684443.826926152,3771916.8657381064,3871543.414363523,3973801.3701870064,4068144.098102975,4125672.36246559,4176227.947205852,2022-01-29,2022-01-21
2197074.7977107065,2303998.742658711,2433749.262331951,2667066.762315291,2952622.819329725,3268752.6373199974,3582119.8379628,3783848.207819096,3967994.864039457,2022-02-05,2022-01-21
1220730.5330094243,1335916.228854198,1482270.7110930425,1763471.1517656487,2138890.744982927,2594232.18485492,3086381.9845701964,3424506.357630992,3747635.9403376216,2022-02-12,2022-01-21
705173.052046897,793785.3187430298,909855.5528875836,1142902.0140740126,1472467.7551306486,1897066.6454342995,2382973.0807472216,2731420.2451272397,3074651.36905898,2022-02-19,2022-01-21
4757987.062055272,4805425.742411476,4860706.814145588,4954501.841168783,5060839.073248929,5169458.594707295,5269211.475744018,5329827.885857691,5382968.005436236,2022-01-29,2022-01-22
3711647.6702156668,3873289.506338569,4068408.1052138414,4416622.908352566,4838576.645650843,5300842.847951118,5754541.666022761,6044429.138985024,6307663.344155025,2022-02-05,2022-01-22
2603156.963836491,2836543.3695096476,3131708.567482979,3695038.2703459044,4440539.426365024,5336450.925380083,6296368.251452692,6951556.111941601,7574798.858091742,2022-02-12,2022-01-22
1796469.9601567786,2019323.5245828393,2310781.3142129397,2894664.575494421,3717961.7901975424,4775420.264715073,5982063.204486816,6845480.531023167,7694667.976614844,2022-02-19,2022-01-22
3761130.4648478357,4072007.6605955632,4462452.067415594,5200188.646826075,6163748.525841391,7305849.550861993,8513659.153276836,9329991.261424914,10101164.063541451,2022-02-05,2022-01-25
2369298.003342032,2692666.5817462998,3120635.4405730693,3992870.725587842,5250696.5458812835,6904760.036494979,8834679.584317852,10238851.851850715,11636279.68201586,2022-02-12,2022-01-25
1325907.3976798547,1506871.27879859,1746371.7258493467,2234493.206561893,2938399.6104214047,3864049.4610452084,4944074.702266169,5729880.4430120895,6511911.982415397,2022-02-19,2022-01-25
492668.74680115405,559909.587081869,648900.8729322742,830272.3387334121,1091822.9952865294,1435766.792923601,1837071.7358564348,2129053.476739531,2419632.7872967008,2022-02-26,2022-01-25
1244007.5005798524,1333407.7584147912,1444483.0267090467,1651114.8218150781,1915541.304304317,2222315.759034982,2540215.717768325,2751820.2630364876,2949579.0714972084,2022-02-05,2022-01-26
368534.82460985216,418833.5364560393,485402.41494504013,621075.2064609535,816725.1218113856,1074008.2966743885,1374199.8475086873,1592613.4526904935,1809977.9995119364,2022-02-12,2022-01-26
141956.64353335972,161331.30445974204,186973.1037045499,239233.17852911266,314595.9645243993,413699.3936357085,529330.7910822722,613461.9764370268,697189.0742949207,2022-02-19,2022-01-26
48664.457972676355,55306.29844371841,64096.57596623744,82011.86307533555,107846.96856545936,141820.56342355066,181460.06168700394,210300.97757482808,239003.3530279865,2022-02-26,2022-01-26
1573405.3470512433,1669567.5231668486,1787752.9346008345,2004198.648352516,2275552.847754723,2583646.469965013,2896452.1118690227,3101486.277777308,3291040.5272418237,2022-02-05,2022-01-27
518780.5293692173,583936.1658078309,669275.9052541655,840605.6905922791,1082864.7582154893,1394941.882630958,1752036.903434889,2008089.5023223865,2260293.1648395592,2022-02-12,2022-01-27
191808.01316244988,217986.5530003223,252633.09068807846,323245.5643767535,425073.84561638214,558979.9030204238,715218.1598023191,828894.1301201854,942024.1169698585,2022-02-19,2022-01-27
60889.22465742862,69199.56082411489,80198.04782504014,102613.85758718455,134939.0628286617,177447.2873861783,227044.8118238643,263131.014998178,299043.8912553311,2022-02-26,2022-01-27
1829284.6047137652,1930825.6231379374,2054910.8087750846,2280301.1793253412,2559834.2399559254,2873634.147744226,3188825.183102118,3393756.151527208,3582138.7875704896,2022-02-05,2022-01-28
700340.074144626,782718.0392403573,889790.8985741568,1102379.603369121,1398649.616266612,1774543.6718024248,2198517.3732586857,2499266.2121104165,2793244.0557139455,2022-02-12,2022-01-28
276102.28978812386,313785.49051773804,363658.0996306513,465302.5110633143,611881.0109795812,804634.3243276619,1029533.9825447347,1193166.6151282089,1356013.280022781,2022-02-19,2022-01-28
94801.86545018812,107740.68425872666,124864.83069674995,159765.2258500149,210094.08718992592,276277.4266886193,353498.4609026269,409682.98814746964,465597.6468665638,2022-02-26,2022-01-28
1534917.225669246,1607962.2179449296,1696502.9981231375,1855463.7389331018,2049607.9436590965,2264066.1924905083,2476207.072641764,2612556.8597497633,2736885.5156855904,2022-02-05,2022-01-29
316630.62089688855,366828.53316663095,434657.7953731256,577126.2309282967,790805.6882837175,1083599.3983776865,1438772.3935447684,1704811.8673413265,1975088.9375463729,2022-02-12,2022-01-29
47269.63359077951,60040.22185103324,79101.78378057269,125392.98247699482,209210.92797260586,349056.31494321453,553327.7543345179,728998.1787834719,925947.7820808952,2022-02-19,2022-01-29
5864.249294160111,8086.424756585964,11712.294653965217,21750.763463637468,43268.01266575167,86071.50379679428,159842.36866939111,231514.0468621688,319243.06524758245,2022-02-26,2022-01-29
585417.3463478914,636421.6700056669,700765.5626854845,823123.7992852769,984284.6168130377,1176999.3866487849,1382511.1542040908,1522286.641946308,1654915.4426986477,2022-02-12,2022-02-02
80886.45994296276,98999.2587295236,124970.96465214549,184447.06660780823,284257.9432776025,438080.03999447747,646570.8137992313,816193.7710783653,998962.9707294737,2022-02-19,2022-02-02
10029.521910198495,13280.628048878409,18357.171222833218,31529.763570081774,57508.00273183246,104890.427448133,180156.86284447188,249022.13705802467,329743.5718088975,2022-02-26,2022-02-02
1342.0100733094166,1947.7166142531394,2992.5141357855273,6133.1979376617965,13612.992745118016,30214.836266850398,61925.712985810635,95144.01126043426,138086.5726452035,2022-03-05,2022-02-02
348882.0670839594,373313.41330736654,403612.01562467735,459826.09460268234,531512.0668410519,614373.7393628091,699942.1876982745,756750.4063001536,809743.7611479788,2022-02-12,2022-02-03
21203.464274039918,25448.28193899552,31407.295344213908,44638.466103316496,65969.98872445895,97495.27240099091,138567.78702553918,171015.05801994505,205251.33799166873,2022-02-19,2022-02-03
1484.4940611746206,1945.7244246522864,2657.997755756688,4476.354984288112,7987.997570822246,14254.478345758296,24006.07940818106,32794.00946147089,42983.06531517768,2022-02-26,2022-02-03
174.7928935116437,251.75922095139634,383.425929280942,774.388044486748,1691.000470049742,3692.570682187724,7457.718352723251,11358.00539460871,16359.261136196961,2022-03-05,2022-02-03
496282.76554421504,523329.13280328515,556346.2292717703,616230.0180881727,690354.117336156,773394.338694469,856640.6713078908,910686.5592788018,960317.06198857,2022-02-12,2022-02-04
40396.353730355055,47724.310224942245,57837.47618649631,79741.33431636012,113932.97073313451,162785.36008161702,224434.44416940137,271993.9116750846,321333.9972890467,2022-02-19,2022-02-04
3152.325780683934,4068.3050484027317,5459.319858279769,8924.039129143723,15405.997786064256,26596.11464601348,43475.15330581932,58339.96343941838,75291.95403551275,2022-02-26,2022-02-04
384.9414875306193,543.79695396812,809.8892704443879,1575.732419374268,3301.0004893951177,6915.263084651079,13454.437080031716,20038.001595032118,28307.17026862441,2022-03-05,2022-02-04
480238.5723158924,502211.9684575651,528796.5658611276,576395.6086955931,634322.8769857428,698071.7864559022,760907.9525927537,801186.6254467173,837845.0534015017,2022-02-12,2022-02-05
31678.040831418224,36695.72972923919,43474.92153148825,57711.196287986066,79057.96648629694,108300.68456317144,143764.76931468523,170323.9616997809,197302.67090095894,2022-02-19,2022-02-05
1666.598807007612,2115.5513462839367,2785.217357395245,4409.919018817511,7347.998581245006,12243.55434183381,19385.59050216222,25521.991345102506,32397.168966491394,2022-02-26,2022-02-05
186.37209056906525,259.02311816703934,378.5816350112995,713.7863399952469,1444.0002948249469,2921.2338967826404,5507.760172762471,8050.0028963046625,11188.031668732225,2022-03-05,2022-02-05
82744.42660251656,90022.77486696762,99212.3149021192,116708.36059709641,139789.0050752046,167434.1567299998,196961.09257398426,217066.9141091518,236160.50944174724,2022-02-19,2022-02-09
2011.1883542091757,2462.3965772259658,3109.618604799896,4592.583633810548,7082.998679546355,10923.888228210533,16133.448075277314,20374.000986865223,24944.889020194438,2022-02-26,2022-02-09
148.00711914804313,196.54965751804684,272.5850980723866,470.79051958581505,863.9998744881626,1585.6219529915375,2738.5788452651377,3798.0009354481735,5043.647815135723,2022-03-05,2022-02-09
27.782859567583156,40.32654531177007,61.96583176312003,127.02464140247001,281.9999075206175,626.0513469167762,1283.3515758432343,1972.0000120721018,2862.3384734098704,2022-03-12,2022-02-09
182670.15811060558,195852.69988040696,212236.29832950514,242727.7829166374,281770.0500329329,327092.18591111497,374084.742904339,405377.9250632841,434632.35548024613,2022-02-19,2022-02-10
10255.668447882084,12372.535870336551,15360.91013179322,22050.42810265073,32950.00689258239,49237.27327047732,70679.59807759665,87751.04518583168,105863.69476925093,2022-02-26,2022-02-10
936.3931073163615,1230.492029165386,1685.9347243146308,2853.408687731734,5119.9989457691845,9187.043313278835,15548.875544593982,21303.98944758557,27995.068523951657,2022-03-05,2022-02-10
166.13320050880682,239.37672600532483,364.7261942140276,737.1567133073255,1611.0005549867092,3520.720548719303,7115.811338311788,10842.00135693121,15621.939384896785,2022-03-12,2022-02-10
251380.85111070718,265761.0378687371,283364.36113152636,315419.0370845054,355304.07713058084,400232.6187806855,445507.6380159809,475016.91082334577,502190.1495990149,2022-02-19,2022-02-11
18207.279408521314,21556.88820779033,26190.486153884867,36260.63615297966,52050.023798238086,74714.76688846029,103442.33251261323,125676.99712883813,148797.90201545416,2022-02-26,2022-02-11
1643.481862890056,2125.256308370486,2858.4622487431448,4690.507704226026,8132.003605232043,14098.576701180127,23134.63564704548,31116.003455701244,40237.4277007344,2022-03-05,2022-02-11
286.49487860902707,404.9146989181302,603.3764307933085,1175.0041105831604,2463.998905327274,5167.037758226047,10062.193840537622,14993.999036526831,21191.62002103134,2022-03-12,2022-02-11
22096.407652599984,24436.06203357349,27442.617066478182,33314.4158231718,41323.00858700767,51256.820703252335,62224.05955471985,69879.96004985564,77279.12453140251,2022-02-26,2022-02-15
156.46632492294592,194.93047310841737,251.15260260349217,383.5656306312224,613.9997035101181,982.8712632310215,1501.0620316194604,1934.000517717071,2409.4362547095657,2022-03-05,2022-02-15
19.036353719435656,25.662091553357115,36.21073954110763,64.37557311363446,122.00006339034968,231.20594889270154,411.0387044250371,580.0000922100287,781.8732351066327,2022-03-12,2022-02-15
3.7179460691541086,5.531426547533275,8.744960973210679,18.799473514657347,44.00000003700326,102.9816075299582,221.38463615641408,350.00012865029174,520.7176132322855,2022-03-19,2022-02-15
60628.67002826504,66017.41273440533,72827.36559260626,85809.9511218806,102966.0043785176,123552.08130369755,145577.11886743386,160593.9648124322,174867.73258813462,2022-02-26,2022-02-16
2350.3182380165063,2902.2413856554354,3701.2666472016053,5556.886001390291,8728.001604123347,13708.759183204505,20581.606045372377,26247.99314698484,32411.786101727343,2022-03-05,2022-02-16
302.8301444452294,404.6768068537674,565.2929520530997,988.1852091843923,1837.999667679819,3418.633214698071,5976.09215915679,8348.001963976827,11155.569682733882,2022-03-12,2022-02-16
66.4230215481118,96.92920094419075,149.8624866212574,310.38579663563667,697.0001800514121,1565.178742898454,3241.70018758244,5012.000988963237,7313.868590573184,2022-03-19,2022-02-16
141614.62154491164,152049.61183023045,165038.31181819417,189264.82347181265,220374.93831587918,256598.73053462777,294265.6944481277,319403.0741226256,342938.5532928576,2022-02-26,2022-02-17
13239.053129462134,15924.865128109608,19704.387761346676,28125.805695325693,41764.99019902919,62018.291145874515,88524.1615954573,109534.01440405578,131755.2236755674,2022-03-05,2022-02-17
2033.754299269575,2679.1065423321693,3681.176322219524,6259.980011251881,11292.005891590448,20368.978307682144,34638.22047481633,47594.00010449605,62696.55931471589,2022-03-12,2022-02-17
457.4581954167467,659.7110967428456,1006.1745926339365,2037.0059101593667,4460.000149442424,9765.11714267447,19769.53252313274,30151.988394974866,43482.883315501844,2022-03-19,2022-02-17
143548.71375652327,151756.51640734772,161803.7177220554,180098.3908906683,202860.93131519857,228500.41719168972,254336.2911151468,271174.89534095017,286680.0849492085,2022-03-12,2022-03-02
88906.52249801073,97186.11563961057,107693.36588427995,127846.27347549808,154689.91742677533,187169.87130711004,222195.40040391195,246217.99519426134,269147.52575142024,2022-03-19,2022-03-02
119995.91083746143,125686.30101904982,132582.664888919,144960.91444418335,160073.97653755822,176762.66780458976,193265.6730502052,203870.09369193745,213537.92629862935,2022-03-26,2022-03-02
170830.31652766687,172261.3368601422,173926.09560036336,176743.81383162114,179928.0713612633,183169.69721285842,186137.16792775647,187936.02472775523,189510.33705156605,2022-04-02,2022-03-02
64874.40977129265,68128.24638999275,72082.77043218697,79209.45284358806,87957.01548159968,97670.62256707186,107327.12583111027,113556.96032661656,119252.51574086442,2022-03-19,2022-03-09
29489.63218816521,31578.764805278985,34171.73758323101,38988.26818790184,45140.00558838027,52262.39069401089,59628.81166215313,64525.00967290446,69096.15187865043,2022-03-26,2022-03-09
29440.794750348115,30855.338549268326,32570.772367999696,35652.644847551455,39419.99541492385,43585.43511027452,47709.52377043832,50361.98309836615,52781.728607861136,2022-04-02,2022-03-09
40975.839670589165,41320.62276845693,41721.73770341409,42400.69107865928,43168.02320578085,43949.24186584173,44664.44424586721,45098.018922342184,45477.48728215484,2022-04-09,2022-03-09
105218.65162390095,110681.11141010458,117331.85651536126,129348.68964408801,144148.99371715804,160642.77455646408,177095.4027898541,187736.93293228222,197483.35555508322,2022-03-19,2022-03-11
65854.85114234935,70269.0295497388,75726.74515753848,85808.6087973671,98591.98857527367,113279.77865462318,128361.2571886598,138330.93004858535,147603.10049468777,2022-03-26,2022-03-11
61987.14104716523,65819.0156213449,70531.82261069112,79171.73133153342,90018.00013434945,102350.17236461882,114887.72086487185,123113.97050976074,130724.53756210639,2022-04-02,2022-03-11
70921.30648999465,73683.35616877291,77001.58892220569,82883.0184680482,89946.0226007028,97610.91151385833,105066.49401559382,109798.02498620184,114074.13909989786,2022-04-09,2022-03-11
121511.89175044715,126530.59028895765,132574.62378614474,143325.05311137572,156294.94333893454,170438.51568879618,184259.31460854516,193060.8974283162,201034.72146980924,2022-03-19,2022-03-12
69372.97587571436,74250.20205608591,80300.39551660564,91530.0473859847,105858.00948280084,122428.8470474083,139549.9748110635,150921.0461568334,161531.4613537236,2022-03-26,2022-03-12
59648.80071001262,63920.31404203199,69226.0974197344,79092.74471363999,91712.99166795464,106346.9585123115,121504.36257711823,131589.9799108516,141013.2767225009,2022-04-02,2022-03-12
76973.53759905163,79777.1489249785,83136.50289846867,89068.46995483783,96156.99515921612,103809.66151925348,111216.70259983744,115899.95183638991,120121.3820548561,2022-04-09,2022-03-12
